ADM_CD,SIGUNGU_NM,SI_NM,ADM_NM,adm_type,area_km2,pop,pop65,pop75,age_na_cells,age_missing_cells,elderly_ratio,old75_ratio,stops,stop_density,stops_per_1k,dist_hosp_km,nearest_hosp,dist_general_km,nearest_general,dist_primary_km,rep_from_stops
31011540,수원시 장안구,수원시,파장동,동,8.63837087038168,24817,4888.0,1998.0,0.0,0.0,0.19696176008381353,0.0805093282830318,67,7.756092092517401,2.6997622597413065,3.3127730174771517,경기도의료원 수원병원,3.3127730174771517,경기도의료원 수원병원,0.7461577033446829,True
31011550,수원시 장안구,수원시,율천동,동,2.996941812191972,44174,5005.0,1880.0,0.0,0.0,0.11330194231901118,0.0425589713406076,66,22.022449595618745,1.4940915470638838,3.2485295504738043,경기도의료원 수원병원,3.2485295504738043,경기도의료원 수원병원,0.2098590959933764,True
31011560,수원시 장안구,수원시,정자1동,동,1.147008189578966,32658,4669.0,1843.0,0.0,0.0,0.14296650131667585,0.05643333945740707,24,20.92400055906289,0.7348888480617306,1.9790114101438745,경기도의료원 수원병원,1.9790114101438745,경기도의료원 수원병원,0.05669119632290889,True
31011570,수원시 장안구,수원시,정자2동,동,1.2151905067301267,38494,5759.0,2467.0,0.0,0.0,0.14960773107497272,0.06408790980412532,27,22.21873842040822,0.7014080116381773,0.24897540570937238,경기도의료원 수원병원,0.24897540570937238,경기도의료원 수원병원,0.3855070499082903,True
31011580,수원시 장안구,수원시,영화동,동,1.2814587330030978,20532,5048.0,1899.0,0.0,0.0,0.2458601207870641,0.09248977206312098,31,24.1911808797397,1.509838301188389,0.5815778759605145,성모척관병원,1.9716340513893986,경기도의료원 수원병원,0.120036808330033,True
31011590,수원시 장안구,수원시,송죽동,동,1.675128498284925,18646,3913.0,1680.0,0.0,0.0,0.2098573420572777,0.09009975329829455,18,10.745444315722192,0.9653544996245843,1.7731895839815768,성모척관병원,1.8392784964720958,경기도의료원 수원병원,0.17704846956580234,True
31011600,수원시 장안구,수원시,조원1동,동,1.6342903934578317,27576,5545.0,2298.0,0.0,0.0,0.20108064984044097,0.08333333333333333,30,18.356590799341358,1.0879025239338556,1.3602762556668642,성모척관병원,2.4528221030413326,경기도의료원 수원병원,0.16362214549672313,True
31011610,수원시 장안구,수원시,연무동,동,11.566072565327493,18465,4217.0,1792.0,0.0,0.0,0.22837801245599784,0.09704847007852695,35,3.0260920292789963,1.8954779312212293,3.167250880506709,다인병원,4.179799730037276,경기도의료원 수원병원,1.2364117798788352,True
31011620,수원시 장안구,수원시,정자3동,동,1.9073392628635473,38547,3845.0,1505.0,0.0,1.0,0.09974835914597764,0.03904324590759333,49,25.690238204625846,1.2711754481542015,1.5992116340501963,경기도의료원 수원병원,1.5992116340501963,경기도의료원 수원병원,0.24608755632097007,True
31011630,수원시 장안구,수원시,조원2동,동,1.2556131558860937,16903,3174.0,1446.0,0.0,0.0,0.18777731763592262,0.08554694432940899,10,7.964236399660005,0.5916109566349169,2.096443585952887,성모척관병원,2.6723907638941,경기도의료원 수원병원,0.36513575339003307,True
31012520,수원시 권선구,수원시,세류1동,동,0.7863278870168506,11383,1970.0,723.0,0.0,1.0,0.1730650970745849,0.0635157691294035,18,22.89121408155561,1.5813054555038215,1.7624132820523886,의료법인 장산의료재단이춘택병원,2.284273619106077,의료법인 토마스의료재단 윌스기념병원,0.16488477919280972,True
31012530,수원시 권선구,수원시,세류2동,동,4.152129595209017,26053,5071.0,1856.0,0.0,0.0,0.1946416919356696,0.07123939661459333,28,6.743527473783122,1.0747322765132614,1.600481659424432,수원중앙병원,2.4107650799162874,의료법인 토마스의료재단 윌스기념병원,0.27694500526580274,True
31012540,수원시 권선구,수원시,세류3동,동,0.8772021709751284,19224,4044.0,1512.0,0.0,0.0,0.2103620474406991,0.07865168539325842,16,18.23980893961291,0.8322929671244278,0.7778103443839615,수원중앙병원,1.1842232733025013,의료법인 토마스의료재단 윌스기념병원,0.4104484774656542,True
31012550,수원시 권선구,수원시,평동,동,10.857218237263394,41174,7080.0,2786.0,0.0,0.0,0.17195317433331714,0.06766405984359061,120,11.05255484209982,2.9144605819206295,0.7561479206430349,수여성병원,1.8095045067016295,의료법인 덕산의료재단 수원덕산병원,0.5427663012575918,True
31012560,수원시 권선구,수원시,서둔동,동,5.441480280948734,38028,6817.0,2496.0,0.0,0.0,0.1792626485747344,0.06563584727043231,85,15.620749430553861,2.235195119385716,1.6472920490895664,의료법인 덕산의료재단 수원덕산병원,1.6472920490895664,의료법인 덕산의료재단 수원덕산병원,0.3617648016201822,True
31012570,수원시 권선구,수원시,구운동,동,1.9410001946115594,23047,4299.0,1532.0,0.0,1.0,0.18653186965765609,0.06647285980821799,46,23.69912178664449,1.9959213780535427,2.3223695927241264,제이에스병원,3.081033083647323,경기도의료원 수원병원,0.24418787071150289,True
31012600,수원시 권선구,수원시,권선1동,동,1.2192420325165394,24573,3544.0,1158.0,0.0,0.0,0.14422333455418548,0.04712489317543646,23,18.864179044522892,0.9359866520164408,0.18519405595212632,수원중앙병원,0.9181979396699194,의료법인 토마스의료재단 윌스기념병원,0.0905466119792166,True
31012610,수원시 권선구,수원시,곡선동,동,3.5960287027426907,34808,3280.0,1031.0,0.0,0.0,0.09423121121581246,0.029619627671799587,24,6.6740290425644275,0.689496667432774,2.600682794938486,매듭병원,3.608100823891703,의료법인 토마스의료재단 윌스기념병원,0.2563747469696853,True
31012620,수원시 권선구,수원시,입북동,동,6.948309511607143,19349,2531.0,854.0,0.0,0.0,0.13080779368442813,0.04413664788877978,57,8.203434217313083,2.9458886764173857,2.650341634326516,세인트마리여성병원,5.138533994964297,의료법인 명인의료재단 화홍병원,0.5146163935707364,True
31012640,수원시 권선구,수원시,권선2동,동,2.4575432485412723,44992,5370.0,1636.0,0.0,0.0,0.11935455192034139,0.036362019914651496,42,17.090238401676146,0.9334992887624467,1.685459634515822,수원중앙병원,2.4424422164111315,의료법인 토마스의료재단 윌스기념병원,0.2638527761362803,True
31012650,수원시 권선구,수원시,금곡동,동,4.095864730543369,44247,6159.0,2470.0,0.0,0.0,0.1391958776866228,0.05582299364928696,30,7.32446063862566,0.6780120686148213,0.951053319075849,세인트마리여성병원,2.8771860849312687,의료법인 명인의료재단 화홍병원,0.32456236712367015,True
31012660,수원시 권선구,수원시,호매실동,동,4.748119173567313,43722,4972.0,1763.0,0.0,0.0,0.11371849412195234,0.04032294954485156,54,11.372924315088161,1.2350761630300535,1.1151495172303723,의료법인 명인의료재단 화홍병원,1.1151495172303723,의료법인 명인의료재단 화홍병원,0.44076707039483054,True
31013530,수원시 팔달구,수원시,지동,동,0.7926899864325322,10899,3154.0,1190.0,0.0,0.0,0.2893843471878154,0.10918432883750803,15,18.92290839639197,1.3762730525736306,0.34145245656526835,가톨릭대학교 성빈센트병원,0.34145245656526835,가톨릭대학교 성빈센트병원,0.10493881205999395,True
31013540,수원시 팔달구,수원시,우만1동,동,1.3044180568413704,18624,3995.0,1609.0,0.0,0.0,0.21450816151202748,0.08639390034364261,23,17.63238394268642,1.2349656357388317,0.8641381036026011,다인병원,1.301683929948624,의료법인 녹산의료재단동수원병원,0.03469678377918381,True
31013550,수원시 팔달구,수원시,우만2동,동,0.8063740258836575,16605,2372.0,885.0,0.0,0.0,0.14284853959650706,0.053297199638663056,17,21.082028257756328,1.0237880156579344,0.5900266832631387,의료법인 녹산의료재단동수원병원,0.5900266832631387,의료법인 녹산의료재단동수원병원,0.23216903411767173,True
31013560,수원시 팔달구,수원시,인계동,동,2.7748645840859916,45689,5954.0,2283.0,0.0,0.0,0.1303158309439909,0.049968263695856774,45,16.217007582307833,0.9849197837553897,0.3260661718450826,백성병원,0.7784907052952897,의료법인 토마스의료재단 윌스기념병원,0.1213994721391135,True
31013670,수원시 팔달구,수원시,매교동,동,0.8695663406437512,22467,2555.0,944.0,0.0,1.0,0.11372234833311079,0.04201718075399475,23,26.449965833512834,1.023723683624872,0.6471605253409406,의료법인 장산의료재단이춘택병원,1.0758610955864751,의료법인 토마스의료재단 윌스기념병원,0.07941986992821026,True
31013680,수원시 팔달구,수원시,매산동,동,0.8314717793847706,13786,2518.0,871.0,0.0,0.0,0.18264906426809807,0.0631800377194255,21,25.25641942476808,1.5232844915131294,1.7287832704838892,의료법인 장산의료재단이춘택병원,2.754285677737466,의료법인 토마스의료재단 윌스기념병원,0.06116614848024692,True
31013690,수원시 팔달구,수원시,고등동,동,1.0133028458820188,23527,3860.0,1472.0,0.0,0.0,0.16406681684872698,0.06256641305733837,26,25.658666711202784,1.1051132741105962,1.4977778364252272,의료법인 장산의료재단이춘택병원,2.6972168993968078,경기도의료원 수원병원,0.08059585815470646,True
31013700,수원시 팔달구,수원시,화서1동,동,0.9546415174647392,23248,4758.0,1773.0,0.0,0.0,0.2046627666896077,0.0762646249139711,31,32.47292248751901,1.3334480385409497,1.6532606877741254,경기도의료원 수원병원,1.6532606877741254,경기도의료원 수원병원,0.3396567669918791,True
31013710,수원시 팔달구,수원시,화서2동,동,1.952451510918962,23797,3501.0,1371.0,0.0,0.0,0.1471193847964029,0.057612304071941844,35,17.92618142077522,1.470773626927764,1.3766978928203821,경기도의료원 수원병원,1.3766978928203821,경기도의료원 수원병원,0.4367465675741628,True
31013720,수원시 팔달구,수원시,행궁동,동,1.558000858361026,10175,2733.0,1086.0,0.0,0.0,0.2685995085995086,0.10673218673218673,21,13.478811572730082,2.0638820638820636,0.4285790673847253,의료법인 송설의료재단 수원백병원,1.302712095872135,가톨릭대학교 성빈센트병원,0.276711674834421,True
31014510,수원시 영통구,수원시,매탄1동,동,0.6008660119915137,13052,1797.0,632.0,0.0,1.0,0.1376800490346307,0.04842169782408826,7,11.649851814382313,0.5363162733680662,0.3968940891014334,나누리수원병원,0.8874450956819988,아주대학교병원,0.047832891328644996,True
31014520,수원시 영통구,수원시,매탄2동,동,0.6078679924612709,14032,2395.0,904.0,0.0,0.0,0.1706812998859749,0.06442417331812998,12,19.741128252882234,0.855188141391106,0.8226240433677452,나누리수원병원,1.5104560309706903,아주대학교병원,0.05240739311424837,True
31014530,수원시 영통구,수원시,매탄3동,동,3.1823678901606054,34671,3599.0,1287.0,0.0,0.0,0.10380433215078884,0.03712035995500562,36,11.312331333943662,1.0383317469931643,2.224740805709093,백성병원,2.3465271238477468,의료법인 토마스의료재단 윌스기념병원,0.10354761848722882,True
31014540,수원시 영통구,수원시,매탄4동,동,0.7449932724676349,19546,3026.0,1069.0,0.0,0.0,0.1548142842525325,0.054691496981479584,19,25.503586008322547,0.9720658958354651,1.198403892870262,나누리수원병원,1.9928431367194084,아주대학교병원,0.2624030263983856,True
31014600,수원시 영통구,수원시,원천동,동,3.235831357016412,49560,4902.0,2024.0,0.0,0.0,0.09891041162227603,0.04083938660209847,69,21.323731797821882,1.3922518159806294,0.9936167102087105,나누리수원병원,1.3073167152793306,아주대학교병원,0.4930034107280101,True
31014620,수원시 영통구,수원시,광교1동,동,7.966681150027658,53508,3591.0,1152.0,0.0,0.0,0.06711145996860282,0.02152949091724602,83,10.418391101256995,1.5511699185168573,2.2786786301258677,아주대학교병원,2.2786786301258677,아주대학교병원,0.25172544487721216,True
31014630,수원시 영통구,수원시,광교2동,동,4.142007260497645,27617,3360.0,1150.0,0.0,0.0,0.12166419234529456,0.04164101821341927,42,10.140011197120373,1.520802404316182,1.4455072365225328,광교참좋은병원,2.85688719746182,아주대학교병원,0.3947594354373799,True
31014640,수원시 영통구,수원시,영통1동,동,1.6880333164232564,32136,3256.0,1295.0,0.0,0.0,0.1013193925815285,0.0402974856858352,24,14.217728860265135,0.7468259895444361,0.6975486859507037,베데스다재활병원,4.307188002249848,아주대학교병원,0.16848208731485526,True
31014650,수원시 영통구,수원시,영통2동,동,1.3682876116830232,24991,1715.0,772.0,0.0,0.0,0.06862470489376175,0.030891120803489255,19,13.885969468531249,0.7602736985314713,1.2389943304546536,매듭병원,4.655027937466142,의료법인 토마스의료재단 윌스기념병원,0.0640618587736913,True
31014660,수원시 영통구,수원시,영통3동,동,1.6979755693951522,32009,2668.0,958.0,0.0,0.0,0.08335155737448842,0.029929082445562187,28,16.49022548067289,0.8747539754444063,0.6298955101052166,시온여성병원,4.916240643005919,한림대학교동탄성심병원,0.3266566972758862,True
31014670,수원시 영통구,수원시,망포1동,동,1.0266296973594178,30994,2903.0,1176.0,0.0,0.0,0.09366328966896818,0.037942827644060144,16,15.58497678486548,0.5162289475382332,0.7315315881614497,매듭병원,4.265960533083909,한림대학교동탄성심병원,0.05966376539655984,True
31014680,수원시 영통구,수원시,망포2동,동,1.418998908556442,32634,1910.0,579.0,0.0,0.0,0.05852791567077281,0.017742232027946312,20,14.094443540020864,0.6128577557148985,0.9236069258033229,매듭병원,4.192854784855994,의료법인 토마스의료재단 윌스기념병원,0.29287694014851595,True
31021510,성남시 수정구,성남시,신흥1동,동,0.3225959541537,13354,3091.0,1151.0,0.0,1.0,0.23146622734761121,0.08619140332484648,11,34.098381763210455,0.8237232289950577,0.4785549589696384,성남시의료원,0.4785549589696384,성남시의료원,0.18374300349524603,True
31021520,성남시 수정구,성남시,신흥2동,동,1.1402827803880435,30517,4638.0,1487.0,0.0,0.0,0.15198086312547104,0.04872693908313399,17,14.90858258353671,0.5570665530687814,1.2080114772848372,성남시의료원,1.2080114772848372,성남시의료원,0.3773336298548733,True
31021530,성남시 수정구,성남시,신흥3동,동,0.3211585702616951,11089,2404.0,877.0,0.0,1.0,0.2167914149156822,0.07908738389394895,13,40.47844648644123,1.1723329425556859,1.1161854741820558,성남시의료원,1.1161854741820558,성남시의료원,0.10345654167566888,True
31021540,성남시 수정구,성남시,태평1동,동,1.3410752853435997,16759,3516.0,1438.0,0.0,0.0,0.20979772062772242,0.08580464228175906,25,18.641757307155725,1.4917357837579808,0.5771109080760417,순천의료재단 성남정병원,0.5771109080760417,순천의료재단 성남정병원,0.09401188632404489,True
31021550,성남시 수정구,성남시,태평2동,동,0.4822544111960709,14480,3244.0,1338.0,0.0,0.0,0.2240331491712707,0.09240331491712707,16,33.1775088595195,1.1049723756906078,0.22272102429189797,성남시의료원,0.22272102429189797,성남시의료원,0.22762866500944057,True
31021560,성남시 수정구,성남시,태평3동,동,0.3711183789589587,13388,2926.0,1075.0,0.0,1.0,0.21855392889154468,0.08029578727218405,13,35.02925410610733,0.9710188228264117,0.6877192978903282,성남시의료원,0.6877192978903282,성남시의료원,0.21701948840274748,True
31021570,성남시 수정구,성남시,태평4동,동,0.4042626538806457,11332,2490.0,1064.0,0.0,0.0,0.21973173314507588,0.09389339922343805,8,19.78911463427417,0.7059654076950229,0.5584566735718913,성남시의료원,0.5584566735718913,성남시의료원,0.16224741181151447,True
31021580,성남시 수정구,성남시,수진1동,동,0.3331617228334133,14002,3481.0,1210.0,0.0,0.0,0.2486073418083131,0.08641622625339238,8,24.012362320506252,0.571346950435652,0.649364612014874,순천의료재단 성남정병원,0.649364612014874,순천의료재단 성남정병원,0.29656333187448275,True
31021590,성남시 수정구,성남시,수진2동,동,0.9238754933728852,17361,4177.0,1629.0,0.0,0.0,0.24059673981913485,0.09383100051840332,22,23.812732514077613,1.2672081101319048,0.33684159384847506,성모윌병원,0.456493292249659,순천의료재단 성남정병원,0.3932944689267974,True
31021600,성남시 수정구,성남시,단대동,동,0.8024787268809402,14012,2934.0,1174.0,0.0,1.0,0.20939194975735084,0.08378532686268912,20,24.922779047035473,1.4273479874393378,0.828227048156988,성남중앙병원,0.828227048156988,성남중앙병원,0.4968606816348989,True
31021610,성남시 수정구,성남시,산성동,동,0.5845304310753161,4587,1065.0,443.0,0.0,0.0,0.23217789404839764,0.09657728362764334,12,20.529299010018203,2.616088947024199,1.3918306030933711,성남중앙병원,1.3918306030933711,성남중앙병원,0.37900485137890577,True
31021620,성남시 수정구,성남시,양지동,동,1.259359097319615,9398,2000.0,814.0,0.0,0.0,0.21281123643328367,0.08661417322834646,19,15.087039145894982,2.021706746116195,1.24607099988083,성남중앙병원,1.24607099988083,성남중앙병원,0.3509478919195231,True
31021640,성남시 수정구,성남시,신촌동,동,4.979344494107412,4335,540.0,185.0,0.0,1.0,0.1245674740484429,0.04267589388696655,16,3.2132743615017,3.690888119953864,3.165324402361581,순천의료재단 성남정병원,3.165324402361581,순천의료재단 성남정병원,1.6272261071689094,True
31021650,성남시 수정구,성남시,고등동,동,12.312881052139309,11220,1597.0,563.0,0.0,0.0,0.14233511586452763,0.05017825311942959,38,3.086198903334461,3.3868092691622103,3.430304737513469,성모윌병원,3.7347748923188075,순천의료재단 성남정병원,0.578605995585159,True
31021660,성남시 수정구,성남시,시흥동,동,12.9392628034505,3233,694.0,288.0,0.0,1.0,0.21466130528920507,0.08908134859263842,90,6.955574005035263,27.837921435199505,2.63013632129842,사랑의병원,2.840144423573904,차의과학대학교분당차병원,0.3130706971840312,True
31021670,성남시 수정구,성남시,복정동,동,3.5573429876099936,13278,1260.0,456.0,0.0,0.0,0.09489380930863081,0.03434252146407592,29,8.152151788850615,2.184063865039916,2.4987506957000063,성남시의료원,2.4987506957000063,성남시의료원,0.7984003460220811,True
31021680,성남시 수정구,성남시,위례동,동,3.163805081566606,44645,6931.0,2460.0,0.0,0.0,0.15524694814648896,0.055101355134953525,79,24.96993271180978,1.7695150632769625,2.4328592361924493,서울세계로병원,3.374002094074656,성남중앙병원,0.25932663874395434,True
31022510,성남시 중원구,성남시,성남동,동,1.9992387740250102,32361,6751.0,2769.0,0.0,0.0,0.20861530855041563,0.08556595902475202,50,25.009518947722505,1.5450696826426873,0.8712585583750915,성모윌병원,1.2770502938880952,순천의료재단 성남정병원,0.3636639667738838,True
31022530,성남시 중원구,성남시,금광1동,동,0.6057031647121262,19428,2687.0,901.0,0.0,0.0,0.13830553839818818,0.046376364010706196,20,33.0194741668643,1.0294420424130122,0.4754960599445461,바른마디병원,1.2691946404978836,성남중앙병원,0.1455447455246571,True
31022540,성남시 중원구,성남시,금광2동,동,1.0939362352206767,24407,4987.0,1777.0,0.0,0.0,0.2043266276068341,0.0728069816036383,28,25.595641773719688,1.147211865448437,0.5902990498492927,성남중앙병원,0.5902990498492927,성남중앙병원,0.07999458046088882,True
31022550,성남시 중원구,성남시,은행1동,동,0.2729179831183794,9223,1735.0,655.0,0.0,0.0,0.18811666485959017,0.07101810690664642,6,21.98462677850537,0.6505475441830206,0.7460165744895588,성남중앙병원,0.7460165744895588,성남중앙병원,0.25669010877843607,True
31022560,성남시 중원구,성남시,은행2동,동,2.4054389167267853,21028,4843.0,1971.0,0.0,0.0,0.23031196499904888,0.09373216663496291,39,16.21325726826997,1.8546699638577135,0.9837066679422763,성남중앙병원,0.9837066679422763,성남중앙병원,0.22663847059609907,True
31022570,성남시 중원구,성남시,상대원1동,동,6.785851902508563,23974,5064.0,1857.0,0.0,0.0,0.21122883123383665,0.07745891382330858,90,13.262888918446512,3.7540669058146325,1.8365673981903832,바른마디병원,2.82610723651428,성남중앙병원,0.5916885692755636,True
31022580,성남시 중원구,성남시,상대원2동,동,0.5138221354736401,3039,668.0,249.0,0.0,1.0,0.21980914774596907,0.08193484698914116,12,23.35438505182037,3.948667324777887,1.0904310084343323,바른마디병원,2.1360438146308693,성남중앙병원,0.11988216383927315,True
31022590,성남시 중원구,성남시,상대원3동,동,0.3056581345754978,11402,2752.0,964.0,0.0,0.0,0.24136116470794597,0.08454657077705666,12,39.25954732618442,1.0524469391334854,0.8226587188361925,바른마디병원,1.916281360355713,성남중앙병원,0.14892848181439733,True
31022600,성남시 중원구,성남시,하대원동,동,2.3375841676378024,18899,3800.0,1283.0,0.0,0.0,0.20106883962114397,0.06788718979840203,30,12.83376248664273,1.5873855759563997,2.5105573984871623,성남시의료원,2.5105573984871623,성남시의료원,0.06384281430831946,True
31022610,성남시 중원구,성남시,도촌동,동,9.391862698617231,25625,4428.0,1755.0,0.0,0.0,0.1728,0.06848780487804879,74,7.879161181827653,2.8878048780487804,3.1840305077763036,바른세상병원,3.333911543578656,차의과학대학교분당차병원,0.5831702217067803,True
31022620,성남시 중원구,성남시,중앙동,동,0.6786809340950593,16571,2978.0,1075.0,0.0,0.0,0.1797115442640758,0.06487236738881177,23,33.889267908590625,1.3879669301792286,1.2813644040956986,성남시의료원,1.2813644040956986,성남시의료원,0.20604555152155316,True
31023510,성남시 분당구,성남시,분당동,동,3.3839249612350843,23238,3954.0,1638.0,0.0,0.0,0.17015233668990445,0.0704879938032533,45,13.298167221644194,1.9364833462432223,3.023144197801967,서울나우병원,3.2365828675182686,국군수도병원,0.15654140629822955,True
31023520,성남시 분당구,성남시,수내3동,동,1.0490324098753805,12681,1418.0,516.0,0.0,1.0,0.11182083431906001,0.04069079725573693,19,18.11192849824068,1.4983045501143444,2.1941411997788953,분당서울대학교병원,2.1941411997788953,분당서울대학교병원,0.12615373555990267,True
31023530,성남시 분당구,성남시,수내1동,동,1.0217219713035628,16894,2500.0,1299.0,0.0,0.0,0.14798153190481828,0.07689120397774357,23,22.511016348856113,1.3614300935243282,1.0063748165875004,서울나우병원,1.6266105592963664,대진의료재단 분당제생병원,0.22721744651084605,True
31023540,성남시 분당구,성남시,수내2동,동,0.8226998582146661,9664,1182.0,548.0,0.0,0.0,0.12230960264900662,0.05670529801324503,20,24.31020231777094,2.06953642384106,1.5244776187817413,서울나우병원,2.10276537706538,대진의료재단 분당제생병원,0.27287864904278714,True
31023550,성남시 분당구,성남시,정자2동,동,0.5019344775883438,13650,2689.0,1255.0,0.0,0.0,0.196996336996337,0.09194139194139195,13,25.899794854622066,0.9523809523809523,2.0593320547915757,분당서울대학교병원,2.0593320547915757,분당서울대학교병원,0.35292776130062337,True
31023560,성남시 분당구,성남시,정자3동,동,1.9687129686783518,15840,2315.0,1100.0,0.0,0.0,0.1461489898989899,0.06944444444444445,39,19.809896424963217,2.462121212121212,1.3243661378519556,분당서울대학교병원,1.3243661378519556,분당서울대학교병원,0.4840005521256777,True
31023580,성남시 분당구,성남시,서현1동,동,7.484775044384509,29216,4178.0,1846.0,0.0,0.0,0.1430038335158817,0.06318455640744797,56,7.481854787608384,1.9167579408543263,1.0435711276152961,분당제일여성병원,1.1468866043460617,대진의료재단 분당제생병원,0.33382068728288217,True
31023590,성남시 분당구,성남시,서현2동,동,0.7800593665656785,16674,2619.0,1006.0,0.0,0.0,0.1570708888089241,0.06033345328055655,23,29.484935359805686,1.379393067050498,2.3745885502666066,서울나우병원,2.660609404601403,대진의료재단 분당제생병원,0.04869160128838508,True
31023600,성남시 분당구,성남시,이매1동,동,2.882911089400793,23488,3767.0,1590.0,0.0,0.0,0.16037976839237056,0.0676941416893733,51,17.69045191421434,2.1713215258855585,1.036776501469297,대진의료재단 분당제생병원,1.036776501469297,대진의료재단 분당제생병원,0.29036826509193714,True
31023610,성남시 분당구,성남시,이매2동,동,0.635513413085172,12185,2262.0,912.0,0.0,1.0,0.18563807960607304,0.07484612228149363,19,29.897087313645113,1.5592942141977841,1.2584481761019213,사랑의병원,1.3711024827388978,대진의료재단 분당제생병원,0.2719083765671424,True
31023620,성남시 분당구,성남시,야탑1동,동,1.1511926280604685,16093,3255.0,1351.0,0.0,0.0,0.20226185297955632,0.08394954327968682,30,26.05993060478858,1.8641645435903809,0.4395884742886967,바른세상병원,0.5504495484953008,차의과학대학교분당차병원,0.052892561775396245,True
31023630,성남시 분당구,성남시,야탑3동,동,5.104612760248066,25473,4979.0,1842.0,0.0,0.0,0.1954618615789267,0.07231185961606407,61,11.949976005042862,2.394692419424489,1.765229971922151,바른세상병원,1.9206591538282065,차의과학대학교분당차병원,0.21835141829375004,True
31023640,성남시 분당구,성남시,야탑2동,동,0.6227531162587554,14812,3321.0,1383.0,0.0,0.0,0.2242100999189846,0.09337024034566567,24,38.53854661407739,1.6203078584931137,0.45305224912016406,바른세상병원,0.5097268170745982,차의과학대학교분당차병원,0.4218173388115602,True
31023670,성남시 분당구,성남시,구미동,동,3.755051678414814,26843,5654.0,2676.0,0.0,0.0,0.21063219461312074,0.09969079462057147,81,21.570941477480265,3.017546473941065,1.257657107615736,바로웰병원,1.9008249631185152,분당서울대학교병원,0.3210352242465443,True
31023680,성남시 분당구,성남시,운중동,동,17.571574935634654,34528,4063.0,1294.0,0.0,0.0,0.11767261353104727,0.037476830398517146,96,5.463369126082986,2.7803521779425395,5.344870496310199,사랑의병원,6.097669043966914,대진의료재단 분당제생병원,1.2934381554938439,True
31023710,성남시 분당구,성남시,금곡동,동,5.7586131152502515,25949,5782.0,2789.0,0.0,0.0,0.22282168869705962,0.10748005703495318,41,7.119769843787859,1.5800223515357046,2.4604187897509,분당서울대학교병원,2.4604187897509,분당서울대학교병원,0.30617740057452825,True
31023720,성남시 분당구,성남시,구미1동,동,3.5441604040067083,15334,2550.0,1099.0,0.0,0.0,0.1662971175166297,0.07167079692187296,55,15.518484981047122,3.586800573888092,1.7321344127539084,분당서울대학교병원,1.7321344127539084,분당서울대학교병원,0.24054017527059354,True
31023740,성남시 분당구,성남시,삼평동,동,2.7945222552887157,22914,2913.0,997.0,0.0,1.0,0.12712752029327049,0.04351051758750109,70,25.049004303874458,3.0549009339268567,0.7991532086122786,사랑의병원,2.4134557512689385,차의과학대학교분당차병원,0.111873276019632,True
31023750,성남시 분당구,성남시,판교동,동,4.572927409059128,25135,2818.0,925.0,0.0,0.0,0.11211458126118957,0.03680127312512433,38,8.309775467837229,1.5118360851402426,2.2405361411171887,사랑의병원,2.9540325903039593,대진의료재단 분당제생병원,0.24832724860963015,True
31023760,성남시 분당구,성남시,백현동,동,1.9312449228615076,25375,3678.0,1256.0,0.0,1.0,0.14494581280788177,0.049497536945812805,49,25.37223498684836,1.9310344827586208,0.814660981346109,사랑의병원,1.2476481994286368,대진의료재단 분당제생병원,0.15385929287502068,True
31023770,성남시 분당구,성남시,정자1동,동,1.455773350496497,28513,4097.0,2011.0,0.0,0.0,0.14368884368533652,0.07052923228001262,27,18.546843154390448,0.9469364851120541,2.8207434205292183,분당서울대학교병원,2.8207434205292183,분당서울대학교병원,0.02760526955382807,True
31023780,성남시 분당구,성남시,정자동,동,0.9738534512243306,13421,2184.0,880.0,0.0,0.0,0.1627300499217644,0.06556888458386112,19,19.51012236606356,1.4156918262424558,2.3146549445596856,분당서울대학교병원,2.3146549445596856,분당서울대학교병원,0.24102017444845802,True
31030520,의정부시,의정부시,의정부2동,동,2.3199996669467695,29906,5351.0,2151.0,0.0,0.0,0.17892730555741324,0.07192536614726142,47,20.25862359793105,1.5715909850866048,0.5996601723788075,경기도의료원의정부병원,0.5996601723788075,경기도의료원의정부병원,0.098055916953772,True
31030550,의정부시,의정부시,호원1동,동,6.222574165224718,33961,8371.0,3708.0,0.0,0.0,0.24648861929860721,0.10918406407349607,45,7.2317338138749045,1.325049321280292,2.088415785477874,마스터플러스병원,4.626109547541622,경기도의료원의정부병원,0.14587708698473695,True
31030560,의정부시,의정부시,장암동,동,8.95629096255675,18152,4240.0,1828.0,0.0,0.0,0.23358307624504188,0.10070515645658881,45,5.0244013049743375,2.4790656676950196,3.014019256279301,마스터플러스병원,5.4922522011709685,경기도의료원의정부병원,0.686630446957741,True
31030570,의정부시,의정부시,신곡1동,동,2.955287484025313,39216,7972.0,3112.0,0.0,0.0,0.2032843737250102,0.07935536515707875,61,20.640969898777374,1.5554875560995511,1.3924423835695385,연세오케이병원,2.0401735128932246,의료법인 영동의료재단 의정부백병원,0.1106798294347174,True
31030580,의정부시,의정부시,신곡2동,동,2.4343293660116276,43541,8359.0,3338.0,0.0,0.0,0.1919799728991066,0.07666337475023541,71,29.166143658006902,1.630646976413036,0.30286248408844196,의료법인 영동의료재단 의정부백병원,0.30286248408844196,의료법인 영동의료재단 의정부백병원,0.22739135522970164,True
31030591,의정부시,의정부시,송산1동,동,4.488764289583963,30152,5685.0,2353.0,0.0,0.0,0.18854470681878482,0.0780379410984346,64,14.25782150078809,2.122578933404086,2.9463224996149266,의료법인 영동의료재단 의정부백병원,2.9463224996149266,의료법인 영동의료재단 의정부백병원,0.3175646264521123,True
31030600,의정부시,의정부시,자금동,동,11.844592457932514,25206,5318.0,2296.0,0.0,0.0,0.21098151233833215,0.09108942315321748,90,7.598404108849313,3.5705784337062605,1.1197266142089526,의료법인 영동의료재단 의정부백병원,1.1197266142089526,의료법인 영동의료재단 의정부백병원,0.20651019670020412,True
31030640,의정부시,의정부시,녹양동,동,3.8243325067035494,19569,4414.0,1932.0,0.0,0.0,0.225560836016148,0.09872757933466196,57,14.904561750341147,2.912770197761766,1.8651477909521108,추병원,1.8651477909521108,추병원,0.24297569053565024,True
31030650,의정부시,의정부시,호원2동,동,4.492905300472437,31568,7322.0,3364.0,0.0,0.0,0.23194374049670552,0.1065636087176888,37,8.235205846895857,1.1720729853015712,0.3468361055567197,마스터플러스병원,2.193969330442156,경기도의료원의정부병원,0.2736455971837968,True
31030670,의정부시,의정부시,흥선동,동,6.6276240877833485,18758,3944.0,1563.0,0.0,0.0,0.2102569570316665,0.08332444823541955,48,7.242414380211764,2.558908199168355,1.3227703561852608,경기도의료원의정부병원,1.3227703561852608,경기도의료원의정부병원,0.040914675957222424,True
31030680,의정부시,의정부시,가능동,동,3.3067829842901313,23424,5148.0,2121.0,0.0,0.0,0.2197745901639344,0.09054815573770492,42,12.701166118107434,1.793032786885246,1.1693210601271422,추병원,1.1693210601271422,추병원,0.3698992237296913,True
31030690,의정부시,의정부시,의정부1동,동,1.9425285496793345,40692,6736.0,2645.0,0.0,0.0,0.16553622333628232,0.06500049149710017,51,26.25444038308672,1.253317605426128,0.5748259869098614,의료법인성베드로병원,0.7186091259871364,경기도의료원의정부병원,0.09718409610991105,True
31030700,의정부시,의정부시,송산2동,동,1.448551729402448,30684,4911.0,2279.0,0.0,0.0,0.1600508408290966,0.07427323686611915,54,37.278613461927186,1.7598748533437623,3.0877575643757527,가톨릭대학교의정부성모병원,3.0877575643757527,가톨릭대학교의정부성모병원,0.026047407677990648,True
31030710,의정부시,의정부시,송산3동,동,9.298812385184984,44721,6049.0,2549.0,0.0,0.0,0.13526083942666756,0.05699783099662351,98,10.538980241835523,2.1913642360412338,3.8245379765789402,가톨릭대학교의정부성모병원,3.8245379765789402,가톨릭대학교의정부성모병원,0.3023788056933643,True
31030721,의정부시,의정부시,고산동,동,11.595351884387917,26966,2572.0,863.0,0.0,0.0,0.09537936660980494,0.032003263368686495,65,5.60569447551795,2.410442779796781,5.4916049893552845,가톨릭대학교의정부성모병원,5.4916049893552845,가톨릭대학교의정부성모병원,0.2475077514663563,True
31041510,안양시 만안구,안양시,안양1동,동,0.606235329580463,12314,2135.0,757.0,0.0,0.0,0.17337989280493746,0.06147474419360078,30,49.485733569439276,2.4362514211466624,0.9111207188343646,효산의료재단 안양샘병원,0.9111207188343646,효산의료재단 안양샘병원,0.1702793370105865,True
31041520,안양시 만안구,안양시,안양2동,동,1.7078951209643067,23391,4765.0,1846.0,0.0,0.0,0.20371082895130604,0.07891924244367492,59,34.54544677584628,2.5223376512333804,2.1330296668766575,효산의료재단 안양샘병원,2.1330296668766575,효산의료재단 안양샘병원,0.4422299680580817,True
31041530,안양시 만안구,안양시,안양3동,동,0.7276587357753492,16325,3811.0,1404.0,0.0,0.0,0.23344563552833078,0.08600306278713629,17,23.36260002690111,1.0413476263399695,1.371715474626223,효산의료재단 안양샘병원,1.371715474626223,효산의료재단 안양샘병원,0.2818229119249165,True
31041540,안양시 만안구,안양시,안양4동,동,0.30992240877206456,6922,1836.0,822.0,0.0,1.0,0.2652412597515169,0.11875180583646346,18,58.07905298399469,2.600404507367813,0.7694822528181253,효산의료재단 안양샘병원,0.7694822528181253,효산의료재단 안양샘병원,0.20391995766553594,True
31041550,안양시 만안구,안양시,안양5동,동,0.64367697161048,10504,2638.0,1134.0,0.0,0.0,0.25114242193450115,0.10795887281035796,17,26.410763084262584,1.6184310738766186,0.06093034100482066,효산의료재단 안양샘병원,0.06093034100482066,효산의료재단 안양샘병원,0.21274476477486565,True
31041560,안양시 만안구,안양시,안양6동,동,1.43989860222986,26918,4490.0,1671.0,0.0,0.0,0.16680288282933353,0.06207742031354484,35,24.30726715464422,1.3002451890928004,0.9063297365812966,국제나은병원,1.0719755340272827,효산의료재단 안양샘병원,0.08333936783632197,True
31041570,안양시 만안구,안양시,안양7동,동,1.0534727953079388,14764,2317.0,926.0,0.0,0.0,0.15693578975887293,0.06272013004605798,32,30.37572507095082,2.167434299647792,1.2378472512211423,국제나은병원,1.4102526385127923,효산의료재단 안양샘병원,0.1573533166259384,True
31041580,안양시 만안구,안양시,안양8동,동,1.168551145818222,8655,2025.0,680.0,0.0,1.0,0.2339688041594454,0.07856730213749277,17,14.547929768274338,1.9641825534373196,0.5944528272847511,인산의료재단 메트로병원,0.5944528272847511,인산의료재단 메트로병원,0.3847525080232253,True
31041590,안양시 만안구,안양시,안양9동,동,6.5248456409736475,15643,3997.0,1496.0,0.0,0.0,0.2555136482771847,0.0956338298280381,31,4.751070248364394,1.9817170619446396,2.3302690417234113,효산의료재단 안양샘병원,2.3302690417234113,효산의료재단 안양샘병원,0.9930426725800853,True
31041600,안양시 만안구,안양시,석수1동,동,10.361544481102845,18955,4033.0,1513.0,0.0,0.0,0.21276707992614086,0.07982062780269059,36,3.474385509385787,1.899235030335004,2.8985383950248362,중앙대학교광명병원,2.8985383950248362,중앙대학교광명병원,0.7010004189803484,True
31041610,안양시 만안구,안양시,석수2동,동,3.310775819739422,29087,6030.0,2395.0,0.0,0.0,0.2073091071612748,0.08233918932856603,64,19.33081654711287,2.200295664729948,2.5983786469479906,중앙대학교광명병원,2.5983786469479906,중앙대학교광명병원,0.4662648817555137,True
31041630,안양시 만안구,안양시,박달1동,동,0.4508328374302083,14531,3617.0,1503.0,0.0,0.0,0.2489161103846948,0.10343403757484,14,31.053638594298903,0.963457435826853,2.2106077443389593,효산의료재단 안양샘병원,2.2106077443389593,효산의료재단 안양샘병원,0.12974892209985542,True
31041640,안양시 만안구,안양시,박달2동,동,7.421677524138131,20140,3134.0,975.0,0.0,1.0,0.15561072492552136,0.0484111221449851,42,5.659097941590692,2.0854021847070507,3.3494621638327806,중앙대학교광명병원,3.3494621638327806,중앙대학교광명병원,0.6934351416458896,True
31041651,안양시 만안구,안양시,충훈동,동,0.7883960647615231,11831,2455.0,863.0,0.0,0.0,0.20750570535035076,0.07294396078099907,21,26.636358219713028,1.7749978869072776,2.7730025439838504,중앙대학교광명병원,2.7730025439838504,중앙대학교광명병원,0.15023465203870964,True
31042510,안양시 동안구,안양시,비산1동,동,2.0969256967176975,27726,4287.0,1374.0,0.0,0.0,0.15462021207530838,0.04955637307942004,25,11.922215479133246,0.9016807328860997,1.381583998359112,국제나은병원,1.394797960095316,효산의료재단 안양샘병원,0.17368646028693047,True
31042520,안양시 동안구,안양시,비산2동,동,0.4765336532121073,14041,2177.0,756.0,0.0,0.0,0.15504593689908125,0.05384231892315362,17,35.67429054676485,1.2107399757852004,1.112893621947801,평촌우리병원,1.779396769652484,효산의료재단 안양샘병원,0.15201195667464037,True
31042530,안양시 동안구,안양시,비산3동,동,5.331645539339247,16905,3096.0,1135.0,0.0,0.0,0.1831410825199645,0.06713989943803608,49,9.19040840927182,2.898550724637681,0.4422851340159779,평촌우리병원,2.286290988319,한림대학교성심병원,0.27117824418621383,True
31042540,안양시 동안구,안양시,부흥동,동,0.4832481295731712,15505,2759.0,990.0,0.0,1.0,0.1779425991615608,0.06385037084811351,17,35.17861520750271,1.0964205095130601,0.9923392592294106,봄빛병원,1.780280692116361,한림대학교성심병원,0.46957754745016456,True
31042550,안양시 동안구,안양시,달안동,동,0.4334392231033218,9305,1711.0,709.0,0.0,0.0,0.18387963460505105,0.07619559376679205,13,29.99267096070146,1.3970983342289092,0.8257024965536397,평촌우리병원,1.4341341060109258,한림대학교성심병원,0.18775728679855003,True
31042580,안양시 동안구,안양시,부림동,동,0.9470046791601998,25555,3181.0,1228.0,0.0,0.0,0.12447661905693602,0.04805321854822931,40,42.238439661641216,1.565251418509098,0.8270643972162464,한림대학교성심병원,0.8270643972162464,한림대학교성심병원,0.06001105026858752,True
31042590,안양시 동안구,안양시,평촌동,동,0.5325860729906526,13265,1859.0,670.0,0.0,0.0,0.1401432340746325,0.050508857896720695,16,30.042092370449225,1.206181681115718,0.5249057196281105,평촌서울나우병원,1.5799762703244447,한림대학교성심병원,0.13226870639049026,True
31042600,안양시 동안구,안양시,평안동,동,0.8307549086655444,21864,2408.0,895.0,0.0,0.0,0.11013538236370289,0.0409348701061105,22,26.481938018685884,1.0062202707647274,0.3539685228727274,한림대학교성심병원,0.3539685228727274,한림대학교성심병원,0.1545518221861739,True
31042610,안양시 동안구,안양시,귀인동,동,0.7148942621628593,15356,1629.0,635.0,0.0,1.0,0.10608231310237042,0.041351914561083614,21,29.374973491137087,1.3675436311539464,1.3422819954691776,한림대학교성심병원,1.3422819954691776,한림대학교성심병원,0.23681028207293503,True
31042620,안양시 동안구,안양시,호계1동,동,1.005344393366734,25430,2370.0,722.0,0.0,1.0,0.09319701140385371,0.02839166338969721,30,29.84052052007263,1.1797090051120724,0.4943770064980245,의료법인 토마스의료재단 안양윌스기념병원,2.0615968746979387,효산의료재단 지샘병원,0.3754780549983112,True
31042630,안양시 동안구,안양시,호계2동,동,1.6602823438436343,22897,3525.0,1069.0,0.0,0.0,0.15395029916582958,0.046687338952701225,37,22.285366183165692,1.6159322181945235,1.101902305942213,봄빛병원,1.6855564862248553,인산의료재단 메트로병원,0.4246464697221814,True
31042640,안양시 동안구,안양시,호계3동,동,0.84920458447801,22525,3866.0,1262.0,0.0,0.0,0.1716315205327414,0.05602663706992231,24,28.261740973469127,1.065482796892342,0.7683759634058227,의료법인 토마스의료재단 안양윌스기념병원,1.7501630135295878,효산의료재단 지샘병원,0.33011221201730223,True
31042650,안양시 동안구,안양시,범계동,동,0.5723206980235586,14436,2036.0,842.0,0.0,1.0,0.14103629814353005,0.058326406206705456,21,36.69271454364834,1.4546965918536992,0.3412739778208114,봄빛병원,1.178563316374205,한림대학교성심병원,0.18869752154268432,True
31042660,안양시 동안구,안양시,신촌동,동,0.3999963207719927,11782,1889.0,582.0,0.0,1.0,0.16032931590561875,0.049397385842811066,15,37.500344930798384,1.273128501103378,1.172905048509851,의료법인 토마스의료재단 안양윌스기념병원,1.7164850472936741,한림대학교성심병원,0.03703882011281945,True
31042670,안양시 동안구,안양시,갈산동,동,0.729279927775497,9953,1849.0,686.0,0.0,1.0,0.18577313372852405,0.06892394252989048,30,41.136467435087916,3.014166582939817,0.8973474832930115,의료법인 토마스의료재단 안양윌스기념병원,2.11245434655701,한림대학교성심병원,0.3737899258515863,True
31042681,안양시 동안구,안양시,관양동,동,3.237305443777913,31681,6879.0,2532.0,0.0,0.0,0.21713329756005176,0.07992171964268804,41,12.66485375323537,1.294151068463748,1.49330049693972,평촌서울나우병원,1.9629832275598238,한림대학교성심병원,0.04563596279508167,True
31042691,안양시 동안구,안양시,인덕원동,동,1.659815007494062,17594,3075.0,1185.0,0.0,1.0,0.17477549164487893,0.0673525065363192,46,27.71393184921818,2.614527679890872,0.5483666133425809,평촌서울나우병원,1.3962720092527674,한림대학교성심병원,0.487588033335789,True
31051511,부천시 원미구,부천시,심곡1동,동,0.4416023047057419,13292,2545.0,874.0,0.0,0.0,0.19146855251278966,0.06575383689437256,17,38.49617590045825,1.2789647908516402,0.1698817464045692,뉴대성병원,1.1840317362759132,가톨릭대학교부천성모병원,0.06952750182420456,True
31051521,부천시 원미구,부천시,심곡2동,동,0.6283315713651302,23637,3870.0,1431.0,0.0,0.0,0.16372636121335196,0.06054067775098363,29,46.15397557852109,1.226890045268012,0.1596626953655232,디딤병원,0.934021444912851,가톨릭대학교부천성모병원,0.09841647284076056,True
31051531,부천시 원미구,부천시,심곡3동,동,0.4064538313328383,11844,2304.0,753.0,0.0,1.0,0.1945288753799392,0.06357649442755826,15,36.90456047815366,1.2664640324214793,0.8735183153719979,연세본사랑병원,1.922264055352901,순천향대학교부속부천병원,0.15588129700234502,True
31051541,부천시 원미구,부천시,원미2동,동,0.4271041252661125,12066,3029.0,1032.0,0.0,1.0,0.25103596883805734,0.08552958727001492,20,46.82698858864627,1.657550140891762,0.6474592624877241,가톨릭대학교부천성모병원,0.6474592624877241,가톨릭대학교부천성모병원,0.14633976249659844,True
31051551,부천시 원미구,부천시,소사동,동,0.5517659857635508,7011,2042.0,727.0,0.0,1.0,0.29125659677649407,0.10369419483668521,11,19.9359878713398,1.5689630580516332,0.3279931540848852,가톨릭대학교부천성모병원,0.3279931540848852,가톨릭대학교부천성모병원,0.0509218506859396,True
31051561,부천시 원미구,부천시,원미1동,동,1.0770546331138022,17178,3360.0,1103.0,0.0,0.0,0.19559902200489,0.06421003609267668,35,32.49603030703632,2.037489812550937,0.8867933503158769,뉴대성병원,1.2106286241741462,가톨릭대학교부천성모병원,0.0416841431954847,True
31051571,부천시 원미구,부천시,역곡1동,동,1.234230874830762,16674,3710.0,1349.0,0.0,0.0,0.2225020990764064,0.08090440206309224,51,41.32128035363978,3.0586541921554518,0.7276006521218054,건주병원,2.329829133190711,가톨릭대학교부천성모병원,0.03667448717757423,True
31051581,부천시 원미구,부천시,역곡2동,동,0.9880842102574945,19132,3643.0,1324.0,0.0,0.0,0.1904139661300439,0.06920342881037006,28,28.3376656658679,1.4635166213673425,1.0823837189672398,건주병원,1.6030957787040632,가톨릭대학교부천성모병원,0.2724420137148718,True
31051591,부천시 원미구,부천시,춘의동,동,2.9603462826141187,14425,3036.0,1195.0,0.0,0.0,0.2104679376083189,0.08284228769497401,49,16.5521176653465,3.3968804159445405,0.7404859565409956,예손병원,2.3254126549594276,가톨릭대학교부천성모병원,0.8398250417936316,True
31051601,부천시 원미구,부천시,도당동,동,1.9901391921415859,21414,3804.0,1326.0,0.0,0.0,0.17764079574110395,0.061922107032782295,52,26.128825664722918,2.4283179228542076,1.990456705155682,의료법인대인의료재단 다니엘종합병원,1.990456705155682,의료법인대인의료재단 다니엘종합병원,0.12493734129386154,True
31051611,부천시 원미구,부천시,중동,동,0.6906856668797978,21831,4032.0,1341.0,0.0,0.0,0.18469149374742339,0.06142641198296001,36,52.122118246106865,1.6490311941734233,0.9973554226160919,순천향대학교부속부천병원,0.9973554226160919,순천향대학교부속부천병원,0.05260859281300955,True
31051621,부천시 원미구,부천시,상동,동,0.8567036533530583,18182,3958.0,1535.0,0.0,0.0,0.2176878231217688,0.08442415575844242,58,67.70135714140287,3.189968100318997,1.1185876031522364,순천향대학교부속부천병원,1.1185876031522364,순천향대학교부속부천병원,0.5124565727732353,True
31051631,부천시 원미구,부천시,약대동,동,0.7086797119214568,16974,2524.0,689.0,0.0,0.0,0.14869800871921762,0.04059149287145045,32,45.154389862858906,1.8852362436667844,0.2475568185902416,의료법인대인의료재단 다니엘종합병원,0.2475568185902416,의료법인대인의료재단 다니엘종합병원,0.12425971834807549,True
31051641,부천시 원미구,부천시,중1동,동,1.3713932624092247,40068,5079.0,1508.0,0.0,0.0,0.12675950883498052,0.03763601876809424,68,49.5846099466316,1.6971149046620746,0.603862937253014,순천향대학교부속부천병원,0.603862937253014,순천향대학교부속부천병원,0.21686197381863315,True
31051651,부천시 원미구,부천시,중2동,동,1.0316847986506994,28795,5355.0,1675.0,0.0,0.0,0.1859697864212537,0.05816982114950512,46,44.5872615940078,1.597499565896857,0.824496377666825,더만족병원,1.7490269553200855,순천향대학교부속부천병원,0.1027919060350849,True
31051661,부천시 원미구,부천시,중3동,동,0.7764040616905314,21944,4141.0,1635.0,0.0,0.0,0.1887076193948232,0.07450783813343055,36,46.36760905347932,1.6405395552314985,0.4128973809075279,스마튼병원,0.8909306885714775,의료법인대인의료재단 다니엘종합병원,0.4644642893197759,True
31051671,부천시 원미구,부천시,중4동,동,0.6249230002992863,16675,3056.0,1056.0,0.0,0.0,0.18326836581709147,0.06332833583208396,21,33.60414001395811,1.2593703148425786,0.9198111981585422,의료법인대인의료재단 다니엘종합병원,0.9198111981585422,의료법인대인의료재단 다니엘종합병원,0.05467107961743621,True
31051681,부천시 원미구,부천시,상1동,동,0.5952509356872789,23229,4072.0,1356.0,0.0,0.0,0.17529811873089673,0.05837530672865814,33,55.438804076633794,1.4206379956089372,1.330707178839971,성모힐병원,1.697123215706617,순천향대학교부속부천병원,0.14876899688059347,True
31051691,부천시 원미구,부천시,상2동,동,1.72375010224651,27523,3206.0,1182.0,0.0,0.0,0.11648439486974531,0.042945899792900484,78,45.25017860671626,2.833993387348763,1.2172660138659945,서울여성병원,1.7957715825378036,순천향대학교부속부천병원,0.5158825241960481,True
31051701,부천시 원미구,부천시,상3동,동,1.5248420586050293,29628,3500.0,1222.0,0.0,0.0,0.11813149723234778,0.04124476846226542,44,28.855447521071465,1.485081679492372,0.6688890218629497,인본병원,1.9193097012595899,의료법인대인의료재단 다니엘종합병원,0.333193336286691,True
31052511,부천시 소사구,부천시,심곡본1동,동,0.7336806255449101,18310,4304.0,1509.0,0.0,0.0,0.2350628072091753,0.08241398143091207,20,27.259817560462157,1.0922992900054616,1.5122886494948,디딤병원,1.8867917660820686,부천세종병원,0.14154667316849387,True
31052521,부천시 소사구,부천시,심곡본동,동,0.9849507272141116,17911,4422.0,1564.0,0.0,0.0,0.24688738763888113,0.08732064094690414,19,19.290305063016337,1.0608006253140527,0.7020928496515754,디딤병원,1.028230912138956,부천세종병원,0.0785502005716723,True
31052531,부천시 소사구,부천시,송내1동,동,1.1532242218567417,20051,4209.0,1419.0,0.0,1.0,0.20991471747045035,0.07076953767891876,25,21.678351465553597,1.246820607451,0.043721483818550844,성모힐병원,1.0361100363284377,근로복지공단인천병원,0.3027717915352072,True
31052541,부천시 소사구,부천시,송내2동,동,1.2309994352884484,25537,5152.0,1953.0,0.0,0.0,0.2017464854916396,0.07647726827740142,23,18.684005321749503,0.9006539530876767,1.5180380592398464,성모힐병원,1.8293951913290627,근로복지공단인천병원,0.33977636591381877,True
31052551,부천시 소사구,부천시,소사본동,동,1.9782012326340717,29642,6306.0,2163.0,0.0,0.0,0.21273868160043183,0.07297078469738884,43,21.73691902048984,1.4506443559813778,0.6484843472811638,부천세종병원,0.6484843472811638,부천세종병원,0.08350111123826819,True
31052561,부천시 소사구,부천시,소사본1동,동,1.0262911806991653,29132,6292.0,2038.0,0.0,0.0,0.2159824248249348,0.06995743512288892,37,36.052146501730235,1.2700810105725662,0.6411425114242668,새울병원,1.7810410425985448,부천세종병원,0.2573719870214508,True
31052571,부천시 소사구,부천시,범박동,동,1.1510659588463399,28056,3625.0,1123.0,0.0,0.0,0.129205873966353,0.04002708867978329,27,23.456518536140926,0.962360992301112,1.4303496908107889,새울병원,2.5595150329080982,부천세종병원,0.0329261240729406,True
31052581,부천시 소사구,부천시,옥길동,동,2.9092292827540516,30828,3503.0,1171.0,0.0,1.0,0.11363046581030233,0.037984948747891524,65,22.342687248929067,2.1084728169196834,2.66003211134714,건주병원,4.223421672897218,부천세종병원,0.12792778222168627,True
31052591,부천시 소사구,부천시,괴안동,동,0.6916830877266217,18514,4185.0,1620.0,0.0,0.0,0.22604515501782435,0.08750135032948039,21,30.360724980310582,1.1342767635303015,1.2737444174109305,건주병원,1.8042939096534292,부천세종병원,0.06674280142578534,True
31052601,부천시 소사구,부천시,역곡3동,동,1.0199507067209879,22884,5418.0,2122.0,0.0,0.0,0.23675930781331936,0.09272854396084601,32,31.374065226030325,1.3983569306065373,0.3047420985682776,건주병원,2.5961891721594275,가톨릭대학교부천성모병원,0.2704841324436336,True
31053511,부천시 오정구,부천시,성곡동,동,4.586156491876013,37589,7888.0,2997.0,0.0,0.0,0.20984862592779802,0.07973077230040704,100,21.804750923162242,2.6603527627763444,0.727048131130195,부천우리병원,0.727048131130195,부천우리병원,0.11897672356854197,True
31053521,부천시 오정구,부천시,고강본동,동,1.5583600631083052,25136,5387.0,2122.0,0.0,1.0,0.21431413112667091,0.08442075111394017,54,34.65181204162252,2.1483131763208148,1.5620723605206497,메디힐병원,2.1033101955868188,부천우리병원,0.06880133965547947,True
31053531,부천시 오정구,부천시,고강1동,동,1.9834720894183073,12145,2632.0,957.0,0.0,1.0,0.21671469740634006,0.07879785920131742,43,21.67915557239356,3.5405516673528203,0.9921155259689333,오정본병원,1.5740298311460041,부천우리병원,0.3553541074978885,True
31053541,부천시 오정구,부천시,원종1동,동,1.3922081588624688,20999,4094.0,1550.0,0.0,0.0,0.1949616648411829,0.07381303871612933,31,22.266785180550272,1.4762607743225868,0.27995034323213713,오정본병원,1.2245825404479656,부천우리병원,0.19988727067047174,True
31053551,부천시 오정구,부천시,원종2동,동,0.6140524286891862,18410,3500.0,1325.0,0.0,1.0,0.19011406844106463,0.07197175448126018,17,27.684932435313044,0.9234111895708854,0.4992110220198869,오정본병원,1.1099015953262832,부천우리병원,0.4636238981041315,True
31053561,부천시 오정구,부천시,오정동,동,6.772008774859218,19119,3524.0,1112.0,0.0,1.0,0.18431926355980963,0.058162037763481354,76,11.222667088404643,3.9751033003818192,2.1522275581764037,오정본병원,2.6152142945675134,부천우리병원,0.13941847162309753,True
31053571,부천시 오정구,부천시,신흥동,동,3.1567107368060743,18297,3372.0,1230.0,0.0,0.0,0.18429250696835547,0.06722413510411543,97,30.728187688854746,5.301415532600973,1.145142043498192,의료법인대인의료재단 다니엘종합병원,1.145142043498192,의료법인대인의료재단 다니엘종합병원,0.06546318442131581,True
31060510,광명시,광명시,광명1동,동,0.339990889182698,0,0.0,0.0,0.0,0.0,,,12,35.29506343198409,,0.5716052215338252,광명21세기병원,1.9524101237123919,구로성심병원,0.4052445162686909,True
31060520,광명시,광명시,광명2동,동,0.23374080898768484,3162,995.0,438.0,0.0,0.0,0.314674256799494,0.13851992409867173,10,42.78243086138575,3.1625553447185326,0.10210049920601069,광명21세기병원,2.2800050813492287,광명성애병원,0.14493842423364192,True
31060530,광명시,광명시,광명3동,동,0.3189566331528649,10292,2876.0,1094.0,0.0,1.0,0.27944034201321416,0.10629615235134085,17,53.298781818569324,1.6517683637776914,0.6242572352770355,광명21세기병원,2.147941999283524,광명성애병원,0.08100777427667857,True
31060540,광명시,광명시,광명4동,동,0.288854699718254,7496,2143.0,832.0,0.0,0.0,0.28588580576307365,0.11099252934898612,15,51.92922259748881,2.0010672358591246,0.9677929536931812,광명21세기병원,1.940150730105316,광명성애병원,0.13181621528865528,True
31060550,광명시,광명시,광명5동,동,0.39435029334553917,11859,2704.0,990.0,0.0,1.0,0.22801247997301627,0.08348090058183658,13,32.965615138034366,1.0962138460241166,1.5704578121238584,광명21세기병원,2.7770999784949044,광명성애병원,0.573705571365453,True
31060560,광명시,광명시,광명6동,동,2.4432569731388125,13468,2383.0,866.0,0.0,0.0,0.17693792693792693,0.0643005643005643,40,16.371589415178317,2.97000297000297,2.2367873704694383,광명21세기병원,2.7849851878149474,광명성애병원,0.461401398951409,True
31060570,광명시,광명시,광명7동,동,2.3106524139626714,22033,4006.0,1375.0,0.0,0.0,0.18181818181818182,0.06240639041437843,30,12.983346096850312,1.3615939726773476,2.329124334926261,광명21세기병원,2.342231240191402,광명성애병원,0.043484461832104956,True
31060580,광명시,광명시,철산1동,동,0.5679748337637043,10122,1429.0,491.0,0.0,1.0,0.1411776328788777,0.04850819996048212,35,61.62244860053275,3.4578146611341634,1.3912198516508705,구로성심병원,1.3912198516508705,구로성심병원,0.22938176646374833,True
31060590,광명시,광명시,철산2동,동,0.6089592023339968,5281,1240.0,450.0,0.0,0.0,0.2348040143912138,0.08521113425487598,31,50.906530160287126,5.870100359780345,1.1451877128598986,광명21세기병원,1.625463259214718,광명성애병원,0.3578056305858905,True
31060600,광명시,광명시,철산3동,동,1.3317511234063326,35346,5255.0,1812.0,0.0,0.0,0.1486731171844056,0.05126464097776269,62,46.555245128246895,1.7540881570757654,0.45397257124655754,광명성애병원,0.45397257124655754,광명성애병원,0.031094088433954933,True
31060610,광명시,광명시,철산4동,동,0.3347330474533316,9014,1265.0,448.0,0.0,0.0,0.1403372531617484,0.04970046594186821,7,20.9121867507747,0.7765697803416908,0.748565022171891,광명성애병원,0.748565022171891,광명성애병원,0.08507578899617564,True
31060620,광명시,광명시,하안1동,동,3.9016674941425626,24592,4117.0,1463.0,0.0,0.0,0.16741216655823032,0.05949089134677944,47,12.046131575937586,1.9111906310995446,2.0407607811744977,광명성애병원,2.0407607811744977,광명성애병원,0.7400435687669459,True
31060630,광명시,광명시,하안2동,동,0.4412264608603947,12769,2549.0,1046.0,0.0,0.0,0.19962408959198058,0.08191714308089905,15,33.996147852850655,1.174720025060694,1.4273889536773459,광명성애병원,1.4273889536773459,광명성애병원,0.06109303840687186,True
31060640,광명시,광명시,하안3동,동,0.5759904266405788,18374,3945.0,1680.0,0.0,0.0,0.21470556220746706,0.09143354740394036,37,64.23717875972305,2.013715032110591,1.5759087270774292,광명다시선병원,2.2286299812912707,희명병원,0.13914561465184208,True
31060650,광명시,광명시,하안4동,동,0.4305010512782376,11420,1646.0,582.0,0.0,0.0,0.14413309982486866,0.05096322241681261,7,16.260122894510243,0.6129597197898424,1.4166554588983178,광명성애병원,1.4166554588983178,광명성애병원,0.05273659450284202,True
31060660,광명시,광명시,소하1동,동,3.752034738170737,29184,4730.0,1731.0,0.0,0.0,0.1620751096491228,0.05931332236842105,90,23.986984737747523,3.083881578947368,1.0416757279523523,광명다시선병원,1.7396992315996482,희명병원,0.2915095789844573,True
31060680,광명시,광명시,학온동,동,12.90343688739332,1761,635.0,269.0,0.0,1.0,0.36059057353776264,0.15275411697898922,79,6.122399845050827,44.86087450312323,4.2213367470253935,중앙대학교광명병원,4.2213367470253935,중앙대학교광명병원,2.879158646167143,True
31060690,광명시,광명시,소하2동,동,3.8964181160314517,25163,5465.0,2092.0,0.0,0.0,0.2171839605770377,0.08313794062711123,66,16.93863390287842,2.6228987004729167,1.657462596808768,중앙대학교광명병원,1.657462596808768,중앙대학교광명병원,0.13778609416219184,True
31060700,광명시,광명시,일직동,동,3.4473428670233175,21035,1477.0,342.0,0.0,0.0,0.07021630615640599,0.016258616591395294,67,19.43525856998744,3.1851675778464466,0.8881968040562815,중앙대학교광명병원,0.8881968040562815,중앙대학교광명병원,0.2604919824498721,True
31070110,평택시,평택시,팽성읍,읍,56.79799036902379,28144,7088.0,3126.0,0.0,0.0,0.251847640704946,0.11107163160886868,217,3.8205577097028134,7.710346787947698,5.783337028470825,의료법인 박애의료재단 박애병원,5.783337028470825,의료법인 박애의료재단 박애병원,0.23874359136477263,True
31070120,평택시,평택시,안중읍,읍,28.57046349207632,45726,6155.0,2589.0,0.0,0.0,0.13460613217862924,0.05661986615929668,143,5.005169063486119,3.127323623321524,4.159964170386264,의료법인백성의료재단 안중백병원,17.203261323211766,의료법인 양진의료재단 평택성모병원,0.24806951301505833,True
31070130,평택시,평택시,포승읍,읍,61.903439440673424,28917,3743.0,1391.0,0.0,0.0,0.12943943009302486,0.048103191894041566,168,2.7139041306583076,5.809731299927378,12.094145531552574,의료법인백성의료재단 안중백병원,22.08072519171774,의료법인 은혜와감사의료재단 화성중앙종합병원,1.3624632900432108,True
31070140,평택시,평택시,청북읍,읍,52.44480216889766,28074,3059.0,1216.0,0.0,0.0,0.10896202892355916,0.04331409845408563,165,3.1461649806327823,5.877324214575764,6.038095465061918,의료법인백성의료재단 안중백병원,13.38960939963179,의료법인 은혜와감사의료재단 화성중앙종합병원,0.08381209480010017,True
31070310,평택시,평택시,진위면,면,33.94166964613983,11346,2622.0,1111.0,0.0,0.0,0.2310946589106293,0.09791997179622774,130,3.8301003266875187,11.457782478406488,4.299472742597408,서울제일병원,5.385074944377393,오산한국병원,1.055990297397906,True
31070320,평택시,평택시,서탄면,면,28.53286879485683,4730,1076.0,481.0,0.0,1.0,0.22748414376321352,0.10169133192389006,53,1.8575068767551852,11.205073995771668,6.555874179982729,서울제일병원,6.803298514322765,오산한국병원,1.413706502768042,True
31070330,평택시,평택시,고덕면,면,22.166891359754597,12848,2323.0,1011.0,0.0,1.0,0.1808063511830635,0.0786892901618929,84,3.789435272485133,6.537982565379825,3.8762301865078554,의료법인 갈렌의료재단 박병원,3.8762301865078554,의료법인 갈렌의료재단 박병원,1.8380079826533178,True
31070340,평택시,평택시,오성면,면,32.48446962688554,6541,1838.0,860.0,0.0,0.0,0.2809967894817306,0.1314783672221373,92,2.832122582166367,14.065127656321662,2.647580558976342,의료법인백성의료재단 안중백병원,10.65897049557186,의료법인 갈렌의료재단 박병원,0.19010026053140416,True
31070370,평택시,평택시,현덕면,면,46.364926659626484,5614,1874.0,902.0,0.0,0.0,0.3338083363021019,0.16066975418596366,72,1.552897959454683,12.82508015675098,9.360885415124692,의료법인백성의료재단 안중백병원,19.919919727590138,의료법인 양진의료재단 평택성모병원,2.4257000377930287,True
31070510,평택시,평택시,중앙동,동,5.337989717566774,42400,6337.0,2591.0,0.0,0.0,0.14945754716981133,0.06110849056603774,80,14.986915343191509,1.8867924528301887,1.364714448988784,의료법인 갈렌의료재단 박병원,1.364714448988784,의료법인 갈렌의료재단 박병원,0.5522027313301274,True
31070520,평택시,평택시,서정동,동,1.6709370167897153,25412,4589.0,1918.0,0.0,0.0,0.1805839760742956,0.07547615299858335,48,28.72639693638478,1.888871399338895,1.6270862131155859,서울제일병원,3.241519960797891,의료법인 갈렌의료재단 박병원,0.4104021524044396,True
31070530,평택시,평택시,송탄동,동,19.53825676896937,25013,2494.0,983.0,0.0,0.0,0.09970815176108423,0.03929956422660217,78,3.9921678234815445,3.1183784432095307,3.9200345404316885,의료법인 갈렌의료재단 박병원,3.9200345404316885,의료법인 갈렌의료재단 박병원,2.379413163970153,True
31070550,평택시,평택시,지산동,동,0.6977910964309074,12784,1777.0,722.0,0.0,0.0,0.13900187734668334,0.056476846057571965,27,38.69352896318223,2.1120150187734668,0.687374292602038,서울제일병원,4.089786267475374,의료법인 갈렌의료재단 박병원,0.14430514336357098,True
31070560,평택시,평택시,송북동,동,7.126161796547122,20850,3910.0,1572.0,0.0,0.0,0.18752997601918464,0.07539568345323741,47,6.5954157850826745,2.254196642685851,0.2745992666246795,서울제일병원,4.864747043810452,의료법인 갈렌의료재단 박병원,0.21956024076546876,True
31070570,평택시,평택시,신장1동,동,1.5871581716914183,7668,1278.0,607.0,0.0,1.0,0.16666666666666666,0.07916014606155451,11,6.930626194790285,1.4345331246739697,1.148827479653135,서울제일병원,5.292539412169409,의료법인 갈렌의료재단 박병원,0.3818154768524039,True
31070580,평택시,평택시,신장2동,동,0.6318847695877192,5342,1320.0,633.0,0.0,0.0,0.24709846499438412,0.11849494571321602,11,17.408237275883515,2.0591538749532012,1.4297676116352314,서울제일병원,4.034673049100657,의료법인 갈렌의료재단 박병원,0.4060618914231953,True
31070590,평택시,평택시,신평동,동,6.412321760486464,21108,3905.0,1601.0,0.0,1.0,0.18500094750805382,0.07584801970816751,67,10.448633506331895,3.1741519802918323,1.203627783816177,의료법인 박애의료재단 박애병원,1.203627783816177,의료법인 박애의료재단 박애병원,0.19034183021597562,True
31070600,평택시,평택시,원평동,동,5.238978495049085,14159,2461.0,1010.0,0.0,0.0,0.173811709866516,0.07133272123737552,41,7.825953101114202,2.895684723497422,1.142651022470898,의료법인 박애의료재단 박애병원,1.142651022470898,의료법인 박애의료재단 박애병원,0.2900386196655434,True
31070610,평택시,평택시,통복동,동,0.6084384360505803,5942,1266.0,502.0,0.0,1.0,0.21305957590037025,0.0844833389431168,14,23.00972320367374,2.356109054190508,0.7037352029165934,의료법인 박애의료재단 박애병원,0.7037352029165934,의료법인 박애의료재단 박애병원,0.03794471781009011,True
31070640,평택시,평택시,세교동,동,7.078042781813873,37525,4224.0,1576.0,0.0,0.0,0.1125649566955363,0.041998667554963356,82,11.585123533116885,2.1852098600932712,0.40280807790481227,의료법인 양진의료재단 평택성모병원,0.40280807790481227,의료법인 양진의료재단 평택성모병원,1.0531210375710438,True
31070650,평택시,평택시,비전2동,동,4.762753179519312,56720,7076.0,2596.0,0.0,0.0,0.12475317348377997,0.04576868829337095,67,14.067493627028993,1.181241184767278,0.6301354587433592,의료법인백송의료재단 굿모닝병원,0.6301354587433592,의료법인백송의료재단 굿모닝병원,0.3148532415756236,True
31070660,평택시,평택시,용이동,동,2.623334080525513,26797,1724.0,561.0,0.0,1.0,0.06433555995074075,0.020935179311116915,45,17.1537435258667,1.6792924581109825,0.8593418937074861,허리편한병원,2.412251114476584,의료법인백송의료재단 굿모닝병원,0.574507186465045,True
31070670,평택시,평택시,비전1동,동,12.9951083907465,50589,5954.0,2319.0,0.0,0.0,0.11769356974836427,0.045840004744114336,123,9.465099966967978,2.4313585957421573,1.0438540542823693,평택우리병원,2.4082284309611004,의료법인백송의료재단 굿모닝병원,0.6929311499895092,True
31070680,평택시,평택시,동삭동,동,3.0245191101655235,41599,2489.0,731.0,0.0,0.0,0.0598331690665641,0.017572537801389457,46,15.20902937772562,1.1057958123993366,2.856200674273657,의료법인 양진의료재단 평택성모병원,2.856200674273657,의료법인 양진의료재단 평택성모병원,0.2928100585503853,True
31070690,평택시,평택시,고덕동,동,16.59632065784781,49907,2038.0,547.0,0.0,0.0,0.04083595487606949,0.010960386318552508,99,5.965177586104691,1.9836896627727574,1.7739716103746386,의료법인 갈렌의료재단 박병원,1.7739716103746386,의료법인 갈렌의료재단 박병원,0.26086952154225784,True
31080510,동두천시,동두천시,생연1동,동,1.9726917404053557,6210,1745.0,793.0,0.0,0.0,0.2809983896940419,0.12769726247987118,24,12.166117750900298,3.864734299516908,1.1008324470622504,동두천중앙성모병원,15.190688441333906,의료법인 일심의료재단 포천우리병원,0.7040434138025805,True
31080520,동두천시,동두천시,생연2동,동,0.750818082188048,10553,2841.0,1343.0,0.0,0.0,0.2692125461953947,0.12726238984175117,18,23.973849893897153,1.7056761110584666,1.1350381574805324,동두천중앙성모병원,15.25820944598259,의료법인 일심의료재단 포천우리병원,0.11702381024287103,True
31080530,동두천시,동두천시,중앙동,동,0.6479898287112257,4897,1798.0,903.0,0.0,0.0,0.36716356953236673,0.18439861139473146,16,24.691745597029026,3.2673065141923625,0.30597076996504785,동두천중앙성모병원,15.650761217142234,의료법인 일심의료재단 포천우리병원,0.08906865721307308,True
31080550,동두천시,동두천시,보산동,동,13.718083313662348,3552,786.0,364.0,0.0,1.0,0.22128378378378377,0.10247747747747747,15,1.0934472154036958,4.222972972972973,1.517403502307653,동두천중앙성모병원,15.83493230407483,경기도의료원포천병원,1.3756567355214289,True
31080560,동두천시,동두천시,불현동,동,33.78780086918739,24890,6237.0,2978.0,0.0,0.0,0.2505825632784251,0.11964644435516271,111,3.2852093697884275,4.459622338288469,4.088772864521902,동두천중앙성모병원,12.042346351778923,의료법인 일심의료재단 포천우리병원,2.6898577795201186,True
31080580,동두천시,동두천시,소요동,동,31.38132241882531,9549,2694.0,1233.0,0.0,0.0,0.2821237825950361,0.1291234684260132,69,2.1987601121171254,7.22588752748979,5.033777653145161,동두천중앙성모병원,17.220682247490632,경기도의료원포천병원,5.002273129532895,True
31080600,동두천시,동두천시,상패동,동,8.073362881580577,5247,1542.0,733.0,0.0,1.0,0.2938822184105203,0.13969887554793214,50,6.193206069564305,9.529254812273681,2.1905262993114314,동두천중앙성모병원,17.13725325111158,의료법인 일심의료재단 포천우리병원,1.8311238569152641,True
31080610,동두천시,동두천시,송내동,동,5.5150961092443325,24568,4897.0,2395.0,0.0,0.0,0.19932432432432431,0.09748453272549658,66,11.967153190562112,2.686421361120156,3.4542384105050026,동두천중앙성모병원,13.541116916352122,의료법인 일심의료재단 포천우리병원,0.9355292538574118,True
31091510,안산시 상록구,안산시,일동,동,2.4515663741117972,24604,3891.0,1583.0,0.0,0.0,0.15814501707039505,0.06433913184847992,29,11.829171874045915,1.1786701349374087,1.0093731402003636,근로복지공단안산병원,1.0093731402003636,근로복지공단안산병원,0.11960672063342563,True
31091540,안산시 상록구,안산시,본오1동,동,6.480080404239737,36661,5210.0,2011.0,0.0,0.0,0.14211287198930744,0.054853931971304656,49,7.561634569833525,1.3365701972122963,1.7506741283369365,기둥병원,3.9350916486473446,근로복지공단안산병원,0.03762212524793726,True
31091550,안산시 상록구,안산시,본오2동,동,0.8337580973853853,25202,4104.0,1641.0,0.0,0.0,0.16284421871280058,0.0651138798508055,21,25.18716167897466,0.8332672010157923,1.3851977551883254,기둥병원,3.259896291909885,근로복지공단안산병원,0.2721212948406857,True
31091560,안산시 상록구,안산시,본오3동,동,1.0792460526396717,19335,3279.0,1267.0,0.0,0.0,0.169588828549263,0.06552883372123093,26,24.090891911448697,1.3447116627876907,0.3713672937604528,기둥병원,2.4329474552401553,근로복지공단안산병원,0.08811664137355772,True
31091570,안산시 상록구,안산시,부곡동,동,5.696645770729692,20622,3257.0,1331.0,0.0,0.0,0.15793812433323634,0.06454272136553195,46,8.074927220568217,2.23062748520997,1.1915825442803853,동안산병원,2.347640852836878,의료법인칠석의료재단사랑의병원,0.10072625193164461,True
31091580,안산시 상록구,안산시,월피동,동,6.068361779116557,35783,5367.0,1998.0,0.0,0.0,0.14998742419584718,0.05583657043847637,52,8.569034262088811,1.4532040354358213,0.3243403316148609,동안산병원,1.4040548367021655,의료법인칠석의료재단사랑의병원,0.45794606214080313,True
31091620,안산시 상록구,안산시,성포동,동,1.7028890029665027,23962,3979.0,1292.0,0.0,0.0,0.1660545864285118,0.05391870461564143,31,18.204357386768443,1.29371504882731,0.7808265981707794,의료법인칠석의료재단사랑의병원,0.7808265981707794,의료법인칠석의료재단사랑의병원,0.1320053337802098,True
31091710,안산시 상록구,안산시,반월동,동,13.248350548601879,16497,4236.0,1663.0,0.0,0.0,0.25677395890161847,0.10080620718918591,48,3.623092536984955,2.9096199308965267,4.17750027280171,근로복지공단안산병원,4.17750027280171,근로복지공단안산병원,0.5232682763626753,True
31091730,안산시 상록구,안산시,안산동,동,8.368011900228398,8281,1992.0,676.0,0.0,0.0,0.24055065813307572,0.08163265306122448,24,2.868064754944354,2.8982007003985024,4.003035287657733,동안산병원,5.59122164562681,의료법인칠석의료재단사랑의병원,0.7100449613002057,True
31091740,안산시 상록구,안산시,이동,동,2.367990171435528,27423,4403.0,1856.0,0.0,0.0,0.16055865514349268,0.06768041425081137,44,18.58115820359433,1.6044925792218212,0.5422073957952496,의료법인서전의료재단한사랑병원,2.581913767372659,의료법인칠석의료재단사랑의병원,0.280488321439079,True
31091760,안산시 상록구,안산시,사동,동,2.2427572320161713,35298,5001.0,2313.0,0.0,0.0,0.14167941526432093,0.06552779194288628,44,19.61870833449295,1.2465295484163408,0.7766690004655932,의료법인서전의료재단한사랑병원,3.621633478784739,고려대학교의과대학부속안산병원,0.33059481483630293,True
31091770,안산시 상록구,안산시,사이동,동,3.0095184726084834,30520,4301.0,1474.0,0.0,0.0,0.14092398427260813,0.0482961992136304,42,13.955720950799392,1.3761467889908257,2.9583059709826953,기둥병원,4.716200763483752,의료법인 플러스의료재단 단원병원,0.29499007668380645,True
31091780,안산시 상록구,안산시,해양동,동,4.802691468371846,44140,3428.0,848.0,0.0,0.0,0.07766198459447213,0.019211599456275485,51,10.61904566134652,1.1554145899410966,2.392248666228609,의료법인 플러스의료재단 단원병원,2.392248666228609,의료법인 플러스의료재단 단원병원,1.1554601211078097,True
31092590,안산시 단원구,안산시,와동,동,3.2188740804994387,38217,5153.0,1851.0,0.0,0.0,0.13483528272758197,0.04843394300965539,53,16.46538468872835,1.3868173849334067,0.5165226548386311,온누리병원,1.7891092840190068,대아의료재단한도병원,0.26510954986343377,True
31092660,안산시 단원구,안산시,초지동,동,25.841583710598105,51946,6951.0,2970.0,0.0,0.0,0.13381203557540522,0.05717475840295692,285,11.02873582330468,5.4864667154352595,4.860561565297126,의료법인 플러스의료재단 단원병원,4.860561565297126,의료법인 플러스의료재단 단원병원,3.178598282894645,True
31092680,안산시 단원구,안산시,선부1동,동,0.8428925791978128,18655,2799.0,914.0,0.0,1.0,0.15004020369874027,0.048994907531492896,19,22.541425169601617,1.0184937014205306,0.21250967914534855,대아의료재단한도병원,0.21250967914534855,대아의료재단한도병원,0.420828658615431,True
31092690,안산시 단원구,안산시,선부2동,동,3.088152508239,27513,3164.0,1011.0,0.0,0.0,0.11500018173227201,0.03674626540181005,53,17.162364830946427,1.9263620833787662,0.9428809763433161,대아의료재단한도병원,0.9428809763433161,대아의료재단한도병원,0.48766252488964185,True
31092700,안산시 단원구,안산시,선부3동,동,4.809990109005427,34663,4426.0,1355.0,0.0,0.0,0.12768658223465942,0.03909067305195742,31,6.444919697851509,0.8943253613362953,0.8216522876700264,온누리병원,2.0753304907430357,대아의료재단한도병원,0.3427993366590797,True
31092720,안산시 단원구,안산시,대부동,동,60.87457252644102,8912,3146.0,1264.0,0.0,0.0,0.3530071813285458,0.14183123877917414,198,3.252589575294319,22.21723518850987,21.51282507272363,의료법인 석경의료재단 센트럴병원,21.51282507272363,의료법인 석경의료재단 센트럴병원,0.20686251642292605,True
31092730,안산시 단원구,안산시,호수동,동,2.643743771896628,41991,4966.0,1605.0,0.0,0.0,0.11826343740325308,0.038222476244909626,49,18.534322622667506,1.1669167202495774,0.254371495359528,박진영병원,1.208914680641153,고려대학교의과대학부속안산병원,0.027029029419189644,True
31092740,안산시 단원구,안산시,고잔동,동,1.4588254634939726,20394,3044.0,1116.0,0.0,0.0,0.14925958615279003,0.05472197705207414,16,10.96772739466657,0.7845444738648623,0.6981724881945014,고려대학교의과대학부속안산병원,0.6981724881945014,고려대학교의과대학부속안산병원,0.33673381188665485,True
31092750,안산시 단원구,안산시,중앙동,동,1.9967005477107143,25073,3264.0,1101.0,0.0,0.0,0.1301798747656842,0.04391177760938061,25,12.520655652978789,0.9970885015753999,0.8853679417866042,에이스병원,1.0968762049035934,의료법인칠석의료재단사랑의병원,0.3103723950699825,True
31092760,안산시 단원구,안산시,원곡동,동,1.3194100762492598,30598,3562.0,965.0,0.0,0.0,0.11641283744035558,0.0315380090201974,23,17.432033007799234,0.751683116543565,1.6505473841876035,대아의료재단한도병원,1.6505473841876035,대아의료재단한도병원,0.14349744587209792,True
31092770,안산시 단원구,안산시,신길동,동,6.836081342487211,25144,3604.0,1074.0,0.0,1.0,0.14333439389118677,0.04271396754692969,54,7.899262354352394,2.147629653197582,3.455889683228494,대아의료재단한도병원,3.455889683228494,대아의료재단한도병원,0.5951218642492356,True
31092780,안산시 단원구,안산시,백운동,동,1.4646468808238087,30117,3903.0,1030.0,0.0,1.0,0.12959458113357905,0.03419995351462629,25,17.06896066711892,0.8300959590928711,1.4527594760594436,대아의료재단한도병원,1.4527594760594436,대아의료재단한도병원,0.08336454080416558,True
31101510,고양시 덕양구,고양시,주교동,동,5.516699401146042,10499,2598.0,1080.0,0.0,1.0,0.2474521382988856,0.10286693970854367,77,13.9576211065631,7.334031812553576,0.6557382216919081,원당연세병원,2.514701634224439,의료법인명지의료재단명지병원,0.23071650730076287,True
31101511,고양시 덕양구,고양시,흥도동,동,9.219212427585033,28665,3829.0,1433.0,0.0,0.0,0.13357753357753357,0.04999127856270713,102,11.063851798750541,3.5583464154892726,4.06801652968352,의료법인자인의료재단(더자인병원),4.06801652968352,의료법인자인의료재단(더자인병원),0.3462067267818354,True
31101512,고양시 덕양구,고양시,삼송1동,동,6.280559320721973,21519,2811.0,1066.0,0.0,0.0,0.13062874668897254,0.04953761791904828,57,9.075624811302259,2.6488219712811936,3.690179456905806,가톨릭대학교 은평성모병원,3.690179456905806,가톨릭대학교 은평성모병원,0.3297715654883438,True
31101513,고양시 덕양구,고양시,삼송2동,동,2.5202871552671278,27363,4880.0,2104.0,0.0,0.0,0.1783430179439389,0.07689215363812447,42,16.66476770800682,1.5349194167306217,4.872602462736471,원당연세병원,5.0756413259107,가톨릭대학교 은평성모병원,0.20906819949712765,True
31101514,고양시 덕양구,고양시,행신3동,동,0.5817673312718736,21549,3736.0,1680.0,0.0,0.0,0.17337231426052252,0.07796185437839342,30,51.56700692425146,1.39217597104274,0.48641848007204985,의료법인자인의료재단(더자인병원),0.48641848007204985,의료법인자인의료재단(더자인병원),0.1423561565899008,True
31101515,고양시 덕양구,고양시,행신4동,동,1.3769421024625843,18873,3772.0,1520.0,0.0,0.0,0.19986223705823133,0.08053833518783447,44,31.954865728419843,2.3313728607004713,1.427326765106125,의료법인자인의료재단(더자인병원),1.427326765106125,의료법인자인의료재단(더자인병원),0.025158529154097026,True
31101520,고양시 덕양구,고양시,원신동,동,12.885395075905627,22159,3956.0,1485.0,0.0,0.0,0.1785279119093822,0.0670156595514238,74,5.742936057767638,3.3395008800036106,5.7255939595845184,원당연세병원,6.322042713079617,가톨릭대학교 은평성모병원,0.906202765820682,True
31101540,고양시 덕양구,고양시,성사1동,동,2.3072994587504154,22482,4800.0,1979.0,0.0,0.0,0.21350413664264745,0.08802597633662486,59,25.571019737487024,2.624321679565875,0.6687752316964478,원당연세병원,2.5462543271497995,의료법인명지의료재단명지병원,0.24553500740931058,True
31101550,고양시 덕양구,고양시,성사2동,동,0.9928690392038462,10037,2505.0,1140.0,0.0,1.0,0.24957656670319817,0.11357975490684467,18,18.12927917908861,1.7933645511607053,0.5225011083150221,원당연세병원,1.6518970281555845,의료법인명지의료재단명지병원,0.20719272304730704,True
31101560,고양시 덕양구,고양시,효자동,동,25.754503004493568,25579,2945.0,1171.0,0.0,0.0,0.11513350795574495,0.04577974119394816,56,2.174377039627955,2.1892959067985456,2.843843891633462,가톨릭대학교 은평성모병원,2.843843891633462,가톨릭대학교 은평성모병원,0.6955158765655608,True
31101580,고양시 덕양구,고양시,창릉동,동,11.283254062688094,22608,2828.0,1061.0,0.0,0.0,0.1250884642604388,0.04693029016277424,132,11.698752794772455,5.83864118895966,3.0476168363495115,가톨릭대학교 은평성모병원,3.0476168363495115,가톨릭대학교 은평성모병원,2.244487321197411,True
31101590,고양시 덕양구,고양시,고양동,동,23.881392206038186,27562,6583.0,3002.0,0.0,0.0,0.23884333502648575,0.10891807561134896,143,5.987925610293515,5.188302735650533,1.9265164039467984,국군고양병원,10.630734451799816,가톨릭대학교 은평성모병원,0.23083551076359005,True
31101600,고양시 덕양구,고양시,관산동,동,16.402493370347706,34204,9004.0,3928.0,0.0,0.0,0.2632440650216349,0.11484036954742136,129,7.864657957015557,3.7714887147702023,4.445698844040908,국군고양병원,8.118827287823196,동국대학교일산불교병원,0.8899362405360541,True
31101610,고양시 덕양구,고양시,능곡동,동,12.502542011206677,17503,3394.0,1370.0,0.0,0.0,0.19390961549448665,0.07827229617779809,80,6.398698754884555,4.57064503228018,2.414728813100024,연세강인병원,3.064315561200561,의료법인자인의료재단(더자인병원),0.9256569683438044,True
31101620,고양시 덕양구,고양시,화정1동,동,2.264658982082728,34112,6747.0,3213.0,0.0,0.0,0.19778963414634146,0.09418972795497185,57,25.16935240624135,1.670966228893058,0.27556103861532444,의료법인명지의료재단명지병원,0.27556103861532444,의료법인명지의료재단명지병원,0.3929351896853268,True
31101630,고양시 덕양구,고양시,화정2동,동,1.9823302815995583,30471,5070.0,2445.0,0.0,0.0,0.16638771290735455,0.08024022841390174,40,20.178272193735385,1.3127235732335663,0.3845510026358769,연세강인병원,1.0038149453257548,의료법인자인의료재단(더자인병원),0.15995480200938383,True
31101640,고양시 덕양구,고양시,행주동,동,6.3881286730906135,14086,3376.0,1362.0,0.0,0.0,0.23967059491693882,0.0966917506744285,56,8.766260491260091,3.975578588669601,1.926669147796377,의료법인자인의료재단(더자인병원),1.926669147796377,의료법인자인의료재단(더자인병원),0.8235415306581629,True
31101650,고양시 덕양구,고양시,행신1동,동,0.667293891966291,19746,3999.0,1736.0,0.0,0.0,0.20252202977818293,0.08791654005874608,22,32.96898153102135,1.1141497012053074,0.5715827636376273,의료법인자인의료재단(더자인병원),0.5715827636376273,의료법인자인의료재단(더자인병원),0.35194034387048434,True
31101660,고양시 덕양구,고양시,행신2동,동,4.308221874830994,28879,4994.0,2242.0,0.0,0.0,0.1729284254994979,0.07763426711451228,59,13.694745004820462,2.0430070293292704,1.2695414029812153,의료법인자인의료재단(더자인병원),1.2695414029812153,의료법인자인의료재단(더자인병원),0.16983094623238823,True
31101670,고양시 덕양구,고양시,화전동,동,7.269567553490801,27746,3418.0,1238.0,0.0,0.0,0.12318892813378506,0.04461904418654941,67,9.21650421527853,2.4147624882866,3.0539849006008732,서울특별시서북병원,5.416269088934469,의료법인 청구성심병원,0.830729675874674,True
31101680,고양시 덕양구,고양시,대덕동,동,10.760791920921939,16804,1318.0,464.0,0.0,1.0,0.07843370626041418,0.027612473220661748,110,10.222295980477956,6.546060461794811,4.5087605987140105,부민병원,4.5087605987140105,부민병원,0.6937542266796022,True
31103510,고양시 일산동구,고양시,식사동,동,6.8450615787794975,39535,4593.0,1829.0,0.0,0.0,0.11617554066017453,0.04626280510939674,82,11.97943934561666,2.074111546730745,0.48441882088647176,동국대학교일산불교병원,0.48441882088647176,동국대학교일산불교병원,0.2267657157256148,True
31103511,고양시 일산동구,고양시,중산1동,동,1.3873239807495403,19986,4621.0,2094.0,0.0,0.0,0.23121184829380567,0.10477334133893726,34,24.50761355803174,1.7011908335835084,1.0290957276288872,로하스일산병원,3.6336729998400576,동국대학교일산불교병원,0.2958330210416591,True
31103512,고양시 일산동구,고양시,중산2동,동,1.4460643947954341,23021,4320.0,1916.0,0.0,0.0,0.18765475001085966,0.08322835671777942,45,31.11894612851309,1.954736979279788,0.6145284232323133,의료법인일산복음병원,2.516636866539377,동국대학교일산불교병원,0.4571332093293586,True
31103530,고양시 일산동구,고양시,정발산동,동,1.5463619824170969,20965,4130.0,1626.0,0.0,0.0,0.19699499165275458,0.07755783448604818,30,19.400373483773453,1.430956355831147,1.1973764002641871,허유재병원,1.2378891190702332,국립암센터,0.3250970707296475,True
31103540,고양시 일산동구,고양시,풍산동,동,5.680856433211503,35612,6352.0,2662.0,0.0,0.0,0.17836684263731326,0.07475008424126699,74,13.026204916459456,2.077951252386836,1.713815191206162,동국대학교일산불교병원,1.713815191206162,동국대학교일산불교병원,0.1622653424727116,True
31103550,고양시 일산동구,고양시,백석1동,동,1.7556556505787773,27542,4444.0,1772.0,0.0,0.0,0.1613535690944739,0.06433810180814756,53,30.188152205432644,1.9243337448260838,0.37534453552431374,국민건강보험공단일산병원,0.37534453552431374,국민건강보험공단일산병원,0.4561942609602883,True
31103560,고양시 일산동구,고양시,마두1동,동,2.2110770591671933,21628,3527.0,1432.0,0.0,0.0,0.1630756426854078,0.06621046791196597,42,18.995267408644448,1.9419271314962085,0.7136871694951316,국립암센터,0.7136871694951316,국립암센터,0.1553251018151253,True
31103570,고양시 일산동구,고양시,마두2동,동,0.6221950623871656,14513,2442.0,1179.0,0.0,0.0,0.1682629366774616,0.08123751119685799,9,14.464917104082838,0.6201336732584579,0.2507750865602262,연세마두병원,0.6959001335921775,의료법인성광의료재단일산차병원,0.21641596543703592,True
31103580,고양시 일산동구,고양시,장항1동,동,10.223704894486607,16487,1345.0,428.0,0.0,1.0,0.08157942621459331,0.025959847152301815,48,4.694971196389405,2.9113847273609514,2.0486058446344906,의료법인성광의료재단일산차병원,2.0486058446344906,의료법인성광의료재단일산차병원,0.2344165530797579,True
31103590,고양시 일산동구,고양시,장항2동,동,2.40726684912947,26198,4242.0,1959.0,0.0,0.0,0.1619207573097183,0.07477670051148942,28,11.631448341560272,1.0687838766318039,0.5346622511201735,허유재병원,0.9568258352229707,의료법인성광의료재단일산차병원,0.033584766412632444,True
31103600,고양시 일산동구,고양시,고봉동,동,25.027469665373964,23525,6443.0,3422.0,0.0,0.0,0.2738788522848034,0.14546227417640809,190,7.591658387378611,8.076514346439957,4.719887706387749,동국대학교일산불교병원,4.719887706387749,동국대학교일산불교병원,3.0555184079024453,True
31103610,고양시 일산동구,고양시,백석2동,동,0.7888345545114303,19566,3443.0,1469.0,0.0,0.0,0.17596851681488296,0.07507921905346009,27,34.22770953121168,1.3799448022079117,0.2514965263407637,일산21세기병원,0.9636571008807466,국민건강보험공단일산병원,0.16777447086944142,True
31104510,고양시 일산서구,고양시,일산1동,동,0.6441003864034082,24737,4999.0,2155.0,0.0,0.0,0.2020859441322715,0.08711646521405182,27,41.91893153606892,1.0914823947932248,0.9731677163141637,로하스일산병원,2.6764859136624004,인제대학교일산백병원,0.2593942687705371,True
31104511,고양시 일산서구,고양시,탄현1동,동,0.9121336712464642,28812,4205.0,1940.0,0.0,0.0,0.14594613355546301,0.06733305567124809,61,66.87616291660548,2.1171733999722337,1.4692025946734497,든든한병원,3.433335486373695,인제대학교일산백병원,0.3358396252471385,True
31104512,고양시 일산서구,고양시,탄현2동,동,1.2671789738547015,18197,2730.0,1166.0,0.0,1.0,0.15002472935099193,0.06407649612573502,22,17.361399181898506,1.2089904929383966,1.4997487828186487,든든한병원,4.068576459492624,인제대학교일산백병원,0.2805845378145843,True
31104513,고양시 일산서구,고양시,덕이동,동,5.534548978453116,29533,4521.0,1753.0,0.0,0.0,0.15308299190735786,0.05935732908949311,117,21.13993397754717,3.961669996275353,0.6628869262815483,일산중심재활병원,3.0787780739600863,인제대학교일산백병원,0.8113487767283132,True
31104514,고양시 일산서구,고양시,가좌동,동,12.528714547555358,17890,3041.0,1345.0,0.0,0.0,0.16998323085522637,0.07518166573504752,83,6.6247817910573445,4.639463387367244,3.641122175357422,일산중심재활병원,4.455934194393044,인제대학교일산백병원,0.4240180782589576,True
31104520,고양시 일산서구,고양시,일산2동,동,0.8148808633654684,19478,4198.0,1671.0,0.0,0.0,0.21552520792689187,0.0857890953896704,45,55.222796390320696,2.3102987986446246,0.04277173521345515,로하스일산병원,3.2071149622367936,인제대학교일산백병원,0.11768566752065031,True
31104530,고양시 일산서구,고양시,일산3동,동,1.141579804970273,31730,4177.0,1624.0,0.0,0.0,0.13164197919949575,0.051181846832650486,29,25.40339262637461,0.9139615505830444,1.1419972042110256,로하스일산병원,2.2264269600375175,인제대학교일산백병원,0.16381699462915691,True
31104550,고양시 일산서구,고양시,주엽1동,동,0.9345607642493077,24928,5067.0,2464.0,0.0,0.0,0.20326540436456997,0.09884467265725289,20,21.40042762876434,0.8023106546854942,0.9299937963070848,허유재병원,1.940446527109567,인제대학교일산백병원,0.01169633778349406,True
31104560,고양시 일산서구,고양시,주엽2동,동,0.9969994397665787,25596,5435.0,2709.0,0.0,0.0,0.2123378652914518,0.10583684950773559,22,22.066210995214526,0.8595092983278637,0.9592486566032449,인제대학교일산백병원,0.9592486566032449,인제대학교일산백병원,0.09380552663885808,True
31104570,고양시 일산서구,고양시,대화동,동,3.7683597898205634,33577,5579.0,2308.0,0.0,0.0,0.16615540399678352,0.06873752866545552,101,26.80211169666718,3.008011436399917,0.6719150653509967,인제대학교일산백병원,0.6719150653509967,인제대학교일산백병원,0.3343284693787685,True
31104580,고양시 일산서구,고양시,송포동,동,12.749788810662043,19466,3128.0,1249.0,0.0,0.0,0.1606904346039248,0.06416315627247508,43,3.3726048829954847,2.2089797595808074,2.336005027113448,인제대학교일산백병원,2.336005027113448,인제대학교일산백병원,0.1720976994634018,True
31110510,과천시,과천시,중앙동,동,6.983400139965932,10623,2156.0,826.0,0.0,0.0,0.20295585051303774,0.07775581285889109,23,3.293524578145139,2.1651134331168223,5.6890140818324815,평촌서울나우병원,6.7254209348511855,한림대학교성심병원,0.34799940692163067,True
31110521,과천시,과천시,갈현동,동,2.2907416394211126,16109,974.0,374.0,0.0,0.0,0.06046309516419393,0.023216835309454342,36,15.715434416732158,2.2347755912843748,2.7549223141984007,평촌서울나우병원,3.863524839775721,한림대학교성심병원,0.09357933490703178,True
31110522,과천시,과천시,원문동,동,2.209247653293717,15394,2019.0,798.0,0.0,1.0,0.13115499545277381,0.05183837858906067,13,5.884356142969574,0.844484864232818,4.221058332404425,평촌서울나우병원,5.307839452732728,한림대학교성심병원,0.2655727909226744,True
31110530,과천시,과천시,별양동,동,0.649557983941377,13927,2261.0,808.0,0.0,0.0,0.16234652114597545,0.05801680189559848,13,20.013609749077087,0.9334386443598766,5.425005898569419,평촌서울나우병원,6.512966537398382,한림대학교성심병원,0.12825720457018375,True
31110540,과천시,과천시,부림동,동,0.40578508248957557,13281,2177.0,837.0,0.0,0.0,0.16391837964008735,0.06302236277388751,5,12.321793520165809,0.37647767487387995,5.846356541950203,연세사랑병원,7.298195045619843,한림대학교성심병원,0.08874271493351277,True
31110550,과천시,과천시,과천동,동,10.769580474386778,5686,1332.0,482.0,0.0,0.0,0.23425958494548013,0.08476960956735842,75,6.964059573014195,13.190291945128386,3.5358107677081665,연세사랑병원,4.64941158480791,기쁨병원,1.2625829747092134,True
31110560,과천시,과천시,문원동,동,12.512442921535493,6193,1329.0,551.0,0.0,1.0,0.21459712578717907,0.08897141934442113,19,1.518488445393713,3.067979977393832,4.858851793863076,평촌서울나우병원,6.034417038497741,한림대학교성심병원,0.6976914739123533,True
31120510,구리시,구리시,갈매동,동,3.969839323797711,29882,4143.0,1331.0,0.0,0.0,0.1386453383307677,0.04454186466769292,69,17.38105610128114,2.3090823907368985,2.5845145613123495,의료법인혜수의료재단베리굿병원,3.6036672037330613,서울특별시서울의료원,0.0661850588918047,True
31120520,구리시,구리시,동구동,동,7.304080724416779,34375,5827.0,2330.0,0.0,0.0,0.16951272727272726,0.06778181818181818,89,12.184969383276707,2.589090909090909,1.2608353655750593,오케이참병원,2.5749399303209968,한양대학교구리병원,0.6965088235569901,True
31120530,구리시,구리시,인창동,동,2.212719133486562,23086,3778.0,1515.0,0.0,1.0,0.1636489647405354,0.06562418781945768,32,14.46184448614492,1.3861214588928357,0.3027678192573957,재단법인원진녹색병원,0.942797142987955,한양대학교구리병원,0.09401500945889943,True
31120540,구리시,구리시,교문1동,동,10.023777536325047,14423,3443.0,1449.0,0.0,0.0,0.23871593981834568,0.10046453581085765,34,3.3919348146731916,2.357345905844831,0.536587851540843,좋은아침병원,0.7174360339774464,한양대학교구리병원,0.42671564351496766,True
31120550,구리시,구리시,교문2동,동,1.1690332033285369,20051,3505.0,1256.0,0.0,0.0,0.1748042491646302,0.06264026731833824,33,28.228453996037537,1.6458032018353201,1.6221677322905586,구리센트럴병원,1.8225842373708379,한양대학교구리병원,0.29774017184859997,True
31120560,구리시,구리시,수택1동,동,1.1912954886250993,16272,3202.0,1232.0,0.0,0.0,0.19677974434611603,0.07571288102261553,36,30.21920282897101,2.212389380530974,0.576568667663279,구리센트럴병원,2.012541077755091,한양대학교구리병원,0.20676463761232836,True
31120570,구리시,구리시,수택2동,동,0.629838725179492,23693,5105.0,1978.0,0.0,0.0,0.21546448318068628,0.08348457350272233,28,44.45582477009577,1.1817836491790823,0.467631820452495,구리센트럴병원,1.8116680936433116,한양대학교구리병원,0.2798032776954161,True
31120580,구리시,구리시,수택3동,동,6.667483498362086,20320,3521.0,1439.0,0.0,0.0,0.1732775590551181,0.07081692913385827,71,10.64869527122814,3.4940944881889764,1.2581573886393898,구리센트럴병원,2.430846261521681,한양대학교구리병원,0.29593479250051474,True
31130110,남양주시,남양주시,와부읍,읍,50.052291793884606,55808,11796.0,5196.0,0.0,0.0,0.21136754587155962,0.09310493119266056,192,3.835988185928753,3.4403669724770642,5.823549009072097,미사튼튼병원,9.708524737906716,강동경희대학교병원,1.1958370076164349,True
31130111,남양주시,남양주시,화도읍,읍,71.53787992855463,110560,20537.0,8616.0,0.0,0.0,0.1857543415340087,0.07793053545586107,304,4.249496914132861,2.7496382054992763,0.1781266987642126,원병원,12.243939728101584,남양주 한양병원,0.1034638487194338,True
31130120,남양주시,남양주시,진접읍,읍,66.12791344580663,96296,17529.0,7451.0,0.0,0.0,0.18203248317687132,0.07737600731079172,278,4.203973564474063,2.8869319597906453,1.7387030832401316,남양주백병원,2.033062053050298,현대병원,0.7824256374319859,True
31130140,남양주시,남양주시,진건읍,읍,31.214818858629343,20049,4873.0,1959.0,0.0,0.0,0.2430545164347349,0.09771060900793058,135,4.324868922398991,6.733502917851265,4.45767648293567,엘병원,4.625531731210737,남양주 한양병원,0.1602213203412817,True
31130150,남양주시,남양주시,오남읍,읍,25.28392005663052,50522,9266.0,4224.0,0.0,0.0,0.18340524919836904,0.08360714144333162,121,4.785650315654618,2.394996239262104,1.843865681311201,남양주 한양병원,1.843865681311201,남양주 한양병원,0.6933571918514231,True
31130160,남양주시,남양주시,퇴계원읍,읍,3.2844720822871807,26243,6149.0,2370.0,0.0,0.0,0.23431010174141675,0.09030979689822048,43,13.091906072788552,1.6385321800099075,0.593214144532243,엘병원,7.388644666106519,한양대학교구리병원,0.25836682071679556,True
31130310,남양주시,남양주시,별내면,면,22.27436475112023,17329,4301.0,1928.0,0.0,0.0,0.24819666455075307,0.11125858387673841,113,5.0730964165573775,6.520860984476888,6.441853100716406,현대병원,6.441853100716406,현대병원,0.6292238763967865,True
31130340,남양주시,남양주시,수동면,면,72.84540355427865,9490,3631.0,1889.0,0.0,0.0,0.3826132771338251,0.19905163329820863,151,2.072883018452725,15.911485774499473,9.400789383500216,원병원,13.535141554823232,남양주 한양병원,2.4254611669191806,True
31130350,남양주시,남양주시,조안면,면,50.94181660681591,3456,1186.0,468.0,0.0,1.0,0.3431712962962963,0.13541666666666666,88,1.7274609713903641,25.462962962962962,11.906907879877576,청봉병원,17.421128865979497,강동경희대학교병원,0.615340622729374,True
31130510,남양주시,남양주시,호평동,동,9.208547765185155,54395,8399.0,3646.0,0.0,0.0,0.1544075742255722,0.06702821950546925,53,5.7555220813837344,0.9743542605018843,1.4804710521696862,혜성병원,6.271202191646551,남양주 한양병원,0.12895255824189103,True
31130520,남양주시,남양주시,평내동,동,7.334524270252328,36768,5604.0,2357.0,0.0,0.0,0.15241514360313316,0.06410465622280244,45,6.13536724972237,1.2238903394255873,0.7592171774359562,혜성병원,6.5606404930798945,남양주 한양병원,0.19974690058789843,True
31130530,남양주시,남양주시,금곡동,동,6.984659768390565,16723,5058.0,2070.0,0.0,0.0,0.3024576929976679,0.12378161813071817,46,6.585861233810608,2.7507026251270705,0.1340035766849942,남양주양병원,7.171844983155627,남양주 한양병원,0.3600649233523576,True
31130540,남양주시,남양주시,양정동,동,12.408121861183979,2384,701.0,259.0,0.0,0.0,0.2940436241610738,0.10864093959731544,53,4.2713958319347745,22.231543624161073,3.582081464509774,남양주양병원,6.896244956294007,한양대학교구리병원,2.293397884332663,True
31130570,남양주시,남양주시,별내동,동,18.687403097045504,80488,12390.0,4470.0,0.0,0.0,0.15393599045820494,0.0555362290030812,262,14.020139590258127,3.255143623894245,1.3910336183179652,의료법인혜수의료재단베리굿병원,5.91511376381613,한국원자력의학원원자력병원,0.832911187974312,True
31130580,남양주시,남양주시,다산1동,동,5.585416418778158,102430,12835.0,4689.0,0.0,0.0,0.1253050864004686,0.0457776042175144,126,22.558747737480818,1.2301083666894463,0.8670957821697446,서울에이스병원,3.747581798209513,한양대학교구리병원,0.3348980658757106,True
31130590,남양주시,남양주시,다산2동,동,5.5525849638113165,35444,4356.0,1502.0,0.0,0.0,0.1228980927660535,0.04237670691795509,68,12.246548309154468,1.9185193544746642,2.989472536323627,구리센트럴병원,4.253795793452883,한양대학교구리병원,0.47001859748905506,True
31140510,오산시,오산시,중앙동,동,3.678489093206886,36088,4849.0,1804.0,0.0,0.0,0.13436599423631124,0.0499889159831523,49,13.320686498836965,1.357792063843937,0.9387808519571861,버팀병원,1.954175952063661,오산한국병원,0.12488607053042948,True
31140530,오산시,오산시,남촌동,동,5.770153362662588,33837,3295.0,1077.0,0.0,0.0,0.0973786092147649,0.03182906286018264,62,10.744948375408628,1.8323137393977005,1.8469905592717653,조은오산병원,3.570763779136999,오산한국병원,0.29457528133658006,True
31140550,오산시,오산시,세마동,동,13.717010334070945,32323,4086.0,1796.0,0.0,0.0,0.12641153358289764,0.055564149367323575,97,7.071511768061216,3.000959069393311,3.2083828593080064,삼성본병원,4.2802787730598,의료법인 원광의료재단 원광종합병원,1.048191658059715,True
31140560,오산시,오산시,초평동,동,6.477042437440807,19947,2507.0,972.0,0.0,1.0,0.12568306010928962,0.04872913220033088,58,8.954704336153279,2.9077054193613074,2.9073709427139987,조은오산병원,3.228934456657874,오산한국병원,0.08283559117132341,True
31140571,오산시,오산시,신장1동,동,3.3252885773023317,35965,5173.0,2047.0,0.0,0.0,0.14383428333101628,0.05691644654525233,47,14.134111643967197,1.3068260809119976,1.4462807894045908,송호욱병원,5.25829877766888,오산한국병원,0.3628444001160938,True
31140572,오산시,오산시,신장2동,동,3.614232302210301,23315,3076.0,1094.0,0.0,0.0,0.131932232468368,0.046922582028736864,49,13.55751260649013,2.1016512974479946,0.21800749307728287,송호욱병원,4.28564447509614,오산한국병원,0.05956088023199927,True
31140581,오산시,오산시,대원1동,동,2.6581477335158,48242,6273.0,2410.0,0.0,0.0,0.1300319223912773,0.04995646946644003,65,24.453117928862337,1.3473736578085487,0.5273195612967264,오산한국병원,0.5273195612967264,오산한국병원,0.20281478776272624,True
31140582,오산시,오산시,대원2동,동,3.3898081581239596,24354,2188.0,804.0,0.0,0.0,0.08984150447565081,0.03301305740330131,50,14.750097252604341,2.0530508335386384,1.1778965269999218,오산한국병원,1.1778965269999218,오산한국병원,0.2455831992882558,True
31150510,시흥시,시흥시,대야동,동,9.381492722152574,42068,7114.0,2724.0,0.0,0.0,0.16910715983645527,0.0647523057906247,118,12.577955715018135,2.804982409432348,0.3667267603876952,삼성본어스병원,0.7680964068155252,의료법인 록향의료재단 신천연합병원,0.24008978491748684,True
31150520,시흥시,시흥시,신천동,동,3.4395659145497297,33304,6392.0,2239.0,0.0,0.0,0.19192889742973818,0.0672291616622628,77,22.386545835415397,2.3120345904395867,0.5715070300076396,연세더바로병원,1.0681978384758735,의료법인 록향의료재단 신천연합병원,0.06203414498566571,True
31150530,시흥시,시흥시,신현동,동,12.757822769967811,9078,2071.0,758.0,0.0,0.0,0.2281339502092972,0.08349856796651245,65,5.094913228690666,7.160167437761622,3.5340172057606782,연세더바로병원,4.225371608820975,의료법인 록향의료재단 신천연합병원,2.915871345536417,True
31150540,시흥시,시흥시,은행동,동,6.407948842261147,54064,6277.0,2107.0,0.0,0.0,0.11610313702278781,0.038972329091447176,76,11.860269467005011,1.405741343592779,1.4506946400799643,연세더바로병원,1.7033317269492507,의료법인 록향의료재단 신천연합병원,0.07966593538957172,True
31150550,시흥시,시흥시,매화동,동,11.17305241986555,11330,2378.0,958.0,0.0,0.0,0.20988526037069727,0.08455428067078552,64,5.7280676394401215,5.648720211827008,6.1218395702637105,아너스힐병원,6.738022025974768,의료법인 록향의료재단 신천연합병원,1.7519913315715316,True
31150560,시흥시,시흥시,목감동,동,17.614454605848596,40528,5764.0,1987.0,0.0,0.0,0.14222266087643112,0.04902783260955389,106,6.017784959677628,2.6154757204895382,6.045778557455605,아너스힐병원,6.961956537828866,중앙대학교광명병원,0.2728617574348636,True
31150590,시흥시,시흥시,과림동,동,7.624907794800974,1798,539.0,197.0,0.0,1.0,0.29977753058954393,0.10956618464961068,37,4.85251769539146,20.57842046718576,5.069424885969921,삼성본어스병원,5.298572699822316,의료법인 록향의료재단 신천연합병원,1.3909211982517395,True
31150611,시흥시,시흥시,정왕2동,동,4.82532740680906,30051,3307.0,1251.0,0.0,0.0,0.11004625470034275,0.04162923030847559,74,15.335746937208443,2.462480449901834,1.2183534511648582,의료법인 남촌의료재단 시화병원,1.2183534511648582,의료법인 남촌의료재단 시화병원,0.5043631777313424,True
31150620,시흥시,시흥시,정왕3동,동,6.094967920780367,24901,2947.0,1034.0,0.0,0.0,0.11834866069635758,0.041524436769607646,90,14.766279522678255,3.6143126782056947,2.9790213122384515,의료법인 석경의료재단 센트럴병원,2.9790213122384515,의료법인 석경의료재단 센트럴병원,1.7492196589219693,True
31150640,시흥시,시흥시,정왕본동,동,8.277897139132321,40955,4041.0,951.0,0.0,1.0,0.09866927115126359,0.02322060798437309,42,5.073752342421881,1.0255158100354047,1.4896396079946228,의료법인 남촌의료재단 시화병원,1.4896396079946228,의료법인 남촌의료재단 시화병원,0.7347775094686081,True
31150650,시흥시,시흥시,정왕1동,동,6.655344967559645,43063,3972.0,1181.0,0.0,0.0,0.09223695515872095,0.027424935559529063,125,18.781896447034885,2.9027239161228895,0.8641921676963137,의료법인 석경의료재단 센트럴병원,0.8641921676963137,의료법인 석경의료재단 센트럴병원,0.49377662000154215,True
31150670,시흥시,시흥시,능곡동,동,4.331445121424519,26130,3379.0,1428.0,0.0,0.0,0.12931496364332185,0.05464982778415614,50,11.543491513418061,1.9135093761959434,0.08887110991234892,아너스힐병원,5.042050195765647,대아의료재단한도병원,0.09346905768054904,True
31150680,시흥시,시흥시,군자동,동,8.145886558021441,22554,3964.0,1499.0,0.0,0.0,0.17575596346546069,0.06646271171410836,44,5.401499233582156,1.9508734592533477,2.8837214585020705,일어나병원,4.601462871446628,의료법인 남촌의료재단 시화병원,1.9798896162673967,True
31150690,시흥시,시흥시,월곶동,동,8.548915704631685,18354,3108.0,1340.0,0.0,0.0,0.16933638443935928,0.07300860847771604,72,8.422120709529443,3.9228506047728016,2.997032503588194,모두병원,4.229998527059949,인천힘찬종합병원,0.5839845436536708,True
31150700,시흥시,시흥시,연성동,동,9.248500327866545,23763,3314.0,1510.0,0.0,0.0,0.13946050582838868,0.06354416529899423,57,6.163161375283082,2.398687034465345,2.782219896624225,아너스힐병원,7.887184039313525,대아의료재단한도병원,0.7685934042029804,True
31150710,시흥시,시흥시,장곡동,동,4.111005132079401,46291,4041.0,1407.0,0.0,0.0,0.08729558661510876,0.03039467715106608,46,11.189477639190537,0.9937136808450887,0.7717034455906282,일어나병원,6.74802196262393,대아의료재단한도병원,0.04889730269832036,True
31150720,시흥시,시흥시,정왕4동,동,1.0280421268791742,19736,2183.0,903.0,0.0,0.0,0.11061005269558168,0.045753952168625864,28,27.236237959430277,1.4187271990271584,1.9850545421168195,의료법인 남촌의료재단 시화병원,1.9850545421168195,의료법인 남촌의료재단 시화병원,0.07202717250780628,True
31150740,시흥시,시흥시,배곧1동,동,2.588328185337768,35644,2558.0,857.0,0.0,0.0,0.07176523398047358,0.024043317248344742,37,14.29494150301177,1.0380428683649423,3.458409404066378,모두병원,3.81120291014935,의료법인 남촌의료재단 시화병원,0.4616858336626626,True
31150750,시흥시,시흥시,배곧2동,동,2.427945585896841,36113,1864.0,475.0,0.0,0.0,0.0516157616370836,0.013153158142497162,34,14.003608728916793,0.9414892144103232,3.0339098927999193,의료법인 남촌의료재단 시화병원,3.0339098927999193,의료법인 남촌의료재단 시화병원,0.11296588687139301,True
31150760,시흥시,시흥시,거북섬동,동,6.853310497292288,12257,418.0,91.0,0.0,1.0,0.03410296157297871,0.0074243289548829245,66,9.630382284018257,5.384678143101901,4.663231307949661,의료법인 석경의료재단 센트럴병원,4.663231307949661,의료법인 석경의료재단 센트럴병원,0.45930295977438934,True
31160510,군포시,군포시,군포1동,동,3.3026475801826067,33873,6144.0,2331.0,0.0,0.0,0.1813834027101231,0.06881587104773713,95,28.76480087371216,2.8045936291441564,0.8734448381499073,효산의료재단 지샘병원,0.8734448381499073,효산의료재단 지샘병원,0.43430560587017275,True
31160520,군포시,군포시,군포2동,동,3.2779733658604626,41182,6771.0,2595.0,0.0,0.0,0.1644164926424166,0.06301296683016852,78,23.79519028810813,1.8940313729299207,2.2986368755556086,원광대학교 산본병원,2.2986368755556086,원광대학교 산본병원,0.3987615841839462,True
31160540,군포시,군포시,산본1동,동,0.6891567991169973,17348,4117.0,1481.0,0.0,0.0,0.23731842287295365,0.08537007147798018,32,46.43355480349458,1.8445930366612868,1.0233576352528477,인산의료재단 메트로병원,1.0233576352528477,인산의료재단 메트로병원,0.269119080730591,True
31160550,군포시,군포시,산본2동,동,1.4048902404111416,24559,4638.0,1765.0,0.0,0.0,0.18885133759517897,0.07186774705810497,43,30.607373275947904,1.7508856223787612,1.0998309959413997,인산의료재단 메트로병원,1.0998309959413997,인산의료재단 메트로병원,0.12963879692329416,True
31160560,군포시,군포시,금정동,동,1.1898807877345026,19800,3638.0,1270.0,0.0,0.0,0.18373737373737373,0.06414141414141414,42,35.29765370862634,2.121212121212121,1.049822990651035,효산의료재단 지샘병원,1.049822990651035,효산의료재단 지샘병원,0.39218067384653815,True
31160570,군포시,군포시,재궁동,동,0.85242176282904,16770,3718.0,1572.0,0.0,0.0,0.22170542635658916,0.09373881932021468,28,32.847589328401064,1.6696481812760884,0.32143202781129454,원광대학교 산본병원,0.32143202781129454,원광대학교 산본병원,0.3736390249239907,True
31160580,군포시,군포시,오금동,동,1.0879147205398434,19553,3234.0,1316.0,0.0,0.0,0.1653966143302818,0.06730424998721424,30,27.57569084561467,1.5342914130823915,1.1672667821345402,원광대학교 산본병원,1.1672667821345402,원광대학교 산본병원,0.3448556232891623,True
31160590,군포시,군포시,수리동,동,2.9912768601396156,14547,3289.0,1527.0,0.0,0.0,0.22609472743521,0.10497009692720148,30,10.029161927391694,2.062280882656218,1.3739727926567151,원광대학교 산본병원,1.3739727926567151,원광대학교 산본병원,0.4913438100426885,True
31160600,군포시,군포시,궁내동,동,1.6888268821707266,18808,2692.0,1131.0,0.0,0.0,0.14313058273075288,0.06013398553806891,20,11.842540056144228,1.0633772862611655,0.5308741245070577,남천병원,1.2594587068614806,원광대학교 산본병원,0.13733828154737798,True
31160610,군포시,군포시,광정동,동,1.4889585140048418,22819,4246.0,1907.0,0.0,0.0,0.18607300933432666,0.08357070862000963,44,29.550856915182607,1.9282177133090845,0.41038883749802507,남천병원,1.2092235439530168,원광대학교 산본병원,0.3071089279707584,True
31160630,군포시,군포시,대야동,동,12.849888286741553,8855,1841.0,699.0,0.0,0.0,0.20790513833992094,0.07893845285149632,47,3.6576193466595623,5.307735742518351,4.145476268502258,근로복지공단안산병원,4.145476268502258,근로복지공단안산병원,1.1558064005061814,True
31160640,군포시,군포시,송부동,동,5.553131343154547,19996,2657.0,839.0,0.0,0.0,0.132876575315063,0.04195839167833567,67,12.06526477760916,3.3506701340268057,5.0767596174414225,원광대학교 산본병원,5.0767596174414225,원광대학교 산본병원,1.2968951383307175,True
31170510,의왕시,의왕시,고천동,동,8.873287203518016,13940,2691.0,1119.0,0.0,0.0,0.1930416068866571,0.0802725968436155,66,7.43805519715769,4.734576757532281,0.6329034476856823,의료법인 의왕시티의료재단 시티병원,3.7817652376767015,효산의료재단 지샘병원,0.03369968664539146,True
31170520,의왕시,의왕시,부곡동,동,11.20884796196465,29136,5599.0,2420.0,0.0,0.0,0.19216776496430532,0.08305875892366832,131,11.687195726494513,4.49615595826469,5.074125267633488,의료법인 의왕시티의료재단 시티병원,5.809979856344769,효산의료재단 지샘병원,0.35273101558307485,True
31170530,의왕시,의왕시,오전동,동,6.738431640308602,32874,6244.0,2107.0,0.0,0.0,0.18993733649692765,0.06409320435602604,65,9.64616152090595,1.9772464561659668,1.396474801332791,의료법인 의왕시티의료재단 시티병원,2.4965820954428564,효산의료재단 지샘병원,0.18347153165886793,True
31170540,의왕시,의왕시,내손1동,동,1.9947227649706927,19431,3556.0,1372.0,0.0,0.0,0.1830065359477124,0.07060882095620401,30,15.039683973547458,1.543924656476764,2.136260860465961,의료법인 토마스의료재단 안양윌스기념병원,2.339219003198515,한림대학교성심병원,0.12062266376038454,True
31170550,의왕시,의왕시,내손2동,동,1.4097116180577656,20410,3185.0,1061.0,0.0,0.0,0.15605095541401273,0.051984321411073,31,21.99031319803574,1.5188633023027927,1.5643564861899688,평촌서울나우병원,2.2020634435284467,한림대학교성심병원,0.11150446907385225,True
31170560,의왕시,의왕시,청계동,동,23.638158104937922,35515,6392.0,2184.0,0.0,0.0,0.17998029001830212,0.06149514289736731,156,6.599498967197964,4.392510206954808,3.6001149551261005,평촌서울나우병원,4.5773182801498855,한림대학교성심병원,0.8090376952652676,True
31180510,하남시,하남시,천현동,동,34.509633489702104,6228,1973.0,874.0,0.0,0.0,0.3167951188182402,0.1403339755940912,92,2.665922256967852,14.771997430956969,3.04713656338972,청봉병원,8.905566723237548,강동경희대학교병원,1.6082642389981854,True
31180520,하남시,하남시,신장1동,동,0.20742769094555488,6801,1541.0,608.0,0.0,0.0,0.2265843258344361,0.08939861785031614,9,43.38861392600807,1.3233348037053374,0.3143475124249253,청봉병원,5.9156818359931265,강동경희대학교병원,0.08308058834416104,True
31180530,하남시,하남시,신장2동,동,4.335268915029439,43458,9540.0,3543.0,0.0,0.0,0.21952229739058401,0.08152699157807539,60,13.83997190854597,1.3806433798149937,0.9224000553658233,청봉병원,7.032182704811335,강동경희대학교병원,0.10323206388995802,True
31180540,하남시,하남시,덕풍1동,동,0.9381604280410353,13760,3399.0,1166.0,0.0,1.0,0.2470203488372093,0.08473837209302326,18,19.18648395518626,1.308139534883721,0.8647436995379149,햇살병원,5.605527928538035,강동경희대학교병원,0.29441365043913403,True
31180550,하남시,하남시,덕풍2동,동,0.4860103557858185,17096,4236.0,1449.0,0.0,0.0,0.2477772578380908,0.08475666822648573,18,37.036247861213226,1.0528778661675247,0.3668252022958497,하남S병원,5.025768572404524,강동경희대학교병원,0.07704283234577418,True
31180560,하남시,하남시,덕풍3동,동,2.1688780694590113,26772,5183.0,1925.0,0.0,0.0,0.19359778873449873,0.07190348124906619,51,23.51446156340225,1.9049753473778577,1.2726274729078868,보바스병원,5.4288439033782785,강동경희대학교병원,0.06043562378909205,True
31180590,하남시,하남시,춘궁동,동,14.492956246925774,1247,334.0,123.0,0.0,1.0,0.2678428227746592,0.09863672814755413,49,3.380952730771806,39.29430633520449,3.005243638110636,햇살병원,5.84952804471966,한국보훈복지의료공단 중앙보훈병원,2.0144943623992333,True
31180600,하남시,하남시,초이동,동,6.148395413513236,3096,875.0,394.0,0.0,0.0,0.2826227390180879,0.12726098191214472,57,9.270711489167187,18.410852713178294,2.9227374583152415,한국보훈복지의료공단 중앙보훈병원,2.9227374583152415,한국보훈복지의료공단 중앙보훈병원,1.9992423597376912,True
31180611,하남시,하남시,미사3동,동,2.676723139554074,29277,3559.0,1297.0,0.0,0.0,0.12156300167366875,0.04430098712299758,57,21.294693932931686,1.9469207910646582,0.27054656149498846,라이프재활의학과병원,3.455714808343533,강동경희대학교병원,0.3706980227993865,True
31180620,하남시,하남시,미사1동,동,6.6482676864380545,52586,5353.0,1862.0,0.0,0.0,0.10179515460388697,0.035408663902939945,62,9.325737609283564,1.1790210322138972,0.5024860776300688,미사튼튼병원,4.683729888650483,강동경희대학교병원,0.13863747202743407,True
31180630,하남시,하남시,미사2동,동,5.142285261097928,45132,6440.0,2208.0,0.0,0.0,0.14269254630860587,0.048923158734379156,40,7.778642756870242,0.8862891075068687,1.8293582712182375,미사튼튼병원,4.164547225158595,강동경희대학교병원,0.17029635298537504,True
31180650,하남시,하남시,위례동,동,4.774159206236081,33895,3194.0,853.0,0.0,0.0,0.09423218763829473,0.025165953680483848,34,7.121672849868239,1.0030978020356984,1.5201597925892698,서울세계로병원,4.070924732944213,성남중앙병원,0.3942766416851764,True
31180660,하남시,하남시,감북동,동,4.5064694314999905,2911,718.0,295.0,0.0,1.0,0.2466506355204397,0.10133974579182412,38,8.432321704965299,13.053933356234971,2.097284428754696,한국보훈복지의료공단 중앙보훈병원,2.097284428754696,한국보훈복지의료공단 중앙보훈병원,1.3215522912006528,True
31180670,하남시,하남시,감일동,동,5.72693737059785,38613,3736.0,1256.0,0.0,0.0,0.0967549788931189,0.03252790510967809,46,8.032216352873776,1.1913086266283377,3.349952549823463,한국보훈복지의료공단 중앙보훈병원,3.349952549823463,한국보훈복지의료공단 중앙보훈병원,0.2925882021959708,True
31191110,용인시 처인구,용인시,포곡읍,읍,41.750412879879015,31415,5243.0,2139.0,0.0,0.0,0.1668947954798663,0.06808849275823652,145,3.4730195463499376,4.615629476364794,1.2306224587893495,용인제일메디병원,7.109053064928139,메디필드한강병원,0.7309033004967933,True
31191120,용인시 처인구,용인시,모현읍,읍,50.248863021600194,29022,5134.0,2005.0,0.0,0.0,0.17690028254427675,0.06908552132864723,175,3.4826658649922835,6.02990834539315,8.274030604499798,용인제일메디병원,11.796556786802482,참조은병원,2.0144941803518583,True
31191130,용인시 처인구,용인시,이동읍,읍,75.85441970670608,20997,4420.0,1901.0,0.0,0.0,0.21050626279944754,0.09053674334428728,170,2.241135067110279,8.096394723055674,6.700333173571317,(의)유일재단 하나애병원,8.425283203809515,(의)영문의료재단 다보스병원,2.7114210205475646,True
31191140,용인시 처인구,용인시,남사읍,읍,58.73900326795054,23718,4104.0,1528.0,0.0,0.0,0.17303313938780673,0.06442364448941731,195,3.319770325527414,8.221603845180875,9.481031493302698,오산한국병원,9.481031493302698,오산한국병원,1.7346865171199035,True
31191340,용인시 처인구,용인시,원삼면,면,59.940612094873835,8499,2343.0,946.0,0.0,0.0,0.27567949170490647,0.11130721261324862,149,2.4857937680743603,17.53147429109307,13.886633261065317,(의)유일재단 하나애병원,15.167855355287536,(의)영문의료재단 다보스병원,0.3988447833940402,True
31191350,용인시 처인구,용인시,백암면,면,65.66206983942254,9209,2754.0,1197.0,0.0,0.0,0.2990552720165056,0.12998153979802368,187,2.84791509706153,20.306222173960258,19.99224539485288,바른병원,20.413997858566837,경기도의료원 이천병원,1.9935798948124994,True
31191360,용인시 처인구,용인시,양지면,면,57.646749907353275,21815,3933.0,1541.0,0.0,0.0,0.18028879211551685,0.0706394682557873,181,3.1398127438388697,8.297043318817327,7.501230473446291,새기준병원,7.992942139406008,(의)영문의료재단 다보스병원,0.24300043394083404,True
31191510,용인시 처인구,용인시,중앙동,동,7.9667229483130235,30877,5152.0,2061.0,0.0,0.0,0.16685558830197234,0.06674871263399941,66,8.284460301707327,2.1375133594584965,1.060677484224043,(의)영문의료재단 다보스병원,1.060677484224043,(의)영문의료재단 다보스병원,1.075009423669807,True
31191530,용인시 처인구,용인시,유림동,동,13.654248228464247,50169,6101.0,2381.0,0.0,0.0,0.12160896170942215,0.04745958659730112,104,7.616677114687063,2.0729932827044593,2.2621902843899453,(의)효심의료재단 용인서울병원,3.37551074298589,메디필드한강병원,0.5118858221918285,True
31191540,용인시 처인구,용인시,동부동,동,23.55673761642088,13358,2899.0,1109.0,0.0,0.0,0.21702350651295105,0.08302141039077707,79,3.353605294857589,5.914058990866896,2.709266011097576,새기준병원,3.101320783766117,(의)영문의료재단 다보스병원,2.743212132708948,True
31191550,용인시 처인구,용인시,역북동,동,6.040955100098733,35039,3919.0,1445.0,0.0,0.0,0.11184679928080139,0.041239761408716005,52,8.607910361583405,1.4840606181683267,0.7887248139024361,조은손병원,1.4617807641780678,메디필드한강병원,0.25191974837234576,True
31191560,용인시 처인구,용인시,삼가동,동,6.436544948177281,12155,1871.0,723.0,0.0,0.0,0.1539284245166598,0.05948169477581242,37,5.7484256379624545,3.044014808720691,3.2014690349422295,조은손병원,3.894920487786293,메디필드한강병원,0.46710432021806897,True
31192520,용인시 기흥구,용인시,구갈동,동,4.242986571970811,40981,5029.0,2065.0,0.0,0.0,0.1227154046997389,0.05038920475342232,65,15.319397998897827,1.5861008760157145,0.6815767084052036,강남병원,0.6815767084052036,강남병원,0.19971843466874337,True
31192540,용인시 기흥구,용인시,기흥동,동,11.733246875083953,20463,4099.0,1708.0,0.0,0.0,0.20031275961491474,0.083467722230367,93,7.926194768601472,4.544788154229585,3.9225628796257612,한림대학교동탄성심병원,3.9225628796257612,한림대학교동탄성심병원,0.2592663393715022,True
31192550,용인시 기흥구,용인시,서농동,동,4.232600473016323,27993,2461.0,876.0,0.0,0.0,0.0879148358518201,0.03129353767013182,50,11.813068660451188,1.786160825920766,2.0205883229163293,시온여성병원,3.3115516987854368,한림대학교동탄성심병원,0.2730439451711422,True
31192560,용인시 기흥구,용인시,구성동,동,6.907461092322973,37380,8306.0,4069.0,0.0,0.0,0.2222043873729267,0.1088550026752274,58,8.396717581871265,1.5516318887105403,3.311576340300848,연세대학교 의과대학 용인세브란스병원,3.311576340300848,연세대학교 의과대학 용인세브란스병원,1.575710656232486,True
31192570,용인시 기흥구,용인시,마북동,동,5.376912010783498,32043,6669.0,3222.0,0.0,0.0,0.2081265799082483,0.1005523827356989,58,10.786860540711828,1.8100677214992353,3.83161187885528,강남병원,3.83161187885528,강남병원,0.2895807411967871,True
31192590,용인시 기흥구,용인시,보정동,동,6.803373001683168,32758,6059.0,3013.0,0.0,0.0,0.18496245192014166,0.09197753220587337,103,15.139549158118715,3.1442701019598265,2.4686095850855563,서울예스병원,5.661553334439601,강남병원,0.45754469411838505,True
31192600,용인시 기흥구,용인시,상하동,동,5.514446731366749,23257,4960.0,2361.0,0.0,0.0,0.21326912327471298,0.10151782259104786,35,6.346964927762625,1.5049232489143052,1.1786337502708206,연세대학교 의과대학 용인세브란스병원,1.1786337502708206,연세대학교 의과대학 용인세브란스병원,0.8917026656544887,True
31192610,용인시 기흥구,용인시,신갈동,동,4.846720121312162,36674,6296.0,2773.0,0.0,0.0,0.17167475595789933,0.07561215029721328,98,20.219859522952664,2.6721928341604406,1.5380262452872286,강남병원,1.5380262452872286,강남병원,0.770159364547493,True
31192630,용인시 기흥구,용인시,영덕1동,동,3.617277939083433,33273,4073.0,1540.0,0.0,0.0,0.12241156493252787,0.04628377363027079,52,14.375450511601015,1.5628287199831694,2.6064964494240925,베데스다재활병원,3.52974748272292,아주대학교병원,0.4501426001728751,True
31192640,용인시 기흥구,용인시,영덕2동,동,5.909208346399722,18818,2907.0,1400.0,0.0,0.0,0.15447975342756934,0.0743968540758848,38,6.430641428162217,2.01934318205973,2.2496185269697087,시온여성병원,3.282790891030723,강남병원,1.4129588028573523,True
31192650,용인시 기흥구,용인시,상갈동,동,2.0051613126361305,12552,2185.0,1005.0,0.0,0.0,0.17407584448693436,0.08006692160611854,28,13.963963808572174,2.2307202039515617,1.3689676341088388,강남병원,1.3689676341088388,강남병원,0.1734580116799891,True
31192660,용인시 기흥구,용인시,보라동,동,10.14930338649028,31528,5644.0,2559.0,0.0,0.0,0.17901547830499873,0.08116594772900279,67,6.601438290748465,2.1250951535143368,2.993684545732849,강남병원,2.993684545732849,강남병원,0.517328380986994,True
31192670,용인시 기흥구,용인시,동백1동,동,4.011537148787065,30532,4077.0,2034.0,0.0,0.0,0.1335320319664614,0.06661862963448185,29,7.229149057928701,0.9498231363815014,2.0018747364990004,연세대학교 의과대학 용인세브란스병원,2.0018747364990004,연세대학교 의과대학 용인세브란스병원,0.27755706306249167,True
31192680,용인시 기흥구,용인시,동백2동,동,4.661160484702938,25452,3501.0,1613.0,0.0,0.0,0.13755304101838756,0.06337419456231337,43,9.225170457253725,1.6894546597516893,0.9871927964642468,연세대학교 의과대학 용인세브란스병원,0.9871927964642468,연세대학교 의과대학 용인세브란스병원,0.328186661121767,True
31192690,용인시 기흥구,용인시,동백3동,동,1.68623521035754,25784,4334.0,2319.0,0.0,0.0,0.1680887372013652,0.08993949736270555,15,8.895556152465517,0.5817561278312132,1.8325316429572012,연세대학교 의과대학 용인세브란스병원,1.8325316429572012,연세대학교 의과대학 용인세브란스병원,0.29582078322915223,True
31193510,용인시 수지구,용인시,풍덕천1동,동,1.903558761678093,34043,5500.0,2452.0,0.0,0.0,0.1615603795200188,0.0720265546514702,45,23.639932165965813,1.3218576506183357,1.6550146368587042,서울예스병원,4.833516328885365,분당서울대학교병원,0.09676074790972622,True
31193520,용인시 수지구,용인시,풍덕천2동,동,1.4814697224990367,39714,4095.0,2028.0,0.0,0.0,0.10311225260613385,0.051065115576371056,48,32.40025717098731,1.2086417887898475,2.6865621303940816,서울예스병원,6.054177660596889,분당서울대학교병원,0.3558130946749351,True
31193530,용인시 수지구,용인시,신봉동,동,6.65887625756285,39121,6364.0,3090.0,0.0,0.0,0.16267477825208967,0.07898571099920759,80,12.0140391419858,2.0449375015976075,4.503780908463952,광교참좋은병원,7.36491833286527,분당서울대학교병원,0.22249095906727137,True
31193550,용인시 수지구,용인시,죽전2동,동,1.1062483371579268,17261,2690.0,1182.0,0.0,0.0,0.1558426510630902,0.06847807195411622,34,30.734509474924703,1.9697584149238168,0.45966732536262284,서울예스병원,3.312620608180936,분당서울대학교병원,0.42943180149387544,True
31193560,용인시 수지구,용인시,동천동,동,16.609161717833693,48485,7193.0,2981.0,0.0,0.0,0.14835516139012064,0.0614829328658348,164,9.874068468121958,3.382489429720532,3.942847601073135,서울예스병원,5.114321536792282,분당서울대학교병원,0.9784407457885584,True
31193580,용인시 수지구,용인시,상현2동,동,1.5653431685714156,31211,5293.0,2594.0,0.0,0.0,0.16958764538143603,0.0831117234308417,25,15.970938834336136,0.8009996475601551,2.267254473145419,광교참좋은병원,5.658689074010722,강남병원,0.02359829402075044,True
31193590,용인시 수지구,용인시,성복동,동,4.976719879045651,51087,9749.0,4566.0,0.0,0.0,0.19083132695206217,0.08937694521111046,45,9.0421002374418,0.8808503141699453,2.741967193636294,광교참좋은병원,5.91522698870194,아주대학교병원,0.07375217339010803,True
31193600,용인시 수지구,용인시,죽전1동,동,2.3513476345099407,26919,4936.0,2419.0,0.0,0.0,0.18336490954344514,0.08986217912998254,43,18.28738522917812,1.5973847468330917,0.9084867277193731,바로웰병원,2.9287782538945186,분당서울대학교병원,0.08815687345443392,True
31193610,용인시 수지구,용인시,죽전3동,동,2.081491119627054,28472,3856.0,1702.0,0.0,0.0,0.13543130092722674,0.05977802753582467,53,25.462515549668137,1.8614779432424837,1.0392856901141052,바로웰병원,3.824977514487728,분당서울대학교병원,0.45389858284095935,True
31193620,용인시 수지구,용인시,상현1동,동,0.6720328987827932,18871,3086.0,1542.0,0.0,0.0,0.16353134439086428,0.08171268083302421,13,19.344291066026685,0.6888877113030577,1.766554630720944,광교참좋은병원,5.365604130266482,아주대학교병원,0.5077286665952331,True
31193630,용인시 수지구,용인시,상현3동,동,2.700834976617574,26536,3599.0,1645.0,0.0,0.0,0.13562707265601448,0.06199125716008441,25,9.256396713030234,0.9421163702140488,0.7014872578950326,광교참좋은병원,4.245284891157096,아주대학교병원,0.33896062623171164,True
31200110,파주시,파주시,문산읍,읍,47.79968403307877,48190,8794.0,4077.0,0.0,0.0,0.1824859929445943,0.0846026146503424,248,5.188318814584147,5.146295912014941,0.31334385179649743,무척조은병원,15.192054969603687,메디인병원,0.245395572155152,True
31200120,파주시,파주시,파주읍,읍,32.119020856759604,14539,3786.0,1753.0,0.0,0.0,0.2604030538551482,0.12057225393768485,162,5.0437403033693755,11.142444459729004,4.655305367937305,문산중앙병원,11.156740992124258,메디인병원,0.7642272966986059,True
31200130,파주시,파주시,법원읍,읍,71.56915080533848,10118,3100.0,1374.0,0.0,0.0,0.3063846610001977,0.13579758845621664,159,2.2216275896924556,15.71456809646175,10.586253156505869,문산중앙병원,17.56567553804589,경기도의료원파주병원,0.20309899314234373,True
31200150,파주시,파주시,조리읍,읍,27.396156446553036,28176,6580.0,2805.0,0.0,0.0,0.23353208404315728,0.09955281090289608,156,5.694229418799651,5.536626916524702,4.142378503517887,경기도의료원파주병원,4.142378503517887,경기도의료원파주병원,0.43326125786115666,True
31200310,파주시,파주시,월롱면,면,27.15855826321955,10412,1631.0,677.0,0.0,0.0,0.15664617748751442,0.06502112946600076,141,5.191733619783282,13.542066845946984,5.1099925385186165,메디인병원,5.1099925385186165,메디인병원,0.9921950721730876,True
31200320,파주시,파주시,탄현면,면,61.6975040310632,14346,3527.0,1747.0,0.0,0.0,0.24585250243970444,0.12177610483758539,213,3.45232766454798,14.847344207444584,4.503692091015938,파주한빛병원,9.033928647112802,메디인병원,1.0696987263123172,True
31200350,파주시,파주시,광탄면,면,65.67707815450427,13289,3521.0,1694.0,0.0,0.0,0.2649559786289412,0.12747385055308902,214,3.258366632823836,16.103544284746782,9.03482074378586,국군고양병원,11.074022890664084,경기도의료원파주병원,2.854180767329801,True
31200360,파주시,파주시,파평면,면,42.091800549740555,3776,1397.0,698.0,0.0,0.0,0.3699682203389831,0.18485169491525424,95,2.256971637213214,25.158898305084747,11.314085693749947,무척조은병원,25.38803720774644,메디인병원,0.7635622261219414,True
31200370,파주시,파주시,적성면,면,88.93965872592385,6903,1993.0,942.0,0.0,0.0,0.28871505142691584,0.13646240764884832,134,1.5066394667977527,19.4118499203245,15.251851894320412,연천군보건의료원,31.035877261443147,경기도의료원포천병원,3.6377685336467276,True
31200390,파주시,파주시,장단면,면,144.42676316297928,501,185.0,103.0,0.0,1.0,0.36926147704590817,0.2055888223552894,31,0.21464165865863694,61.87624750499002,8.524504936304387,무척조은병원,21.795349969475208,메디인병원,0.5974192999039684,True
31200511,파주시,파주시,교하동,동,28.443143738384975,7897,1977.0,906.0,0.0,0.0,0.25034823350639485,0.11472711156135242,151,5.308836512196802,19.121185260225403,3.5544191172438695,인본병원,8.064877465798865,메디인병원,1.3514858728457504,True
31200512,파주시,파주시,운정1동,동,5.2638946707946825,50594,6154.0,2522.0,0.0,0.0,0.12163497647942444,0.04984780804047911,58,11.018457554213148,1.1463809937937304,0.47638731257618727,운정와이즈병원,4.0055448474573545,경기도의료원파주병원,0.48768441789131356,True
31200513,파주시,파주시,운정3동,동,3.8807117499727224,66150,7936.0,3232.0,0.0,0.0,0.1199697656840514,0.04885865457294029,62,15.976450711763325,0.9372637944066514,1.659844466841666,일산중심재활병원,5.394444059377892,인제대학교일산백병원,0.05778231343231123,True
31200514,파주시,파주시,운정4동,동,6.420784361846124,23275,3360.0,1397.0,0.0,0.0,0.1443609022556391,0.060021482277121375,77,11.99230431371483,3.3082706766917296,1.283356561056797,달리자병원,4.944689282600519,경기도의료원파주병원,0.5729763449247165,True
31200515,파주시,파주시,운정5동,동,5.509605576981487,50287,5034.0,2095.0,0.0,0.0,0.10010539503251337,0.04166086662556923,94,17.061112394818505,1.8692703879730348,1.9800005914886833,인본병원,7.457767548974274,메디인병원,0.1438622648342104,True
31200516,파주시,파주시,운정6동,동,2.967112071117923,23894,1843.0,669.0,0.0,1.0,0.07713233447727463,0.027998660751653134,42,14.15517816425977,1.757763455260735,2.8212458178640025,인본병원,6.5992129050077315,인제대학교일산백병원,0.08677222203467426,True
31200520,파주시,파주시,금촌2동,동,2.7564720362129225,30287,5117.0,2389.0,0.0,0.0,0.16895037474824182,0.0788787268465018,31,11.246259563942631,1.0235414534288638,0.8710752104889459,경기도의료원파주병원,0.8710752104889459,경기도의료원파주병원,0.4972060548417095,True
31200530,파주시,파주시,금촌1동,동,4.5073375551796255,21606,4957.0,2230.0,0.0,0.0,0.22942701101545868,0.10321207072109599,88,19.52372080472971,4.072942701101546,1.0205814469007843,경기도의료원파주병원,1.0205814469007843,경기도의료원파주병원,0.2519947899484292,True
31200540,파주시,파주시,금촌3동,동,16.95965009569814,24602,4657.0,1988.0,0.0,0.0,0.18929355336964473,0.08080643850093489,76,4.4812245282865595,3.089179741484432,1.9941125495705116,메디인병원,1.9941125495705116,메디인병원,1.9674348952183571,True
31200570,파주시,파주시,운정2동,동,3.1874230591956514,61847,6741.0,2792.0,0.0,0.0,0.10899477743463709,0.0451436609698126,41,12.86305559022541,0.6629262534965318,0.07909198690139924,기대플러스병원,5.850263130074399,메디인병원,0.07909198690139924,True
31210110,이천시,이천시,장호원읍,읍,60.42113302821799,14831,3864.0,1597.0,0.0,0.0,0.26053536511361336,0.10767985975321961,82,1.357141051322295,5.528959611624301,1.8687112892666065,이천엘리야병원,25.126133398249593,세종여주병원,1.5985084338523228,True
31210120,이천시,이천시,부발읍,읍,41.93413163351949,37129,4738.0,1711.0,0.0,0.0,0.12760914648926716,0.04608257696140483,175,4.173211491045067,4.713296883837432,5.472236377037902,바른병원,7.718239013105581,경기도의료원 이천병원,1.9573788199020155,True
31210310,이천시,이천시,신둔면,면,36.43134507187621,15290,3099.0,1206.0,0.0,0.0,0.2026814911706998,0.07887508175277959,121,3.3213157450342945,7.913669064748202,5.237324070718501,경기도의료원 이천병원,5.237324070718501,경기도의료원 이천병원,0.5868074081318178,True
31210320,이천시,이천시,백사면,면,32.53166891432008,12451,2609.0,1094.0,0.0,0.0,0.20954140229700427,0.08786442855995502,90,2.7665349797158116,7.228335073488073,7.483353326359084,추새로병원,8.105314997555945,경기도의료원 이천병원,2.4401637246441163,True
31210330,이천시,이천시,호법면,면,37.93651397482248,7183,1648.0,741.0,0.0,0.0,0.22943060002784352,0.10316023945426701,90,2.3723845596285087,12.529583739384659,8.089830875784399,바른병원,8.675104281880277,경기도의료원 이천병원,0.802381034403428,True
31210340,이천시,이천시,마장면,면,51.44487717990302,17706,2459.0,1036.0,0.0,0.0,0.13887947588388116,0.05851123912797922,125,2.429785176916145,7.059753755788998,8.749436488914133,경기도의료원 이천병원,8.749436488914133,경기도의료원 이천병원,1.1885765964062414,True
31210350,이천시,이천시,대월면,면,31.377496600392693,14439,2420.0,1094.0,0.0,0.0,0.16760163446222037,0.07576701987672277,88,2.8045577096452834,6.094604889535287,9.09966767960832,바른병원,11.357083120776064,경기도의료원 이천병원,1.1707612851031721,True
31210360,이천시,이천시,모가면,면,41.067977482491195,4794,1510.0,662.0,0.0,1.0,0.3149770546516479,0.1380892782644973,76,1.8505902812574986,15.853149770546517,13.88642125957762,바른병원,15.516047585050096,경기도의료원 이천병원,2.162452878059721,True
31210370,이천시,이천시,설성면,면,51.75328434737972,5036,1761.0,845.0,0.0,0.0,0.34968228752978553,0.16779189833200953,86,1.6617302859997947,17.077045274027007,10.970428706504464,이천엘리야병원,23.371555960175577,경기도의료원 이천병원,0.6143942175058087,True
31210380,이천시,이천시,율면,면,36.7703553955089,3012,1146.0,529.0,0.0,0.0,0.3804780876494024,0.1756308100929615,11,0.2991540299701191,3.652058432934927,8.632127402077158,이천엘리야병원,26.463923564912566,국립소방병원,2.697318185756111,True
31210510,이천시,이천시,창전동,동,1.1339561346430076,16456,3302.0,1217.0,0.0,0.0,0.20065629557608167,0.07395478852698104,21,18.519234879055727,1.276130286825474,0.4452907951171759,추새로병원,1.683581970487209,경기도의료원 이천병원,0.012844657606707523,True
31210520,이천시,이천시,중리동,동,22.01156687076585,15888,2848.0,1100.0,0.0,0.0,0.17925478348439072,0.06923464249748237,98,4.452204632926719,6.168177240684794,2.1747234290038904,바른병원,3.97231966971452,경기도의료원 이천병원,1.5502496755821733,True
31210530,이천시,이천시,관고동,동,7.757836099715434,9896,2078.0,786.0,0.0,0.0,0.20998383185125302,0.07942603071948262,35,4.511567343022861,3.536782538399353,0.657309476124866,경기도의료원 이천병원,0.657309476124866,경기도의료원 이천병원,1.128382853910577,True
31210540,이천시,이천시,증포동,동,8.92957949971841,56078,4885.0,1629.0,0.0,0.0,0.08711080994329327,0.029048824851100254,72,8.063089645180996,1.2839259602696245,1.698754832957407,추새로병원,2.678674145873008,경기도의료원 이천병원,0.33504512406835923,True
31220110,안성시,안성시,공도읍,읍,31.90717451049259,67384,9021.0,3683.0,0.0,0.0,0.13387451026950017,0.05465689184376113,134,4.199682424275282,1.9886026356405082,3.7294246670432445,허리편한병원,6.317800916987686,의료법인백송의료재단 굿모닝병원,0.2963286413854877,True
31220310,안성시,안성시,보개면,면,53.01102809773154,5202,1883.0,863.0,0.0,0.0,0.3619761630142253,0.1658977316416763,117,2.207087924880421,22.491349480968857,6.5075842485913595,안성성모병원,6.5075842485913595,안성성모병원,0.384804443214243,True
31220320,안성시,안성시,금광면,면,71.38824606644184,7152,2238.0,970.0,0.0,0.0,0.31291946308724833,0.13562639821029082,125,1.7509885294514884,17.477628635346758,7.103907517543056,안성성모병원,7.103907517543056,안성성모병원,1.5735566481880474,True
31220330,안성시,안성시,서운면,면,36.33413975521778,3719,1219.0,570.0,0.0,0.0,0.3277762839472977,0.15326700726001613,84,2.3118752932064988,22.5867168593708,9.175915092376423,안성성모병원,9.175915092376423,안성성모병원,0.18326092965527346,True
31220340,안성시,안성시,미양면,면,33.575888134880245,6330,1877.0,814.0,0.0,0.0,0.29652448657187996,0.12859399684044234,132,3.9313926550425946,20.85308056872038,6.568748680657108,안성성모병원,6.568748680657108,안성성모병원,2.94059469101949,True
31220350,안성시,안성시,대덕면,면,31.03322688014501,23378,2812.0,984.0,0.0,0.0,0.1202840277183677,0.042090854649670634,101,3.2545761480131343,4.320301137821883,4.22042148728617,경기도의료원 안성병원,4.22042148728617,경기도의료원 안성병원,2.2913934136900598,True
31220360,안성시,안성시,양성면,면,53.11816045699468,5690,2113.0,1059.0,0.0,0.0,0.37135325131810193,0.18611599297012302,124,2.3344181901854903,21.792618629173987,8.69079899479732,경기도의료원 안성병원,8.69079899479732,경기도의료원 안성병원,1.9047966151517957,True
31220380,안성시,안성시,원곡면,면,38.08466120036877,6885,1399.0,535.0,0.0,0.0,0.20319535221496005,0.07770515613652869,93,2.4419279854089786,13.507625272331156,7.608490621394834,허리편한병원,8.847035203073114,의료법인백송의료재단 굿모닝병원,2.8026241487762187,True
31220390,안성시,안성시,일죽면,면,55.412335632568706,8048,2588.0,1092.0,0.0,0.0,0.3215705765407555,0.13568588469184892,105,1.8948849349401191,13.046719681908549,16.220126653729483,이천엘리야병원,26.645525770975098,안성성모병원,0.2801314894330595,True
31220400,안성시,안성시,죽산면,면,57.19128121689704,7919,2421.0,1163.0,0.0,0.0,0.30572041924485416,0.14686197752241445,99,1.73103308569962,12.501578482131583,19.808672746239413,안성성모병원,19.808672746239413,안성성모병원,1.124516618982001,True
31220410,안성시,안성시,삼죽면,면,39.19911281029787,5549,1269.0,576.0,0.0,0.0,0.22868985402775274,0.10380248693458281,65,1.6582007943537964,11.713822310326185,14.837923956633686,경기도의료원 안성병원,14.837923956633686,경기도의료원 안성병원,0.8540674993017568,True
31220420,안성시,안성시,고삼면,면,27.751075684352646,1900,668.0,268.0,0.0,1.0,0.35157894736842105,0.14105263157894737,66,2.378286187919335,34.73684210526316,9.547615080435206,경기도의료원 안성병원,9.547615080435206,경기도의료원 안성병원,0.1346631124299181,True
31220510,안성시,안성시,안성1동,동,6.531805811046311,12296,2989.0,1261.0,0.0,0.0,0.2430871828236825,0.10255367599219259,57,8.726530097328373,4.635653871177619,0.945822654872795,안성성모병원,0.945822654872795,안성성모병원,0.7497982163966862,True
31220520,안성시,안성시,안성2동,동,10.121451683997432,29023,4030.0,1449.0,0.0,1.0,0.13885539055232057,0.049925920821417495,96,9.484805440684092,3.30772146228853,0.7386817359390367,안성성모병원,0.7386817359390367,안성성모병원,0.4532957242562237,True
31220530,안성시,안성시,안성3동,동,8.23765617645923,25264,4213.0,1769.0,0.0,0.0,0.1667590246991767,0.07002058264724509,59,7.162231432844265,2.3353388220392652,0.5515357249184866,경기도의료원 안성병원,0.5515357249184866,경기도의료원 안성병원,0.46631974939262416,True
31230110,김포시,김포시,통진읍,읍,29.39198333506676,40466,8082.0,3435.0,0.0,0.0,0.19972322443532842,0.08488607720061286,154,5.239523928834937,3.8056640142341718,10.217022428642778,의료법인인봉의료재단뉴고려병원,10.217022428642778,의료법인인봉의료재단뉴고려병원,0.2675934609415028,True
31230120,김포시,김포시,고촌읍,읍,24.932291255252373,48369,6710.0,2325.0,0.0,0.0,0.1387252165643284,0.04806797742355641,143,5.73553383184848,2.9564390415348676,4.022875192321052,히즈메디병원,6.567238279972435,우리들병원,0.16812241048022913,True
31230130,김포시,김포시,양촌읍,읍,36.38132401294516,35706,6682.0,2615.0,0.0,0.0,0.18713941634459194,0.0732369909819078,194,5.332406262371626,5.433260516439813,4.147862146585045,의료법인인봉의료재단뉴고려병원,4.147862146585045,의료법인인봉의료재단뉴고려병원,0.1928364456915408,True
31230340,김포시,김포시,대곶면,면,43.17595161769186,17433,3040.0,1338.0,0.0,0.0,0.1743819193483623,0.07675098950266736,191,4.4237588945633215,10.9562324327425,9.219636673369253,의료법인인봉의료재단뉴고려병원,9.219636673369253,의료법인인봉의료재단뉴고려병원,0.21176028819841414,True
31230350,김포시,김포시,월곶면,면,51.95088521737593,7325,1995.0,902.0,0.0,0.0,0.27235494880546074,0.12313993174061433,106,2.040388716312891,14.47098976109215,8.34306238864013,비에스종합병원,8.34306238864013,비에스종합병원,1.1079598538079198,True
31230360,김포시,김포시,하성면,면,56.22626381055219,9403,2686.0,1164.0,0.0,0.0,0.28565351483569074,0.12379027969796873,136,2.418798454370649,14.463469105604593,11.263460262409975,인본병원,11.644713105487742,의료법인인봉의료재단뉴고려병원,0.45200637754514333,True
31230530,김포시,김포시,사우동,동,3.2942313390383466,20889,4040.0,1589.0,0.0,0.0,0.19340322657858203,0.07606874431518981,56,16.999413288426656,2.680836804059553,1.6932436625687646,연세하나병원,2.21245763078744,의료법인우리의료재단김포우리병원,0.14822208511541018,True
31230540,김포시,김포시,풍무동,동,4.423828104808583,57975,8762.0,3467.0,0.0,0.0,0.1511341095299698,0.05980163863734368,84,18.988079556864847,1.4489003880983182,1.2386418004202062,연세하나병원,4.008437598853072,의료법인우리의료재단김포우리병원,0.07427989808085718,True
31230560,김포시,김포시,장기동,동,3.6881923988743717,39584,4961.0,1841.0,0.0,0.0,0.1253284155214228,0.04650869037995149,61,16.53926731659039,1.5410266774454324,1.882614289778027,의료법인인봉의료재단뉴고려병원,1.882614289778027,의료법인인봉의료재단뉴고려병원,0.18966382796479533,True
31230600,김포시,김포시,운양동,동,7.933022920057367,47997,5625.0,2096.0,0.0,0.0,0.11719482467654228,0.043669396003916915,69,8.697819317469088,1.4375898493655854,2.9905139122488236,의료법인인봉의료재단뉴고려병원,2.9905139122488236,의료법인인봉의료재단뉴고려병원,0.2096757958700247,True
31230610,김포시,김포시,김포본동,동,11.751214375621368,56280,9277.0,3718.0,0.0,0.0,0.16483653162757642,0.06606254442075338,114,9.701125037468481,2.0255863539445627,1.0326708499340793,의료법인우리의료재단김포우리병원,1.0326708499340793,의료법인우리의료재단김포우리병원,0.29455518429006966,True
31230620,김포시,김포시,장기본동,동,2.5287447027624723,37872,4824.0,1952.0,0.0,0.0,0.12737642585551331,0.05154203633291086,52,20.56356260210599,1.3730460498521335,1.1542634365142788,의료법인인봉의료재단뉴고려병원,1.1542634365142788,의료법인인봉의료재단뉴고려병원,0.17540029107404262,True
31230630,김포시,김포시,구래동,동,2.1189322965271677,45054,4409.0,1612.0,0.0,0.0,0.09786034536334176,0.03577928707772895,57,26.900340371148417,1.26514848848049,3.720585506967585,의료법인인봉의료재단뉴고려병원,3.720585506967585,의료법인인봉의료재단뉴고려병원,0.10926666403117435,True
31230640,김포시,김포시,마산동,동,3.0320454798128944,35183,4614.0,1799.0,0.0,0.0,0.13114288150527242,0.05113264929085069,45,14.841466033278934,1.2790268027172214,2.3800363362204684,의료법인인봉의료재단뉴고려병원,2.3800363362204684,의료법인인봉의료재단뉴고려병원,0.6077408152430797,True
31240120,화성시,화성시,봉담읍,읍,42.7599065579669,108945,12681.0,4878.0,0.0,0.0,0.11639818256918628,0.044774886410574144,280,6.548190174841045,2.570104181008766,0.7039780832382668,나이스병원,6.482162353418213,의료법인 명인의료재단 화홍병원,0.22942850705425497,True
31240130,화성시,화성시,우정읍,읍,91.29360830841199,21019,4375.0,1856.0,0.0,0.0,0.20814501165612065,0.08830106094485941,193,2.114058186286154,9.182168514201438,15.061254042318803,의료법인 은혜와감사의료재단 화성중앙종합병원,15.061254042318803,의료법인 은혜와감사의료재단 화성중앙종합병원,2.6072730230777514,True
31240140,화성시,화성시,향남읍,읍,49.967110912800926,99417,9786.0,3721.0,0.0,0.0,0.09843386945894565,0.03742820644356599,311,6.224094095468822,3.1282376253558244,1.3943894576202693,에이비씨병원,1.506093109024946,의료법인 은혜와감사의료재단 화성중앙종합병원,0.8491887835783065,True
31240150,화성시,화성시,남양읍,읍,74.34388033150641,64940,8420.0,3160.0,0.0,0.0,0.12965814598090544,0.0486603018170619,272,3.658673703701316,4.18848167539267,0.7021956692153782,화성디에스병원,2.4168336434064015,화성유일병원,0.5050212679021673,True
31240310,화성시,화성시,매송면,면,27.48861821118181,6442,1992.0,880.0,0.0,1.0,0.3092207389009624,0.13660353927351754,98,3.5651119036654815,15.212666873641727,6.022981262184253,세인트마리여성병원,6.4266615898017925,의료법인 명인의료재단 화홍병원,0.3475099335871529,True
31240330,화성시,화성시,비봉면,면,38.70938825534535,8137,2187.0,918.0,0.0,0.0,0.26877227479415017,0.11281799188890254,104,2.686686736405314,12.781123264102249,5.177925250266336,화성유일병원,5.177925250266336,화성유일병원,0.13923616184816434,True
31240350,화성시,화성시,마도면,면,34.25827043017699,9966,1804.0,770.0,0.0,0.0,0.18101545253863136,0.0772626931567329,99,2.8898131387506982,9.933774834437086,6.45660376938443,화성디에스병원,8.081672994077948,화성유일병원,1.9558296732569678,True
31240360,화성시,화성시,송산면,면,108.61912251100097,11838,3224.0,1456.0,0.0,0.0,0.27234330123331646,0.12299374894407838,135,1.2428750746566488,11.403953370501775,12.749919380861211,화성디에스병원,13.102412860959548,화성유일병원,2.072560065123155,True
31240370,화성시,화성시,서신면,면,48.98175756428732,8586,2535.0,1106.0,0.0,1.0,0.2952480782669462,0.1288143489401351,173,3.5319271623306263,20.14907989750757,16.01620536869223,화성디에스병원,17.677371316294714,화성유일병원,1.3667272549768263,True
31240380,화성시,화성시,팔탄면,면,50.883865559217895,15525,2577.0,1051.0,0.0,0.0,0.1659903381642512,0.06769726247987118,186,3.65538266316532,11.980676328502415,4.946150591027072,의료법인 은혜와감사의료재단 화성중앙종합병원,4.946150591027072,의료법인 은혜와감사의료재단 화성중앙종합병원,2.1324753435555994,True
31240390,화성시,화성시,장안면,면,68.04513600864698,15128,2878.0,1203.0,0.0,0.0,0.1902432575356954,0.07952141723955579,165,2.4248610507447923,10.90692755156002,11.315797234082702,의료법인 은혜와감사의료재단 화성중앙종합병원,11.315797234082702,의료법인 은혜와감사의료재단 화성중앙종합병원,1.965146394263864,True
31240420,화성시,화성시,양감면,면,31.041715443215043,6895,1183.0,472.0,0.0,0.0,0.1715736040609137,0.06845540246555475,126,4.059054024591302,18.274111675126903,8.562857381192849,에이비씨병원,9.131572552242538,의료법인 은혜와감사의료재단 화성중앙종합병원,0.4619794374432228,True
31240430,화성시,화성시,정남면,면,40.61236740041703,14010,2793.0,1180.0,0.0,0.0,0.1993576017130621,0.08422555317630265,130,3.200995369668233,9.279086366880799,7.374546092585062,의료법인 원광의료재단 원광종합병원,7.374546092585062,의료법인 원광의료재단 원광종합병원,0.07323760471901757,True
31240520,화성시,화성시,진안동,동,6.975600002637988,50399,5028.0,1822.0,0.0,0.0,0.09976388420405166,0.036151510942677434,84,12.041974879327,1.666699736105875,0.546551519767167,희망찬병원,3.9399458854293887,의료법인 원광의료재단 원광종합병원,0.01910005769663569,True
31240530,화성시,화성시,병점1동,동,1.517037880925564,36195,4025.0,1467.0,0.0,0.0,0.11120320486255007,0.04053046000828844,47,30.98142807833164,1.2985218952894046,1.3611609029807465,희망찬병원,3.4155771807270376,의료법인 원광의료재단 원광종합병원,0.01656700041163951,True
31240540,화성시,화성시,병점2동,동,0.9949481052654475,22194,2753.0,1143.0,0.0,0.0,0.12404253401820312,0.05150040551500405,26,26.132016195018856,1.1714877894926556,1.0479177324845854,희망찬병원,3.998921321712855,한림대학교동탄성심병원,0.5155208758946938,True
31240550,화성시,화성시,반월동,동,3.9677043665394867,36407,2872.0,817.0,0.0,0.0,0.0788859285302277,0.022440739418243743,42,10.585466083157588,1.1536243030186504,1.6696772980440813,매듭병원,2.785106762061146,한림대학교동탄성심병원,0.3884922654148421,True
31240560,화성시,화성시,기배동,동,4.245985614976437,16010,2182.0,847.0,0.0,0.0,0.13628981886321048,0.052904434728294814,33,7.772047056307121,2.061211742660837,3.38892573065913,의료법인 원광의료재단 원광종합병원,3.38892573065913,의료법인 원광의료재단 원광종합병원,0.8146043625010746,True
31240570,화성시,화성시,화산동,동,11.598435841810064,28218,4404.0,1652.0,0.0,0.0,0.1560705932383585,0.0585441916507194,78,6.725044744294351,2.764193068254306,0.8525953922709423,의료법인 원광의료재단 원광종합병원,0.8525953922709423,의료법인 원광의료재단 원광종합병원,0.6705984184955641,True
31240600,화성시,화성시,동탄2동,동,2.3842108305393044,33250,2874.0,1110.0,0.0,1.0,0.08643609022556391,0.03338345864661654,43,18.035317787006896,1.2932330827067668,1.4616423275592618,삼성본병원,3.4467793155845037,한림대학교동탄성심병원,0.06058715702366079,True
31240610,화성시,화성시,동탄1동,동,4.856516512515383,48860,3042.0,1043.0,0.0,0.0,0.062259516987310685,0.021346704871060173,70,14.413623390265014,1.4326647564469914,1.1112281158073316,동탄시티병원,1.546656863693969,한림대학교동탄성심병원,0.16984574839664093,True
31240620,화성시,화성시,동탄3동,동,1.8677314452301688,39587,3115.0,1237.0,0.0,1.0,0.07868744789956299,0.03124763179831763,56,29.98289724307708,1.4146058049359638,0.6167964613143624,동탄시티병원,2.864686906237816,한림대학교동탄성심병원,0.33936587125545964,True
31240640,화성시,화성시,동탄4동,동,4.242156614721774,51283,2211.0,616.0,0.0,0.0,0.043113702396505665,0.012011777782111032,32,7.5433330040076205,0.62398845621356,4.689218823411166,한림대학교동탄성심병원,4.689218823411166,한림대학교동탄성심병원,0.013391988008628751,True
31240650,화성시,화성시,동탄5동,동,11.39199569958624,45594,3665.0,1244.0,0.0,0.0,0.08038338377856735,0.02728429179277975,100,8.778093201319592,2.1932710444356713,3.6969204976964174,한림대학교동탄성심병원,3.6969204976964174,한림대학교동탄성심병원,0.1794175656003984,True
31240670,화성시,화성시,새솔동,동,3.1278366615104582,26584,1461.0,331.0,0.0,2.0,0.05495786939512489,0.012451098405055672,30,9.591293678843432,1.1284983448690942,2.9924531246440287,의료법인 플러스의료재단 단원병원,2.9924531246440287,의료법인 플러스의료재단 단원병원,0.6094567393867942,True
31240691,화성시,화성시,동탄7동,동,4.72493254571481,55004,3535.0,933.0,0.0,0.0,0.06426805323249218,0.016962402734346592,50,10.582161653365098,0.9090247981964948,5.538189912059466,버팀병원,6.123176816519696,오산한국병원,0.43315805325731876,True
31240700,화성시,화성시,동탄6동,동,9.494209255973985,43164,2336.0,740.0,0.0,1.0,0.05411917338522843,0.017143916226485034,84,8.8474982734497,1.9460661662496523,3.628441120968881,삼성본병원,4.925998471474512,한림대학교동탄성심병원,0.8653503531963957,True
31240710,화성시,화성시,동탄8동,동,6.542727662056066,36295,2089.0,552.0,0.0,1.0,0.05755613720898195,0.015208706433393029,64,9.781852968015462,1.7633282821325251,4.1080784595385875,버팀병원,4.517477240034675,오산한국병원,0.4144411883718632,True
31240720,화성시,화성시,동탄9동,동,10.006430204583467,44187,2416.0,605.0,0.0,1.0,0.054676714870889626,0.013691809808314663,51,5.096722703031431,1.1541856202050378,7.165427062363312,한림대학교동탄성심병원,7.165427062363312,한림대학교동탄성심병원,0.13390038039230862,True
31250120,광주시,광주시,초월읍,읍,55.7769458950014,54264,8606.0,3237.0,0.0,0.0,0.15859501695415007,0.05965280849181778,197,3.531925185915471,3.6303995282323456,5.557003966211886,참조은병원,5.557003966211886,참조은병원,1.3283938163602527,True
31250140,광주시,광주시,곤지암읍,읍,76.15262854621761,25268,4765.0,1801.0,0.0,0.0,0.1885784391324996,0.07127592211492798,162,2.12730674032717,6.41127117302517,12.416230859415716,경기도의료원 이천병원,12.416230859415716,경기도의료원 이천병원,1.280019618063424,True
31250340,광주시,광주시,도척면,면,52.12817246609742,10654,2566.0,1055.0,0.0,0.0,0.2408485076027783,0.09902384081096302,87,1.6689631706651937,8.165947062136286,11.55322271342484,용인제일메디병원,13.440547927704483,경기도의료원 이천병원,0.6477997772894348,True
31250350,광주시,광주시,퇴촌면,면,60.21849808431042,15006,4607.0,1891.0,0.0,0.0,0.30701052912168464,0.12601626016260162,97,1.610800718812228,6.464081034252965,11.517914402515325,참조은병원,11.517914402515325,참조은병원,1.4517899428282124,True
31250360,광주시,광주시,남종면,면,48.34177968755298,1299,620.0,275.0,0.0,1.0,0.47729022324865283,0.21170130869899922,46,0.9515578511447327,35.411855273287145,13.611070896556146,청봉병원,15.368501959717928,참조은병원,2.6313711378391544,True
31250380,광주시,광주시,남한산성면,면,33.58783317936735,2115,737.0,332.0,0.0,1.0,0.3484633569739953,0.15697399527186762,103,3.0665866252804843,48.69976359338061,7.360021526297563,참조은병원,7.360021526297563,참조은병원,4.652268335517407,True
31250511,광주시,광주시,오포1동,동,15.97138805349342,29666,3876.0,1370.0,0.0,0.0,0.13065462145216747,0.04618081305197869,94,5.885524769992636,3.1686105305737207,8.656409252563448,참조은병원,8.656409252563448,참조은병원,1.7953028006836118,True
31250512,광주시,광주시,오포2동,동,15.075645404159598,32777,4994.0,1927.0,0.0,0.0,0.15236293742563384,0.05879122555450468,68,4.510586324963426,2.0746254995881257,5.946687615044396,참조은병원,5.946687615044396,참조은병원,0.8391799412551264,True
31250513,광주시,광주시,신현동,동,8.114582881199091,34521,5500.0,1904.0,0.0,0.0,0.15932331044871237,0.05515483328988152,87,10.721438338078077,2.5202050925523594,4.223640892112521,국군수도병원,4.223640892112521,국군수도병원,0.29956007439975285,True
31250514,광주시,광주시,능평동,동,7.63468596601201,22011,4097.0,1559.0,0.0,0.0,0.1861342056244605,0.0708282222525101,38,4.97728396022677,1.7264095225114715,5.357842074169916,분당서울대학교병원,5.357842074169916,분당서울대학교병원,0.4604581289683943,True
31250540,광주시,광주시,경안동,동,3.1900196465596826,29346,4658.0,1694.0,0.0,0.0,0.1587269133783139,0.0577250732638179,66,20.689527749830173,2.2490288284604376,0.6708168726665175,참조은병원,0.6708168726665175,참조은병원,0.3540422895593168,True
31250550,광주시,광주시,송정동,동,5.085118495516999,22839,4238.0,1501.0,0.0,0.0,0.1855597880817899,0.06572091597705679,55,10.815873818572287,2.4081614781733003,1.1163766564716089,참조은병원,1.1163766564716089,참조은병원,0.36855674597408694,True
31250560,광주시,광주시,쌍령동,동,3.3249107710486703,17152,2642.0,847.0,0.0,1.0,0.15403451492537312,0.04938199626865672,18,5.413679114860227,1.0494402985074627,1.9407713253084087,참조은병원,1.9407713253084087,참조은병원,0.2508441477785013,True
31250570,광주시,광주시,탄벌동,동,16.791652676840165,40958,6990.0,2300.0,0.0,0.0,0.17066263001123103,0.05615508569754383,72,4.28784476344641,1.7578983348796329,3.3907967102174776,참조은병원,3.3907967102174776,참조은병원,0.2542170467690887,True
31250580,광주시,광주시,광남1동,동,25.973912707479023,32116,5935.0,2069.0,0.0,0.0,0.18479885415369288,0.0644227176485241,133,5.120522329379489,4.141238012205754,5.200766118455416,참조은병원,5.200766118455416,참조은병원,0.6973876714118581,True
31250590,광주시,광주시,광남2동,동,2.2799510455863237,32343,3594.0,1243.0,0.0,0.0,0.11112141730822744,0.03843180904677983,31,13.596783167784151,0.9584763318183223,4.929813776090028,참조은병원,4.929813776090028,참조은병원,0.24462348446879828,True
31260110,양주시,양주시,백석읍,읍,41.108279336260246,25902,6960.0,3198.0,0.0,0.0,0.26870511929580726,0.12346536946953904,244,5.935543981398796,9.420121998301289,8.985290319892936,나무정원여성병원,9.832346659963765,추병원,1.5949141502749231,True
31260310,양주시,양주시,은현면,면,34.57662455789686,7175,1838.0,812.0,0.0,0.0,0.25616724738675956,0.11317073170731708,194,5.610726971777033,27.038327526132406,4.5522706316598365,국군양주병원,16.092631325616644,의료법인 일심의료재단 포천우리병원,2.3333598388210355,True
31260320,양주시,양주시,남면,면,36.438624654946715,7668,1983.0,860.0,0.0,0.0,0.25860719874804383,0.11215440792905582,213,5.84544565051481,27.77777777777778,8.562976301602056,국군양주병원,20.803114916516474,의료법인 일심의료재단 포천우리병원,0.38098857177807066,True
31260330,양주시,양주시,광적면,면,48.41705131053139,12431,2950.0,1189.0,0.0,0.0,0.2373099509291288,0.09564797683211326,213,4.399276582001794,17.134582897594726,8.375362883026353,국군양주병원,14.494348475120034,추병원,1.6413623554058745,True
31260340,양주시,양주시,장흥면,면,63.87010686220004,13119,5456.0,3114.0,0.0,0.0,0.4158853571156338,0.23736565286988337,143,2.238919065980631,10.90022105343395,6.58613997671046,국군고양병원,10.441606009320157,경기도의료원의정부병원,1.6813162846270642,True
31260510,양주시,양주시,양주1동,동,23.657565040982476,4411,1623.0,786.0,0.0,0.0,0.367943776921333,0.17819088642031286,91,3.846549712210824,20.630242575379736,4.040851391929649,학교법인 을지학원 의정부을지대학교병원,4.040851391929649,학교법인 을지학원 의정부을지대학교병원,0.87896376514746,True
31260520,양주시,양주시,양주2동,동,19.084782848325524,48645,9140.0,4037.0,0.0,0.0,0.18789186966800286,0.08298900195292425,159,8.33124491190899,3.268578476719087,0.45628344724912795,에스엘서울병원,5.631370292652537,가톨릭대학교의정부성모병원,0.46922339935853263,True
31260530,양주시,양주시,회천1동,동,10.544542309260615,9247,1869.0,797.0,0.0,0.0,0.20211960635881907,0.08619011571320428,71,6.733341089413157,7.678165891640532,2.1875220998552587,양주예쓰병원,10.115958304466918,의료법인 일심의료재단 포천우리병원,1.0987362610853857,True
31260540,양주시,양주시,회천2동,동,11.170338387553413,44819,7009.0,2677.0,0.0,0.0,0.1563845690443785,0.059729132733885186,76,6.803733008185612,1.695709408956023,0.7560584767301937,나무정원여성병원,9.297826651136921,가톨릭대학교의정부성모병원,0.101136984029038,True
31260550,양주시,양주시,회천3동,동,3.5680384094955824,25279,4249.0,2023.0,0.0,0.0,0.1680841805451165,0.08002689979825152,47,13.172503937995568,1.8592507615016416,0.941228322793076,양주예쓰병원,8.994325306672732,의료법인 일심의료재단 포천우리병원,0.5995060405540963,True
31260561,양주시,양주시,옥정1동,동,13.541209293585075,37953,4255.0,1485.0,0.0,0.0,0.1121123494848892,0.03912734171211762,86,6.350983736787902,2.2659605301293704,3.2818792437145166,양주예쓰병원,6.397432230879573,의료법인 일심의료재단 포천우리병원,0.5678942672238259,True
31260571,양주시,양주시,옥정2동,동,4.273324463299745,56351,4211.0,1326.0,0.0,0.0,0.07472804386789941,0.02353108196837678,80,18.720787688147176,1.4196731202640591,2.555349490883804,에스엘서울병원,6.949179243524391,의료법인 일심의료재단 포천우리병원,0.41727821070036636,True
31270110,포천시,포천시,소흘읍,읍,46.07449576857794,44560,8998.0,3943.0,0.0,0.0,0.20192998204667864,0.08848743267504489,190,4.123756469399648,4.26391382405745,2.7978567080781733,의료법인 일심의료재단 포천우리병원,2.7978567080781733,의료법인 일심의료재단 포천우리병원,2.3269968223545474,True
31270310,포천시,포천시,군내면,면,36.15927490583907,10959,2121.0,809.0,0.0,0.0,0.19353955652888039,0.07382060406971439,115,3.180373508580217,10.493658180490922,4.527930594887332,경기도의료원포천병원,4.527930594887332,경기도의료원포천병원,3.2132223581110226,True
31270320,포천시,포천시,내촌면,면,52.66073625394291,5242,1332.0,500.0,0.0,0.0,0.25410148798168636,0.09538344143456697,69,1.3102741227784052,13.162914917970241,10.414874076354787,의료법인 일심의료재단 포천우리병원,10.414874076354787,의료법인 일심의료재단 포천우리병원,1.1258688042199752,True
31270330,포천시,포천시,가산면,면,35.747574299751804,11054,1984.0,791.0,0.0,0.0,0.17948254025692056,0.07155780712864121,92,2.5736011967849453,8.3227790844943,4.4818525182274325,의료법인 일심의료재단 포천우리병원,4.4818525182274325,의료법인 일심의료재단 포천우리병원,2.1205078173296266,True
31270340,포천시,포천시,신북면,면,95.57521677772401,12659,3138.0,1220.0,0.0,0.0,0.24788687890038708,0.09637412117860811,145,1.5171297004454776,11.454301287621455,6.2442107969603775,경기도의료원포천병원,6.2442107969603775,경기도의료원포천병원,3.466668612195193,True
31270350,포천시,포천시,창수면,면,71.45056992748928,2207,895.0,401.0,0.0,1.0,0.4055278658812868,0.18169460806524695,70,0.979698273520262,31.717263253285005,14.531382972047554,연천군보건의료원,15.36299498086821,경기도의료원포천병원,1.7456854610247095,True
31270360,포천시,포천시,영중면,면,61.12786102478855,4988,1732.0,764.0,0.0,1.0,0.34723336006415395,0.15316760224538895,52,0.8506759295718359,10.425020048115476,14.958738537640455,국군포천병원,15.986746164986538,경기도의료원포천병원,0.7463894896433655,True
31270370,포천시,포천시,일동면,면,83.20215655373754,9297,3068.0,1416.0,0.0,0.0,0.32999892438420997,0.15230719586963537,89,1.0696838121319348,9.5729805313542,6.634390463256151,국군포천병원,15.91054265540022,경기도의료원포천병원,0.46176324619940956,True
31270380,포천시,포천시,이동면,면,112.69421411039376,5739,1712.0,779.0,0.0,1.0,0.29830981007144103,0.13573793343788115,63,0.5590349113955934,10.977522216414009,17.12713442627764,국군포천병원,26.209613740387432,경기도의료원포천병원,0.8992019270052612,True
31270390,포천시,포천시,영북면,면,81.78376935889916,7333,2478.0,1217.0,0.0,0.0,0.33792445111141417,0.16596208918587207,78,0.9537344709279111,10.636847129414972,11.91505982815833,철원병원,25.871572526204087,경기도의료원포천병원,2.514549497501411,True
31270400,포천시,포천시,관인면,면,70.00490242227157,2472,1131.0,555.0,0.0,0.0,0.4575242718446602,0.22451456310679613,48,0.6856662653489984,19.41747572815534,7.80749461260661,철원병원,34.22331522647634,경기도의료원포천병원,2.8226191697716034,True
31270410,포천시,포천시,화현면,면,43.47271651391771,3027,842.0,371.0,0.0,1.0,0.27816319788569543,0.1225635943178064,60,1.3801760002918408,19.821605550049554,4.168480382026954,국군포천병원,9.306526832402646,경기도의료원포천병원,0.9134392788708695,True
31270510,포천시,포천시,포천동,동,11.332308015711249,19502,4095.0,1632.0,0.0,0.0,0.20997846374730797,0.08368372474617988,48,4.235677315993549,2.461286021946467,0.9193670534266032,경기도의료원포천병원,0.9193670534266032,경기도의료원포천병원,0.35730528949237256,True
31270520,포천시,포천시,선단동,동,23.872167465793698,18127,3001.0,1140.0,0.0,0.0,0.16555414574943456,0.06288961218072489,108,4.524096949083179,5.9579632592265686,4.020922252190682,의료법인 일심의료재단 포천우리병원,4.020922252190682,의료법인 일심의료재단 포천우리병원,1.427002235447248,True
31280110,여주시,여주시,가남읍,읍,75.0847507564204,15434,3943.0,1631.0,0.0,1.0,0.2554749254891797,0.10567578074381236,133,1.7713317106353628,8.61733834391603,14.318632659410031,이천엘리야병원,15.670229274956021,세종여주병원,1.7138918922406494,True
31280310,여주시,여주시,점동면,면,71.68431957543379,4687,1767.0,771.0,0.0,0.0,0.3770002133560913,0.16449754640494987,105,1.4647554810017822,22.402389588222743,13.32117882834105,연세새로운병원,15.191345399715365,세종여주병원,0.9282833676371087,True
31280330,여주시,여주시,흥천면,면,44.05893548692282,5219,1871.0,792.0,0.0,0.0,0.3584977965127419,0.1517532094270933,139,3.1548651474172984,26.633454684805518,11.711227174650412,세종여주병원,11.711227174650412,세종여주병원,1.5984245815589742,True
31280340,여주시,여주시,금사면,면,41.66652436278622,2729,1173.0,482.0,0.0,0.0,0.42982777574203007,0.17662147306705753,76,1.824006229515946,27.849028948332723,12.744294493546304,국립교통재활병원,19.20310970317359,경기도의료원 이천병원,0.9391688003771639,True
31280350,여주시,여주시,산북면,면,32.59746667508096,2615,944.0,435.0,0.0,0.0,0.3609942638623327,0.16634799235181644,34,1.0430258381394775,13.0019120458891,14.975085202733474,양평병원,17.001130952548433,경기도의료원 이천병원,0.5053482789891505,True
31280360,여주시,여주시,대신면,면,75.75181943843914,6785,2677.0,1200.0,0.0,0.0,0.3945467943994105,0.17686072218128224,123,1.6237233760432355,18.128224023581428,11.478825276009054,세종여주병원,11.478825276009054,세종여주병원,2.003454401718839,True
31280370,여주시,여주시,북내면,면,65.59550632264914,4860,1833.0,917.0,0.0,0.0,0.3771604938271605,0.18868312757201647,115,1.7531688746229286,23.662551440329217,9.093507277107852,세종여주병원,9.093507277107852,세종여주병원,2.233691194559697,True
31280380,여주시,여주시,강천면,면,74.21523129095094,4645,1801.0,892.0,0.0,0.0,0.38772874058127016,0.19203444564047362,109,1.4687012100343662,23.466092572658773,9.327641018210478,연세새로운병원,10.493048854697738,세종여주병원,6.780840022534558,True
31280390,여주시,여주시,세종대왕면,면,52.933666355671384,5856,2197.0,1036.0,0.0,0.0,0.3751707650273224,0.17691256830601093,124,2.342554531681603,21.174863387978142,5.210868354015961,세종여주병원,5.210868354015961,세종여주병원,0.8376355796349816,True
31280510,여주시,여주시,여흥동,동,38.700475817734244,20607,4627.0,1757.0,0.0,0.0,0.22453535206483233,0.0852622895132722,122,3.1524160213062364,5.9203183384286895,4.865749721536461,연세새로운병원,6.752822814296139,세종여주병원,3.049838709957447,True
31280520,여주시,여주시,중앙동,동,17.769836581134737,26147,3985.0,1410.0,0.0,0.0,0.15240754197422265,0.053925880598156575,67,3.770434223977627,2.5624354610471567,1.226170785219041,연세새로운병원,2.872376671664126,세종여주병원,0.884534269640235,True
31280530,여주시,여주시,오학동,동,16.81225560821069,17893,2919.0,1097.0,0.0,0.0,0.1631364220644945,0.06130889174537529,90,5.353237667648012,5.029899960878556,2.778885966520714,세종여주병원,2.778885966520714,세종여주병원,0.3636615634027301,True
31550110,연천군,연천군,연천읍,읍,87.72177050142429,7434,2150.0,1055.0,0.0,0.0,0.289211729889696,0.14191552327145548,127,1.447759196765619,17.083669626042507,10.658997754490336,연천군보건의료원,30.9093224450821,경기도의료원포천병원,0.7198678104955508,True
31550120,연천군,연천군,전곡읍,읍,55.11342576270317,17341,4329.0,1896.0,0.0,0.0,0.24963958249235915,0.1093362551179286,144,2.6127934891945856,8.30401937604521,0.6189716798729807,연천군보건의료원,22.973032435537746,경기도의료원포천병원,0.2518336187044707,True
31550310,연천군,연천군,군남면,면,45.523460997264856,2930,1213.0,575.0,0.0,0.0,0.41399317406143343,0.1962457337883959,98,2.1527361464429964,33.44709897610921,6.577798941122388,연천군보건의료원,29.621007144646313,경기도의료원포천병원,3.2921619985455703,True
31550320,연천군,연천군,청산면,면,43.664948530822905,4344,1470.0,669.0,0.0,0.0,0.3383977900552486,0.15400552486187846,92,2.106953130496824,21.178637200736645,3.7941505664692703,연천군보건의료원,20.799004180983207,경기도의료원포천병원,2.2201479619048112,True
31550330,연천군,연천군,백학면,면,68.98544246943868,2562,972.0,457.0,0.0,1.0,0.3793911007025761,0.17837626854020297,62,0.8987403397095944,24.19984387197502,16.55616855049229,연천군보건의료원,35.67206262639249,경기도의료원포천병원,1.8044595482063666,True
31550340,연천군,연천군,미산면,면,41.45310743857794,1603,708.0,291.0,0.0,1.0,0.4416718652526513,0.1815346225826575,83,2.002262438901187,51.77791640673737,9.235528517363733,연천군보건의료원,31.37316348348797,경기도의료원포천병원,1.6780340315618791,True
31550350,연천군,연천군,왕징면,면,84.93205129074292,931,495.0,242.0,0.0,1.0,0.5316863587540279,0.25993555316863587,38,0.44741648673852025,40.816326530612244,10.82678623860931,연천군보건의료원,34.1213436814838,경기도의료원포천병원,3.3591289789656043,True
31550360,연천군,연천군,신서면,면,149.60561961407802,2382,1129.0,544.0,0.0,1.0,0.4739714525608732,0.22837951301427373,60,0.4010544534007194,25.188916876574307,22.451393513313363,연천군보건의료원,40.38365965216218,경기도의료원포천병원,1.4399766463914565,True
31550370,연천군,연천군,중면,면,83.428424969106,154,51.0,22.0,0.0,1.0,0.33116883116883117,0.14285714285714285,11,0.1318495465313334,71.42857142857143,16.828504237366786,연천군보건의료원,39.47343804297656,경기도의료원포천병원,3.6281478354769274,True
31550380,연천군,연천군,장남면,면,35.953527477139616,705,315.0,154.0,0.0,1.0,0.44680851063829785,0.21843971631205675,20,0.556273651110218,28.368794326241137,21.065214767892996,무척조은병원,35.04469125365835,메디인병원,0.6974285722954335,True
31570110,가평군,가평군,가평읍,읍,144.99788967010085,20354,5342.0,2276.0,0.0,0.0,0.262454554387344,0.11182077232976319,233,1.6069199388358102,11.447381350103175,18.813943925623644,에이치제이매그놀리아국제병원,27.88070148643983,한림대학교춘천성심병원,0.80943038454496,True
31570310,가평군,가평군,설악면,면,140.91433618071505,9876,3184.0,1289.0,0.0,0.0,0.3223977318752531,0.13051842851356824,204,1.447688046008186,20.656136087484814,4.6314005362280986,에이치제이매그놀리아국제병원,33.27105031038317,남양주 한양병원,1.2139061342206154,True
31570320,가평군,가평군,청평면,면,112.01399918916007,12694,4291.0,1842.0,0.0,0.0,0.338033716716559,0.14510792500393888,152,1.356973245311194,11.974161020954782,12.458026376909658,에이치제이매그놀리아국제병원,25.944208557612065,남양주 한양병원,1.4174918079253014,True
31570330,가평군,가평군,상면,면,99.85742564282299,5179,2021.0,750.0,0.0,0.0,0.3902297740876617,0.14481560146746475,109,1.0915562793485065,21.046534079938212,16.017401268857856,노체리안드리자애병원,21.84923341044666,남양주 한양병원,1.7156474362938001,True
31570350,가평군,가평군,북면,면,229.6678398829703,3361,1441.0,619.0,0.0,0.0,0.42874144599821484,0.18417137756620053,202,0.879531065833733,60.10116036893781,20.630237221213275,노체리안드리자애병원,24.884092978763732,한림대학교춘천성심병원,4.698548702884872,True
31570360,가평군,가평군,조종면,면,112.61909642868235,8920,2457.0,937.0,0.0,0.0,0.27544843049327355,0.10504484304932736,114,1.0122617177291253,12.780269058295964,7.558079593768752,노체리안드리자애병원,20.874104483260616,경기도의료원포천병원,2.2036542212061607,True
31580110,양평군,양평군,양평읍,읍,42.30081491700059,36233,7806.0,3068.0,0.0,0.0,0.21543896447989402,0.08467419203488533,144,3.404189736830029,3.974277592250159,0.7357440774087125,양평병원,30.38856931961903,세종여주병원,1.2244493863001678,True
31580310,양평군,양평군,강상면,면,37.87527443540971,9549,2673.0,1038.0,0.0,0.0,0.27992459943449577,0.10870248193528118,59,1.557744488442326,6.178657451041994,4.4838731185045715,양평병원,26.693566201880714,참조은병원,3.2544079769072596,True
31580320,양평군,양평군,강하면,면,41.130162037772465,4452,1893.0,696.0,0.0,1.0,0.4252021563342318,0.15633423180592992,84,2.0422968410106774,18.867924528301888,11.495955415560537,양평병원,19.3195340428256,참조은병원,1.7694486169922283,True
31580330,양평군,양평군,양서면,면,59.59532660652076,13453,4352.0,1784.0,0.0,0.0,0.3234966178547536,0.13260982680443023,97,1.627644406422072,7.210287668178102,16.859296040743224,양평병원,23.116299434374373,참조은병원,4.106631061030576,True
31580340,양평군,양평군,옥천면,면,66.26828345487465,7596,2533.0,1012.0,0.0,0.0,0.333464981569247,0.1332280147446024,73,1.1015827812970183,9.61032122169563,6.791941751774487,양평병원,28.938292893814356,참조은병원,0.15860768883292117,True
31580350,양평군,양평군,서종면,면,92.73191619945048,8900,2803.0,1027.0,0.0,0.0,0.3149438202247191,0.1153932584269663,142,1.531295866835991,15.95505617977528,12.264336190336879,원병원,24.367533232149018,남양주 한양병원,3.876591014469246,True
31580360,양평군,양평군,단월면,면,107.60622904543412,3733,1576.0,673.0,0.0,0.0,0.42218055183498526,0.18028395392445754,75,0.6969856732767121,20.09107956067506,19.467594752815792,국립교통재활병원,32.54952823395728,홍천아산병원,1.075343437491164,True
31580370,양평군,양평군,청운면,면,96.37340026254736,3739,1802.0,856.0,0.0,0.0,0.48194704466434873,0.22893821877507356,68,0.7055888846377683,18.18668093073014,25.46218598105342,국립교통재활병원,28.270788510179667,홍천아산병원,2.5443082054449193,True
31580380,양평군,양평군,양동면,면,120.07833943971194,4311,1881.0,808.0,0.0,0.0,0.4363256784968685,0.18742751101832522,109,0.9077407341623501,25.28415680816516,18.45351388772922,연세메디하임병원,23.413549532504454,세종여주병원,0.6250480177132963,True
31580390,양평군,양평군,지평면,면,77.6217346730566,6723,2723.0,1200.0,0.0,1.0,0.4050275174773167,0.178491744756805,93,1.1981180321686546,13.833110218652388,14.449649587805677,국립교통재활병원,21.420410600009784,세종여주병원,2.5102949213839914,True
31580400,양평군,양평군,용문면,면,102.24897161683927,18087,5603.0,2546.0,0.0,0.0,0.3097805053353237,0.14076408470171947,128,1.2518463313221218,7.076906065129651,9.546091458029583,국립교통재활병원,29.426439620155207,세종여주병원,2.698128380603395,True
31580410,양평군,양평군,개군면,면,32.25873060399529,4846,1826.0,747.0,0.0,0.0,0.37680561287659925,0.15414775072224515,68,2.1079564733888847,14.032191498142797,8.064651687679145,국립교통재활병원,21.81882100478708,세종여주병원,1.9315740837239137,True
