BASE_DATE,ADM_CD,ADM_NM,SIGUNGU_CD,SIGUNGU_NM,SI_NM,adm_type,area_km2,pop,pop65,pop75,age_na_cells,age_missing_cells,stops,rep_x,rep_y,rep_from_stops,dist_hosp_km,nearest_hosp,nearest_hosp_sgg,dist_general_km,nearest_general,nearest_general_sgg,dist_primary_km,elderly_ratio,old75_ratio,stop_density,stops_per_1k,f_aging,f_access,f_supply,score,vulnerable,cluster,cluster_k3
20250630,31011540,파장동,31011,수원시 장안구,수원시,동,8.63837087038168,24817,4888.0,1998.0,0.0,0.0,67,954685.3850811413,1924015.4939191313,True,3.3127730174771517,경기도의료원 수원병원,수원장안구,3.3127730174771517,경기도의료원 수원병원,수원장안구,0.7461577033446829,0.19696176008381353,0.0805093282830318,7.756092092517401,2.6997622597413065,0.59,0.6091666666666666,0.6183333333333334,60.583333333333336,False,도시 외곽형,0
20250630,31011550,율천동,31011,수원시 장안구,수원시,동,2.996941812191972,44174,5005.0,1880.0,0.0,0.0,66,953015.4387904466,1922427.9223075504,True,3.2485295504738043,경기도의료원 수원병원,수원장안구,3.2485295504738043,경기도의료원 수원병원,수원장안구,0.2098590959933764,0.11330194231901118,0.0425589713406076,22.022449595618745,1.4940915470638838,0.11166666666666666,0.6016666666666667,0.2433333333333333,31.888888888888882,False,도시 외곽형,0
20250630,31011560,정자1동,31011,수원시 장안구,수원시,동,1.147008189578966,32658,4669.0,1843.0,0.0,0.0,24,954967.0014390342,1923028.8225524062,True,1.9790114101438745,경기도의료원 수원병원,수원장안구,1.9790114101438745,경기도의료원 수원병원,수원장안구,0.05669119632290889,0.14296650131667585,0.05643333945740707,20.92400055906289,0.7348888480617306,0.2633333333333333,0.4375,0.265,32.19444444444444,False,상대적 양호,1
20250630,31011570,정자2동,31011,수원시 장안구,수원시,동,1.2151905067301267,38494,5759.0,2467.0,0.0,0.0,27,955542.7758749651,1921607.2463705775,True,0.24897540570937238,경기도의료원 수원병원,수원장안구,0.24897540570937238,경기도의료원 수원병원,수원장안구,0.3855070499082903,0.14960773107497272,0.06408790980412532,22.21873842040822,0.7014080116381773,0.295,0.0175,0.24,18.416666666666664,False,상대적 양호,1
20250630,31011580,영화동,31011,수원시 장안구,수원시,동,1.2814587330030978,20532,5048.0,1899.0,0.0,0.0,31,956874.2761122454,1921533.6693334277,True,0.5815778759605145,성모척관병원,수원장안구,1.9716340513893986,경기도의료원 수원병원,수원장안구,0.120036808330033,0.2458601207870641,0.09248977206312098,24.1911808797397,1.509838301188389,0.795,0.23666666666666666,0.20333333333333337,41.16666666666667,False,상대적 양호,1
20250630,31011590,송죽동,31011,수원시 장안구,수원시,동,1.675128498284925,18646,3913.0,1680.0,0.0,0.0,18,955945.9317202364,1922844.334516251,True,1.7731895839815768,성모척관병원,수원장안구,1.8392784964720958,경기도의료원 수원병원,수원장안구,0.17704846956580234,0.2098573420572777,0.09009975329829455,10.745444315722192,0.9653544996245843,0.6516666666666666,0.4125,0.5216666666666667,52.8611111111111,False,상대적 양호,1
20250630,31011600,조원1동,31011,수원시 장안구,수원시,동,1.6342903934578317,27576,5545.0,2298.0,0.0,0.0,30,957035.7091573876,1922420.463888163,True,1.3602762556668642,성모척관병원,수원장안구,2.4528221030413326,경기도의료원 수원병원,수원장안구,0.16362214549672313,0.20108064984044097,0.08333333333333333,18.356590799341358,1.0879025239338556,0.61,0.4175,0.32333333333333336,45.02777777777778,False,상대적 양호,1
20250630,31011610,연무동,31011,수원시 장안구,수원시,동,11.566072565327493,18465,4217.0,1792.0,0.0,0.0,35,957545.4450534133,1923913.7995575103,True,3.167250880506709,다인병원,수원장안구,4.179799730037276,경기도의료원 수원병원,수원장안구,1.2364117798788352,0.22837801245599784,0.09704847007852695,3.0260920292789963,1.8954779312212293,0.7433333333333333,0.6466666666666667,0.8433333333333333,74.44444444444444,True,병원 원거리형,0
20250630,31011620,정자3동,31011,수원시 장안구,수원시,동,1.9073392628635473,38547,3845.0,1505.0,0.0,1.0,49,954328.6664901328,1922231.4267339779,True,1.5992116340501963,경기도의료원 수원병원,수원장안구,1.5992116340501963,경기도의료원 수원병원,수원장안구,0.24608755632097007,0.09974835914597764,0.03904324590759333,25.690238204625846,1.2711754481542015,0.07833333333333334,0.36833333333333335,0.17000000000000004,20.555555555555557,False,상대적 양호,1
20250630,31011630,조원2동,31011,수원시 장안구,수원시,동,1.2556131558860937,16903,3174.0,1446.0,0.0,0.0,10,956635.7681454518,1923167.7134127477,True,2.096443585952887,성모척관병원,수원장안구,2.6723907638941,경기도의료원 수원병원,수원장안구,0.36513575339003307,0.18777731763592262,0.08554694432940899,7.964236399660005,0.5916109566349169,0.5433333333333333,0.5025000000000001,0.605,55.02777777777778,False,도시 외곽형,0
20250630,31012520,세류1동,31012,수원시 권선구,수원시,동,0.7863278870168506,11383,1970.0,723.0,0.0,1.0,18,956202.4776653219,1918285.2353315363,True,1.7624132820523886,의료법인 장산의료재단이춘택병원,수원팔달구,2.284273619106077,의료법인 토마스의료재단 윌스기념병원,수원팔달구,0.16488477919280972,0.1730650970745849,0.0635157691294035,22.89121408155561,1.5813054555038215,0.445,0.44916666666666666,0.22666666666666668,37.36111111111111,False,상대적 양호,1
20250630,31012530,세류2동,31012,수원시 권선구,수원시,동,4.152129595209017,26053,5071.0,1856.0,0.0,0.0,28,956814.4678716939,1917116.5796708735,True,1.600481659424432,수원중앙병원,수원권선구,2.4107650799162874,의료법인 토마스의료재단 윌스기념병원,수원팔달구,0.27694500526580274,0.1946416919356696,0.07123939661459333,6.743527473783122,1.0747322765132614,0.5816666666666667,0.44666666666666666,0.6516666666666666,55.99999999999999,False,도시 외곽형,0
20250630,31012540,세류3동,31012,수원시 권선구,수원시,동,0.8772021709751284,19224,4044.0,1512.0,0.0,0.0,16,957105.0228273334,1918214.1853007528,True,0.7778103443839615,수원중앙병원,수원권선구,1.1842232733025013,의료법인 토마스의료재단 윌스기념병원,수원팔달구,0.4104484774656542,0.2103620474406991,0.07865168539325842,18.23980893961291,0.8322929671244278,0.6616666666666666,0.20166666666666666,0.32666666666666666,39.666666666666664,False,상대적 양호,1
20250630,31012550,평동,31012,수원시 권선구,수원시,동,10.857218237263394,41174,7080.0,2786.0,0.0,0.0,120,953853.1895850745,1916562.3032919946,True,0.7561479206430349,수여성병원,수원권선구,1.8095045067016295,의료법인 덕산의료재단 수원덕산병원,수원권선구,0.5427663012575918,0.17195317433331714,0.06766405984359061,11.05255484209982,2.9144605819206295,0.43833333333333335,0.2575,0.5116666666666667,40.25,False,상대적 양호,1
20250630,31012560,서둔동,31012,수원시 권선구,수원시,동,5.441480280948734,38028,6817.0,2496.0,0.0,0.0,85,954010.7629148613,1918982.1259757208,True,1.6472920490895664,의료법인 덕산의료재단 수원덕산병원,수원권선구,1.6472920490895664,의료법인 덕산의료재단 수원덕산병원,수원권선구,0.3617648016201822,0.1792626485747344,0.06563584727043231,15.620749430553861,2.235195119385716,0.4816666666666667,0.375,0.3783333333333333,41.166666666666664,False,상대적 양호,1
20250630,31012570,구운동,31012,수원시 권선구,수원시,동,1.9410001946115594,23047,4299.0,1532.0,0.0,1.0,46,953240.3156690046,1920493.015972971,True,2.3223695927241264,제이에스병원,수원권선구,3.081033083647323,경기도의료원 수원병원,수원장안구,0.24418787071150289,0.18653186965765609,0.06647285980821799,23.69912178664449,1.9959213780535427,0.5366666666666666,0.5458333333333334,0.21499999999999997,43.25,False,상대적 양호,1
20250630,31012600,권선1동,31012,수원시 권선구,수원시,동,1.2192420325165394,24573,3544.0,1158.0,0.0,0.0,23,957770.3716234987,1917908.9999751707,True,0.18519405595212632,수원중앙병원,수원권선구,0.9181979396699194,의료법인 토마스의료재단 윌스기념병원,수원팔달구,0.0905466119792166,0.14422333455418548,0.04712489317543646,18.864179044522892,0.9359866520164408,0.275,0.0625,0.30833333333333335,21.52777777777778,False,상대적 양호,1
20250630,31012610,곡선동,31012,수원시 권선구,수원시,동,3.5960287027426907,34808,3280.0,1031.0,0.0,0.0,24,958410.4292864508,1915862.729444395,True,2.600682794938486,매듭병원,수원영통구,3.608100823891703,의료법인 토마스의료재단 윌스기념병원,수원팔달구,0.2563747469696853,0.09423121121581246,0.029619627671799587,6.6740290425644275,0.689496667432774,0.06,0.5841666666666667,0.6566666666666667,43.361111111111114,False,도시 외곽형,0
20250630,31012620,입북동,31012,수원시 권선구,수원시,동,6.948309511607143,19349,2531.0,854.0,0.0,0.0,57,950770.8159058001,1921621.3004267982,True,2.650341634326516,세인트마리여성병원,수원권선구,5.138533994964297,의료법인 명인의료재단 화홍병원,수원권선구,0.5146163935707364,0.13080779368442813,0.04413664788877978,8.203434217313083,2.9458886764173857,0.2,0.6541666666666667,0.5966666666666667,48.36111111111111,False,도시 외곽형,0
20250630,31012640,권선2동,31012,수원시 권선구,수원시,동,2.4575432485412723,44992,5370.0,1636.0,0.0,0.0,42,957834.4336766533,1916720.3337069317,True,1.685459634515822,수원중앙병원,수원권선구,2.4424422164111315,의료법인 토마스의료재단 윌스기념병원,수원팔달구,0.2638527761362803,0.11935455192034139,0.036362019914651496,17.090238401676146,0.9334992887624467,0.14,0.45999999999999996,0.35,31.666666666666664,False,도시 외곽형,1
20250630,31012650,금곡동,31012,수원시 권선구,수원시,동,4.095864730543369,44247,6159.0,2470.0,0.0,0.0,30,950875.5929890615,1919591.0865367488,True,0.951053319075849,세인트마리여성병원,수원권선구,2.8771860849312687,의료법인 명인의료재단 화홍병원,수원권선구,0.32456236712367015,0.1391958776866228,0.05582299364928696,7.32446063862566,0.6780120686148213,0.24166666666666667,0.38416666666666666,0.6316666666666666,41.91666666666666,False,도시 외곽형,0
20250630,31012660,호매실동,31012,수원시 권선구,수원시,동,4.748119173567313,43722,4972.0,1763.0,0.0,0.0,54,951865.8160473488,1918664.6776985128,True,1.1151495172303723,의료법인 명인의료재단 화홍병원,수원권선구,1.1151495172303723,의료법인 명인의료재단 화홍병원,수원권선구,0.44076707039483054,0.11371849412195234,0.04032294954485156,11.372924315088161,1.2350761630300535,0.115,0.24666666666666665,0.5016666666666667,28.777777777777775,False,상대적 양호,1
20250630,31013530,지동,31013,수원시 팔달구,수원시,동,0.7926899864325322,10899,3154.0,1190.0,0.0,0.0,15,958048.9251780565,1920256.9887031373,True,0.34145245656526835,가톨릭대학교 성빈센트병원,수원팔달구,0.34145245656526835,가톨릭대학교 성빈센트병원,수원팔달구,0.10493881205999395,0.2893843471878154,0.10918432883750803,18.92290839639197,1.3762730525736306,0.8816666666666667,0.03833333333333333,0.30666666666666664,40.888888888888886,False,상대적 양호,1
20250630,31013540,우만1동,31013,수원시 팔달구,수원시,동,1.3044180568413704,18624,3995.0,1609.0,0.0,0.0,23,958437.8048703037,1920961.7291730465,True,0.8641381036026011,다인병원,수원장안구,1.301683929948624,의료법인 녹산의료재단동수원병원,수원팔달구,0.03469678377918381,0.21450816151202748,0.08639390034364261,17.63238394268642,1.2349656357388317,0.6866666666666666,0.22666666666666668,0.3383333333333334,41.722222222222214,False,상대적 양호,1
20250630,31013550,우만2동,31013,수원시 팔달구,수원시,동,0.8063740258836575,16605,2372.0,885.0,0.0,0.0,17,959132.4520498886,1920229.2086198754,True,0.5900266832631387,의료법인 녹산의료재단동수원병원,수원팔달구,0.5900266832631387,의료법인 녹산의료재단동수원병원,수원팔달구,0.23216903411767173,0.14284853959650706,0.053297199638663056,21.082028257756328,1.0237880156579344,0.26166666666666666,0.09083333333333334,0.2633333333333333,20.527777777777775,False,상대적 양호,1
20250630,31013560,인계동,31013,수원시 팔달구,수원시,동,2.7748645840859916,45689,5954.0,2283.0,0.0,0.0,45,958455.6078021077,1918886.8449770994,True,0.3260661718450826,백성병원,수원팔달구,0.7784907052952897,의료법인 토마스의료재단 윌스기념병원,수원팔달구,0.1213994721391135,0.1303158309439909,0.049968263695856774,16.217007582307833,0.9849197837553897,0.195,0.07,0.37,21.166666666666668,False,상대적 양호,1
20250630,31013670,매교동,31013,수원시 팔달구,수원시,동,0.8695663406437512,22467,2555.0,944.0,0.0,1.0,23,957140.1510207824,1918837.8282467108,True,0.6471605253409406,의료법인 장산의료재단이춘택병원,수원팔달구,1.0758610955864751,의료법인 토마스의료재단 윌스기념병원,수원팔달구,0.07941986992821026,0.11372234833311079,0.04201718075399475,26.449965833512834,1.023723683624872,0.11666666666666667,0.155,0.15833333333333333,14.333333333333332,False,상대적 양호,1
20250630,31013680,매산동,31013,수원시 팔달구,수원시,동,0.8314717793847706,13786,2518.0,871.0,0.0,0.0,21,955827.8116067394,1918845.67596548,True,1.7287832704838892,의료법인 장산의료재단이춘택병원,수원팔달구,2.754285677737466,의료법인 토마스의료재단 윌스기념병원,수원팔달구,0.06116614848024692,0.18264906426809807,0.0631800377194255,25.25641942476808,1.5232844915131294,0.5016666666666667,0.48,0.18333333333333335,38.83333333333333,False,상대적 양호,1
20250630,31013690,고등동,31013,수원시 팔달구,수원시,동,1.0133028458820188,23527,3860.0,1472.0,0.0,0.0,26,955938.4547699898,1919565.6480734232,True,1.4977778364252272,의료법인 장산의료재단이춘택병원,수원팔달구,2.6972168993968078,경기도의료원 수원병원,수원장안구,0.08059585815470646,0.16406681684872698,0.06256641305733837,25.658666711202784,1.1051132741105962,0.38166666666666665,0.45666666666666667,0.17166666666666663,33.666666666666664,False,상대적 양호,1
20250630,31013700,화서1동,31013,수원시 팔달구,수원시,동,0.9546415174647392,23248,4758.0,1773.0,0.0,0.0,31,955852.7551188153,1920386.0500444656,True,1.6532606877741254,경기도의료원 수원병원,수원장안구,1.6532606877741254,경기도의료원 수원병원,수원장안구,0.3396567669918791,0.2046627666896077,0.0762646249139711,32.47292248751901,1.3334480385409497,0.6333333333333333,0.37916666666666665,0.09499999999999997,36.916666666666664,False,상대적 양호,1
20250630,31013710,화서2동,31013,수원시 팔달구,수원시,동,1.952451510918962,23797,3501.0,1371.0,0.0,0.0,35,954505.1875547154,1920929.4426310807,True,1.3766978928203821,경기도의료원 수원병원,수원장안구,1.3766978928203821,경기도의료원 수원병원,수원장안구,0.4367465675741628,0.1471193847964029,0.057612304071941844,17.92618142077522,1.470773626927764,0.2833333333333333,0.3225,0.33499999999999996,31.361111111111107,False,상대적 양호,1
20250630,31013720,행궁동,31013,수원시 팔달구,수원시,동,1.558000858361026,10175,2733.0,1086.0,0.0,0.0,21,957204.8508076032,1920439.3470559174,True,0.4285790673847253,의료법인 송설의료재단 수원백병원,수원팔달구,1.302712095872135,가톨릭대학교 성빈센트병원,수원팔달구,0.276711674834421,0.2685995085995086,0.10673218673218673,13.478811572730082,2.0638820638820636,0.8483333333333334,0.14416666666666667,0.43999999999999995,47.75,False,상대적 양호,1
20250630,31014510,매탄1동,31014,수원시 영통구,수원시,동,0.6008660119915137,13052,1797.0,632.0,0.0,1.0,7,959642.4356888593,1919524.248440013,True,0.3968940891014334,나누리수원병원,수원영통구,0.8874450956819988,아주대학교병원,수원영통구,0.047832891328644996,0.1376800490346307,0.04842169782408826,11.649851814382313,0.5363162733680662,0.23,0.08666666666666667,0.495,27.055555555555554,False,상대적 양호,1
20250630,31014520,매탄2동,31014,수원시 영통구,수원시,동,0.6078679924612709,14032,2395.0,904.0,0.0,0.0,12,960408.811079043,1919109.8023834017,True,0.8226240433677452,나누리수원병원,수원영통구,1.5104560309706903,아주대학교병원,수원영통구,0.05240739311424837,0.1706812998859749,0.06442417331812998,19.741128252882234,0.855188141391106,0.43166666666666664,0.24166666666666667,0.2866666666666666,31.999999999999996,False,상대적 양호,1
20250630,31014530,매탄3동,31014,수원시 영통구,수원시,동,3.1823678901606054,34671,3599.0,1287.0,0.0,0.0,36,959567.9035561003,1917834.1980154393,True,2.224740805709093,백성병원,수원팔달구,2.3465271238477468,의료법인 토마스의료재단 윌스기념병원,수원팔달구,0.10354761848722882,0.10380433215078884,0.03712035995500562,11.312331333943662,1.0383317469931643,0.08833333333333333,0.48833333333333334,0.5033333333333334,36.0,False,도시 외곽형,0
20250630,31014540,매탄4동,31014,수원시 영통구,수원시,동,0.7449932724676349,19546,3026.0,1069.0,0.0,0.0,19,960138.5726436737,1918640.8470465213,True,1.198403892870262,나누리수원병원,수원영통구,1.9928431367194084,아주대학교병원,수원영통구,0.2624030263983856,0.1548142842525325,0.054691496981479584,25.503586008322547,0.9720658958354651,0.3233333333333333,0.3566666666666667,0.17666666666666664,28.555555555555557,False,상대적 양호,1
20250630,31014600,원천동,31014,수원시 영통구,수원시,동,3.235831357016412,49560,4902.0,2024.0,0.0,0.0,69,960711.348071858,1919558.1818844955,True,0.9936167102087105,나누리수원병원,수원영통구,1.3073167152793306,아주대학교병원,수원영통구,0.4930034107280101,0.09891041162227603,0.04083938660209847,21.323731797821882,1.3922518159806294,0.075,0.255,0.2583333333333333,19.611111111111107,False,상대적 양호,1
20250630,31014620,광교1동,31014,수원시 영통구,수원시,동,7.966681150027658,53508,3591.0,1152.0,0.0,0.0,83,960046.1842538889,1921902.4069536403,True,2.2786786301258677,아주대학교병원,수원영통구,2.2786786301258677,아주대학교병원,수원영통구,0.25172544487721216,0.06711145996860282,0.02152949091724602,10.418391101256995,1.5511699185168573,0.025,0.48333333333333334,0.5366666666666666,34.83333333333333,False,도시 외곽형,0
20250630,31014630,광교2동,31014,수원시 영통구,수원시,동,4.142007260497645,27617,3360.0,1150.0,0.0,0.0,42,961898.5166275038,1921074.5700180351,True,1.4455072365225328,광교참좋은병원,용인수지구,2.85688719746182,아주대학교병원,수원영통구,0.3947594354373799,0.12166419234529456,0.04164101821341927,10.140011197120373,1.520802404316182,0.15,0.46,0.54,38.33333333333333,False,도시 외곽형,0
20250630,31014640,영통1동,31014,수원시 영통구,수원시,동,1.6880333164232564,32136,3256.0,1295.0,0.0,0.0,24,962455.8074983815,1918044.2849991093,True,0.6975486859507037,베데스다재활병원,수원영통구,4.307188002249848,아주대학교병원,수원영통구,0.16848208731485526,0.1013193925815285,0.0402974856858352,14.217728860265135,0.7468259895444361,0.08333333333333333,0.4108333333333334,0.41500000000000004,30.305555555555554,False,도시 외곽형,1
20250630,31014650,영통2동,31014,수원시 영통구,수원시,동,1.3682876116830232,24991,1715.0,772.0,0.0,0.0,19,960836.5229058892,1916502.6525744589,True,1.2389943304546536,매듭병원,수원영통구,4.655027937466142,의료법인 토마스의료재단 윌스기념병원,수원팔달구,0.0640618587736913,0.06862470489376175,0.030891120803489255,13.885969468531249,0.7602736985314713,0.02666666666666667,0.52,0.43166666666666664,32.611111111111114,False,도시 외곽형,0
20250630,31014660,영통3동,31014,수원시 영통구,수원시,동,1.6979755693951522,32009,2668.0,958.0,0.0,0.0,28,962071.2862870452,1916882.6301182471,True,0.6298955101052166,시온여성병원,수원영통구,4.916240643005919,한림대학교동탄성심병원,화성동탄구,0.3266566972758862,0.08335155737448842,0.029929082445562187,16.49022548067289,0.8747539754444063,0.045,0.41250000000000003,0.3633333333333333,27.361111111111114,False,도시 외곽형,1
20250630,31014670,망포1동,31014,수원시 영통구,수원시,동,1.0266296973594178,30994,2903.0,1176.0,0.0,0.0,16,960911.8074378262,1915889.6043399377,True,0.7315315881614497,매듭병원,수원영통구,4.265960533083909,한림대학교동탄성심병원,화성동탄구,0.05966376539655984,0.09366328966896818,0.037942827644060144,15.58497678486548,0.5162289475382332,0.058333333333333334,0.4166666666666667,0.38,28.499999999999996,False,도시 외곽형,1
20250630,31014680,망포2동,31014,수원시 영통구,수원시,동,1.418998908556442,32634,1910.0,579.0,0.0,0.0,20,959744.5021198837,1915928.9328742055,True,0.9236069258033229,매듭병원,수원영통구,4.192854784855994,의료법인 토마스의료재단 윌스기념병원,수원팔달구,0.29287694014851595,0.05852791567077281,0.017742232027946312,14.094443540020864,0.6128577557148985,0.015,0.44666666666666666,0.42000000000000004,29.388888888888886,False,도시 외곽형,1
20250630,31021510,신흥1동,31021,성남시 수정구,성남시,동,0.3225959541537,13354,3091.0,1151.0,0.0,1.0,11,968174.6347286585,1938131.029867038,True,0.4785549589696384,성남시의료원,성남수정구,0.4785549589696384,성남시의료원,성남수정구,0.18374300349524603,0.23146622734761121,0.08619140332484648,34.098381763210455,0.8237232289950577,0.755,0.0625,0.07833333333333337,29.86111111111111,False,상대적 양호,1
20250630,31021520,신흥2동,31021,성남시 수정구,성남시,동,1.1402827803880435,30517,4638.0,1487.0,0.0,0.0,17,968947.7339136684,1938799.7928788364,True,1.2080114772848372,성남시의료원,성남수정구,1.2080114772848372,성남시의료원,성남수정구,0.3773336298548733,0.15198086312547104,0.04872693908313399,14.90858258353671,0.5570665530687814,0.30333333333333334,0.2783333333333333,0.395,32.55555555555556,False,상대적 양호,1
20250630,31021530,신흥3동,31021,성남시 수정구,성남시,동,0.3211585702616951,11089,2404.0,877.0,0.0,1.0,13,968866.7465637249,1938156.5163574414,True,1.1161854741820558,성남시의료원,성남수정구,1.1161854741820558,성남시의료원,성남수정구,0.10345654167566888,0.2167914149156822,0.07908738389394895,40.47844648644123,1.1723329425556859,0.7016666666666667,0.24833333333333335,0.04833333333333334,33.27777777777778,False,상대적 양호,1
20250630,31021540,태평1동,31021,성남시 수정구,성남시,동,1.3410752853435997,16759,3516.0,1438.0,0.0,0.0,25,967046.8027008541,1938341.7895736152,True,0.5771109080760417,순천의료재단 성남정병원,성남수정구,0.5771109080760417,순천의료재단 성남정병원,성남수정구,0.09401188632404489,0.20979772062772242,0.08580464228175906,18.641757307155725,1.4917357837579808,0.6483333333333333,0.08833333333333333,0.31499999999999995,35.05555555555555,False,상대적 양호,1
20250630,31021550,태평2동,31021,성남시 수정구,성남시,동,0.4822544111960709,14480,3244.0,1338.0,0.0,0.0,16,967924.9000114789,1938570.3207063717,True,0.22272102429189797,성남시의료원,성남수정구,0.22272102429189797,성남시의료원,성남수정구,0.22762866500944057,0.2240331491712707,0.09240331491712707,33.1775088595195,1.1049723756906078,0.7266666666666667,0.014166666666666668,0.08499999999999996,27.52777777777777,False,상대적 양호,1
20250630,31021560,태평3동,31021,성남시 수정구,성남시,동,0.3711183789589587,13388,2926.0,1075.0,0.0,1.0,13,967546.1469393504,1938442.4454064171,True,0.6877192978903282,성남시의료원,성남수정구,0.6877192978903282,성남시의료원,성남수정구,0.21701948840274748,0.21855392889154468,0.08029578727218405,35.02925410610733,0.9710188228264117,0.71,0.12416666666666666,0.07166666666666666,30.19444444444444,False,상대적 양호,1
20250630,31021570,태평4동,31021,성남시 수정구,성남시,동,0.4042626538806457,11332,2490.0,1064.0,0.0,0.0,8,968298.5557053572,1938850.8495673523,True,0.5584566735718913,성남시의료원,성남수정구,0.5584566735718913,성남시의료원,성남수정구,0.16224741181151447,0.21973173314507588,0.09389339922343805,19.78911463427417,0.7059654076950229,0.7133333333333334,0.0825,0.28500000000000003,36.02777777777778,False,상대적 양호,1
20250630,31021580,수진1동,31021,성남시 수정구,성남시,동,0.3331617228334133,14002,3481.0,1210.0,0.0,0.0,8,967677.0708150289,1937857.3468697383,True,0.649364612014874,순천의료재단 성남정병원,성남수정구,0.649364612014874,순천의료재단 성남정병원,성남수정구,0.29656333187448275,0.2486073418083131,0.08641622625339238,24.012362320506252,0.571346950435652,0.8116666666666666,0.11166666666666666,0.20666666666666667,37.666666666666664,False,상대적 양호,1
20250630,31021590,수진2동,31021,성남시 수정구,성남시,동,0.9238754933728852,17361,4177.0,1629.0,0.0,0.0,22,967097.6011143207,1937577.7210939932,True,0.33684159384847506,성모윌병원,성남수정구,0.456493292249659,순천의료재단 성남정병원,성남수정구,0.3932944689267974,0.24059673981913485,0.09383100051840332,23.812732514077613,1.2672081101319048,0.785,0.04083333333333333,0.21166666666666667,34.583333333333336,False,상대적 양호,1
20250630,31021600,단대동,31021,성남시 수정구,성남시,동,0.8024787268809402,14012,2934.0,1174.0,0.0,1.0,20,969748.0950062966,1939876.9113637004,True,0.828227048156988,성남중앙병원,성남중원구,0.828227048156988,성남중앙병원,성남중원구,0.4968606816348989,0.20939194975735084,0.08378532686268912,24.922779047035473,1.4273479874393378,0.645,0.16666666666666666,0.19333333333333336,33.5,False,상대적 양호,1
20250630,31021610,산성동,31021,성남시 수정구,성남시,동,0.5845304310753161,4587,1065.0,443.0,0.0,0.0,12,969195.8821871483,1939914.901976409,True,1.3918306030933711,성남중앙병원,성남중원구,1.3918306030933711,성남중앙병원,성남중원구,0.37900485137890577,0.23217789404839764,0.09657728362764334,20.529299010018203,2.616088947024199,0.7583333333333333,0.32833333333333337,0.2733333333333333,45.33333333333333,False,상대적 양호,1
20250630,31021620,양지동,31021,성남시 수정구,성남시,동,1.259359097319615,9398,2000.0,814.0,0.0,0.0,19,970319.8900798666,1940283.0438111192,True,1.24607099988083,성남중앙병원,성남중원구,1.24607099988083,성남중앙병원,성남중원구,0.3509478919195231,0.21281123643328367,0.08661417322834646,15.087039145894982,2.021706746116195,0.6783333333333333,0.29083333333333333,0.39,45.30555555555556,False,상대적 양호,1
20250630,31021640,신촌동,31021,성남시 수정구,성남시,동,4.979344494107412,4335,540.0,185.0,0.0,1.0,16,965166.7813075582,1939286.2514386498,True,3.165324402361581,순천의료재단 성남정병원,성남수정구,3.165324402361581,순천의료재단 성남정병원,성남수정구,1.6272261071689094,0.1245674740484429,0.04267589388696655,3.2132743615017,3.690888119953864,0.16333333333333333,0.5933333333333333,0.8283333333333334,52.83333333333333,False,도시 외곽형,0
20250630,31021650,고등동,31021,성남시 수정구,성남시,동,12.312881052139309,11220,1597.0,563.0,0.0,0.0,38,964523.3350161512,1936828.5303431926,True,3.430304737513469,성모윌병원,성남수정구,3.7347748923188075,순천의료재단 성남정병원,성남수정구,0.578605995585159,0.14233511586452763,0.05017825311942959,3.086198903334461,3.3868092691622103,0.25833333333333336,0.6316666666666666,0.84,57.666666666666664,False,도시 외곽형,0
20250630,31021660,시흥동,31021,성남시 수정구,성남시,동,12.9392628034505,3233,694.0,288.0,0.0,1.0,90,964694.5091259808,1934963.9107210664,True,2.63013632129842,사랑의병원,성남분당구,2.840144423573904,차의과학대학교분당차병원,성남분당구,0.3130706971840312,0.21466130528920507,0.08908134859263842,6.955574005035263,27.837921435199505,0.69,0.5441666666666667,0.6466666666666667,62.69444444444444,False,도시 외곽형,0
20250630,31021670,복정동,31021,성남시 수정구,성남시,동,3.5573429876099936,13278,1260.0,456.0,0.0,0.0,29,966947.7427908642,1940042.9533341855,True,2.4987506957000063,성남시의료원,성남수정구,2.4987506957000063,성남시의료원,성남수정구,0.7984003460220811,0.09489380930863081,0.03434252146407592,8.152151788850615,2.184063865039916,0.06333333333333334,0.5175,0.5983333333333334,39.30555555555556,False,도시 외곽형,0
20250630,31021680,위례동,31021,성남시 수정구,성남시,동,3.163805081566606,44645,6931.0,2460.0,0.0,0.0,79,968320.5528246805,1941233.8572314852,True,2.4328592361924493,서울세계로병원,송파구,3.374002094074656,성남중앙병원,성남중원구,0.25932663874395434,0.15524694814648896,0.055101355134953525,24.96993271180978,1.7695150632769625,0.32666666666666666,0.5675,0.19166666666666665,36.19444444444444,False,도시 외곽형,1
20250630,31022510,성남동,31022,성남시 중원구,성남시,동,1.9992387740250102,32361,6751.0,2769.0,0.0,0.0,50,967756.6541673283,1937122.4802860622,True,0.8712585583750915,성모윌병원,성남수정구,1.2770502938880952,순천의료재단 성남정병원,성남수정구,0.3636639667738838,0.20861530855041563,0.08556595902475202,25.009518947722505,1.5450696826426873,0.6433333333333333,0.22916666666666669,0.18999999999999995,35.416666666666664,False,상대적 양호,1
20250630,31022530,금광1동,31022,성남시 중원구,성남시,동,0.6057031647121262,19428,2687.0,901.0,0.0,0.0,20,970516.3429958631,1938463.6938825543,True,0.4754960599445461,바른마디병원,성남중원구,1.2691946404978836,성남중앙병원,성남중원구,0.1455447455246571,0.13830553839818818,0.046376364010706196,33.0194741668643,1.0294420424130122,0.23166666666666666,0.14750000000000002,0.08666666666666667,15.527777777777777,False,상대적 양호,1
20250630,31022540,금광2동,31022,성남시 중원구,성남시,동,1.0939362352206767,24407,4987.0,1777.0,0.0,0.0,28,970455.911893472,1939061.1368073937,True,0.5902990498492927,성남중앙병원,성남중원구,0.5902990498492927,성남중앙병원,성남중원구,0.07999458046088882,0.2043266276068341,0.0728069816036383,25.595641773719688,1.147211865448437,0.6316666666666667,0.0925,0.17333333333333334,29.916666666666664,False,상대적 양호,1
20250630,31022550,은행1동,31022,성남시 중원구,성남시,동,0.2729179831183794,9223,1735.0,655.0,0.0,0.0,6,970656.0955629861,1939189.8877467327,True,0.7460165744895588,성남중앙병원,성남중원구,0.7460165744895588,성남중앙병원,성남중원구,0.25669010877843607,0.18811666485959017,0.07101810690664642,21.98462677850537,0.6505475441830206,0.5466666666666666,0.14416666666666667,0.2466666666666667,31.25,False,상대적 양호,1
20250630,31022560,은행2동,31022,성남시 중원구,성남시,동,2.4054389167267853,21028,4843.0,1971.0,0.0,0.0,39,970641.9231015457,1939881.9206431482,True,0.9837066679422763,성남중앙병원,성남중원구,0.9837066679422763,성남중앙병원,성남중원구,0.22663847059609907,0.23031196499904888,0.09373216663496291,16.21325726826997,1.8546699638577135,0.75,0.20833333333333334,0.3716666666666667,44.33333333333333,False,상대적 양호,1
20250630,31022570,상대원1동,31022,성남시 중원구,성남시,동,6.785851902508563,23974,5064.0,1857.0,0.0,0.0,90,970970.6813387931,1937354.9722442743,True,1.8365673981903832,바른마디병원,성남중원구,2.82610723651428,성남중앙병원,성남중원구,0.5916885692755636,0.21122883123383665,0.07745891382330858,13.262888918446512,3.7540669058146325,0.67,0.4958333333333333,0.44499999999999995,53.69444444444444,False,상대적 양호,1
20250630,31022580,상대원2동,31022,성남시 중원구,성남시,동,0.5138221354736401,3039,668.0,249.0,0.0,1.0,12,969847.0665853095,1937726.206092189,True,1.0904310084343323,바른마디병원,성남중원구,2.1360438146308693,성남중앙병원,성남중원구,0.11988216383927315,0.21980914774596907,0.08193484698914116,23.35438505182037,3.948667324777887,0.7166666666666667,0.3491666666666666,0.22333333333333338,42.97222222222222,False,상대적 양호,1
20250630,31022590,상대원3동,31022,성남시 중원구,성남시,동,0.3056581345754978,11402,2752.0,964.0,0.0,0.0,12,970255.3310690005,1937882.638489055,True,0.8226587188361925,바른마디병원,성남중원구,1.916281360355713,성남중앙병원,성남중원구,0.14892848181439733,0.24136116470794597,0.08454657077705666,39.25954732618442,1.0524469391334854,0.7883333333333333,0.27749999999999997,0.050000000000000044,37.19444444444444,False,상대적 양호,1
20250630,31022600,하대원동,31022,성남시 중원구,성남시,동,2.3375841676378024,18899,3800.0,1283.0,0.0,0.0,30,969009.8534490052,1936795.9835449015,True,2.5105573984871623,성남시의료원,성남수정구,2.5105573984871623,성남시의료원,성남수정구,0.06384281430831946,0.20106883962114397,0.06788718979840203,12.83376248664273,1.5873855759563997,0.6083333333333333,0.5191666666666667,0.45499999999999996,52.75,False,도시 외곽형,0
20250630,31022610,도촌동,31022,성남시 중원구,성남시,동,9.391862698617231,25625,4428.0,1755.0,0.0,0.0,74,969246.4685507854,1935557.808951587,True,3.1840305077763036,바른세상병원,성남분당구,3.333911543578656,차의과학대학교분당차병원,성남분당구,0.5831702217067803,0.1728,0.06848780487804879,7.879161181827653,2.8878048780487804,0.44,0.605,0.61,55.166666666666664,False,도시 외곽형,0
20250630,31022620,중앙동,31022,성남시 중원구,성남시,동,0.6786809340950593,16571,2978.0,1075.0,0.0,0.0,23,968911.0609676361,1937965.4092447213,True,1.2813644040956986,성남시의료원,성남수정구,1.2813644040956986,성남시의료원,성남수정구,0.20604555152155316,0.1797115442640758,0.06487236738881177,33.889267908590625,1.3879669301792286,0.485,0.3025,0.08166666666666667,28.972222222222214,False,상대적 양호,1
20250630,31023510,분당동,31023,성남시 분당구,성남시,동,3.3839249612350843,23238,3954.0,1638.0,0.0,0.0,45,968190.9614315687,1930269.0089468658,True,3.023144197801967,서울나우병원,성남분당구,3.2365828675182686,국군수도병원,성남분당구,0.15654140629822955,0.17015233668990445,0.0704879938032533,13.298167221644194,1.9364833462432223,0.42833333333333334,0.5908333333333333,0.44333333333333336,48.75,False,도시 외곽형,0
20250630,31023520,수내3동,31023,성남시 분당구,성남시,동,1.0490324098753805,12681,1418.0,516.0,0.0,1.0,19,966864.1781926836,1929810.6230865284,True,2.1941411997788953,분당서울대학교병원,성남분당구,2.1941411997788953,분당서울대학교병원,성남분당구,0.12615373555990267,0.11182083431906001,0.04069079725573693,18.11192849824068,1.4983045501143444,0.10333333333333333,0.4716666666666667,0.33166666666666667,30.222222222222218,False,도시 외곽형,1
20250630,31023530,수내1동,31023,성남시 분당구,성남시,동,1.0217219713035628,16894,2500.0,1299.0,0.0,0.0,23,966129.0935976056,1931001.6421479254,True,1.0063748165875004,서울나우병원,성남분당구,1.6266105592963664,대진의료재단 분당제생병원,성남분당구,0.22721744651084605,0.14798153190481828,0.07689120397774357,22.511016348856113,1.3614300935243282,0.285,0.2833333333333333,0.2316666666666667,26.66666666666666,False,상대적 양호,1
20250630,31023540,수내2동,31023,성남시 분당구,성남시,동,0.8226998582146661,9664,1182.0,548.0,0.0,0.0,20,966562.0357410151,1930573.6000720323,True,1.5244776187817413,서울나우병원,성남분당구,2.10276537706538,대진의료재단 분당제생병원,성남분당구,0.27287864904278714,0.12230960264900662,0.05670529801324503,24.31020231777094,2.06953642384106,0.15166666666666667,0.41583333333333333,0.19999999999999996,25.58333333333333,False,상대적 양호,1
20250630,31023550,정자2동,31023,성남시 분당구,성남시,동,0.5019344775883438,13650,2689.0,1255.0,0.0,0.0,13,966252.5249172412,1929671.0199520895,True,2.0593320547915757,분당서울대학교병원,성남분당구,2.0593320547915757,분당서울대학교병원,성남분당구,0.35292776130062337,0.196996336996337,0.09194139194139195,25.899794854622066,0.9523809523809523,0.5933333333333334,0.45416666666666666,0.16833333333333333,40.52777777777777,False,상대적 양호,1
20250630,31023560,정자3동,31023,성남시 분당구,성남시,동,1.9687129686783518,15840,2315.0,1100.0,0.0,0.0,39,966247.3257001,1929073.875419354,True,1.3243661378519556,분당서울대학교병원,성남분당구,1.3243661378519556,분당서울대학교병원,성남분당구,0.4840005521256777,0.1461489898989899,0.06944444444444445,19.809896424963217,2.462121212121212,0.2816666666666667,0.3091666666666667,0.2833333333333333,29.138888888888893,False,상대적 양호,1
20250630,31023580,서현1동,31023,성남시 분당구,성남시,동,7.484775044384509,29216,4178.0,1846.0,0.0,0.0,56,967213.7907180772,1931646.7262156229,True,1.0435711276152961,분당제일여성병원,성남분당구,1.1468866043460617,대진의료재단 분당제생병원,성남분당구,0.33382068728288217,0.1430038335158817,0.06318455640744797,7.481854787608384,1.9167579408543263,0.265,0.2425,0.6283333333333334,37.861111111111114,False,도시 외곽형,1
20250630,31023590,서현2동,31023,성남시 분당구,성남시,동,0.7800593665656785,16674,2619.0,1006.0,0.0,0.0,23,967834.3896393566,1930622.5143250194,True,2.3745885502666066,서울나우병원,성남분당구,2.660609404601403,대진의료재단 분당제생병원,성남분당구,0.04869160128838508,0.1570708888089241,0.06033345328055655,29.484935359805686,1.379393067050498,0.34,0.5208333333333334,0.1283333333333333,32.97222222222222,False,상대적 양호,1
20250630,31023600,이매1동,31023,성남시 분당구,성남시,동,2.882911089400793,23488,3767.0,1590.0,0.0,0.0,51,967078.372832823,1932759.1082982393,True,1.036776501469297,대진의료재단 분당제생병원,성남분당구,1.036776501469297,대진의료재단 분당제생병원,성남분당구,0.29036826509193714,0.16037976839237056,0.0676941416893733,17.69045191421434,2.1713215258855585,0.35333333333333333,0.22666666666666668,0.33666666666666667,30.555555555555557,False,상대적 양호,1
20250630,31023610,이매2동,31023,성남시 분당구,성남시,동,0.635513413085172,12185,2262.0,912.0,0.0,1.0,19,966671.3869445075,1933234.1861847774,True,1.2584481761019213,사랑의병원,성남분당구,1.3711024827388978,대진의료재단 분당제생병원,성남분당구,0.2719083765671424,0.18563807960607304,0.07484612228149363,29.897087313645113,1.5592942141977841,0.5266666666666666,0.30583333333333335,0.1233333333333333,31.861111111111107,False,상대적 양호,1
20250630,31023620,야탑1동,31023,성남시 분당구,성남시,동,1.1511926280604685,16093,3255.0,1351.0,0.0,0.0,30,967165.7862521475,1934920.4855559669,True,0.4395884742886967,바른세상병원,성남분당구,0.5504495484953008,차의과학대학교분당차병원,성남분당구,0.052892561775396245,0.20226185297955632,0.08394954327968682,26.05993060478858,1.8641645435903809,0.6183333333333333,0.058333333333333334,0.16666666666666663,28.111111111111104,False,상대적 양호,1
20250630,31023630,야탑3동,31023,성남시 분당구,성남시,동,5.104612760248066,25473,4979.0,1842.0,0.0,0.0,61,968324.0468131729,1934484.761135925,True,1.765229971922151,바른세상병원,성남분당구,1.9206591538282065,차의과학대학교분당차병원,성남분당구,0.21835141829375004,0.1954618615789267,0.07231185961606407,11.949976005042862,2.394692419424489,0.585,0.4175,0.4816666666666667,49.472222222222214,False,상대적 양호,1
20250630,31023640,야탑2동,31023,성남시 분당구,성남시,동,0.6227531162587554,14812,3321.0,1383.0,0.0,0.0,24,967068.155029194,1934305.2769732275,True,0.45305224912016406,바른세상병원,성남분당구,0.5097268170745982,차의과학대학교분당차병원,성남분당구,0.4218173388115602,0.2242100999189846,0.09337024034566567,38.53854661407739,1.6203078584931137,0.7283333333333334,0.05916666666666667,0.053333333333333344,28.02777777777778,False,상대적 양호,1
20250630,31023670,구미동,31023,성남시 분당구,성남시,동,3.755051678414814,26843,5654.0,2676.0,0.0,0.0,81,965979.7157871296,1926835.8543257667,True,1.257657107615736,바로웰병원,용인수지구,1.9008249631185152,분당서울대학교병원,성남분당구,0.3210352242465443,0.21063219461312074,0.09969079462057147,21.570941477480265,3.017546473941065,0.6666666666666666,0.35333333333333333,0.255,42.49999999999999,False,상대적 양호,1
20250630,31023680,운중동,31023,성남시 분당구,성남시,동,17.571574935634654,34528,4063.0,1294.0,0.0,0.0,96,961845.8501018998,1931788.62092399,True,5.344870496310199,사랑의병원,성남분당구,6.097669043966914,대진의료재단 분당제생병원,성남분당구,1.2934381554938439,0.11767261353104727,0.037476830398517146,5.463369126082986,2.7803521779425395,0.13166666666666665,0.7783333333333333,0.7116666666666667,54.05555555555554,False,도시 외곽형,0
20250630,31023710,금곡동,31023,성남시 분당구,성남시,동,5.7586131152502515,25949,5782.0,2789.0,0.0,0.0,41,964810.7319166237,1928594.9459674575,True,2.4604187897509,분당서울대학교병원,성남분당구,2.4604187897509,분당서울대학교병원,성남분당구,0.30617740057452825,0.22282168869705962,0.10748005703495318,7.119769843787859,1.5800223515357046,0.725,0.5141666666666667,0.6416666666666666,62.69444444444443,False,도시 외곽형,0
20250630,31023720,구미1동,31023,성남시 분당구,성남시,동,3.5441604040067083,15334,2550.0,1099.0,0.0,0.0,55,965383.7032142294,1927713.53576377,True,1.7321344127539084,분당서울대학교병원,성남분당구,1.7321344127539084,분당서울대학교병원,성남분당구,0.24054017527059354,0.1662971175166297,0.07167079692187296,15.518484981047122,3.586800573888092,0.39666666666666667,0.39416666666666667,0.3816666666666667,39.083333333333336,False,상대적 양호,1
20250630,31023740,삼평동,31023,성남시 분당구,성남시,동,2.7945222552887157,22914,2913.0,997.0,0.0,1.0,70,965277.5841774582,1933653.5051364622,True,0.7991532086122786,사랑의병원,성남분당구,2.4134557512689385,차의과학대학교분당차병원,성남분당구,0.111873276019632,0.12712752029327049,0.04351051758750109,25.049004303874458,3.0549009339268567,0.17666666666666667,0.3225,0.18833333333333335,22.916666666666668,False,상대적 양호,1
20250630,31023750,판교동,31023,성남시 분당구,성남시,동,4.572927409059128,25135,2818.0,925.0,0.0,0.0,38,964248.8000808698,1932286.3288092348,True,2.2405361411171887,사랑의병원,성남분당구,2.9540325903039593,대진의료재단 분당제생병원,성남분당구,0.24832724860963015,0.11211458126118957,0.03680127312512433,8.309775467837229,1.5118360851402426,0.10833333333333334,0.5325,0.5916666666666667,41.08333333333333,False,도시 외곽형,0
20250630,31023760,백현동,31023,성남시 분당구,성남시,동,1.9312449228615076,25375,3678.0,1256.0,0.0,1.0,49,965644.8575088466,1932586.4686583513,True,0.814660981346109,사랑의병원,성남분당구,1.2476481994286368,대진의료재단 분당제생병원,성남분당구,0.15385929287502068,0.14494581280788177,0.049497536945812805,25.37223498684836,1.9310344827586208,0.2783333333333333,0.21333333333333332,0.18166666666666664,22.44444444444444,False,상대적 양호,1
20250630,31023770,정자1동,31023,성남시 분당구,성남시,동,1.455773350496497,28513,4097.0,2011.0,0.0,0.0,27,965276.5863133748,1929819.0372328842,True,2.8207434205292183,분당서울대학교병원,성남분당구,2.8207434205292183,분당서울대학교병원,성남분당구,0.02760526955382807,0.14368884368533652,0.07052923228001262,18.546843154390448,0.9469364851120541,0.27,0.5525,0.31833333333333336,38.02777777777778,False,도시 외곽형,1
20250630,31023780,정자동,31023,성남시 분당구,성남시,동,0.9738534512243306,13421,2184.0,880.0,0.0,0.0,19,965736.6242609526,1929666.958974991,True,2.3146549445596856,분당서울대학교병원,성남분당구,2.3146549445596856,분당서울대학교병원,성남분당구,0.24102017444845802,0.1627300499217644,0.06556888458386112,19.51012236606356,1.4156918262424558,0.36833333333333335,0.48916666666666664,0.29166666666666663,38.30555555555556,False,상대적 양호,1
20250630,31030520,의정부2동,31030,의정부시,의정부시,동,2.3199996669467695,29906,5351.0,2151.0,0.0,0.0,47,959434.2787581157,1970997.766338234,True,0.5996601723788075,경기도의료원의정부병원,의정부시,0.5996601723788075,경기도의료원의정부병원,의정부시,0.098055916953772,0.17892730555741324,0.07192536614726142,20.25862359793105,1.5715909850866048,0.4766666666666667,0.09666666666666666,0.275,28.27777777777778,False,상대적 양호,1
20250630,31030550,호원1동,31030,의정부시,의정부시,동,6.222574165224718,33961,8371.0,3708.0,0.0,0.0,45,960079.9957618101,1967843.095048027,True,2.088415785477874,마스터플러스병원,의정부시,4.626109547541622,경기도의료원의정부병원,의정부시,0.14587708698473695,0.24648861929860721,0.10918406407349607,7.2317338138749045,1.325049321280292,0.7966666666666666,0.6025,0.635,67.80555555555556,False,병원 원거리형,0
20250630,31030560,장암동,31030,의정부시,의정부시,동,8.95629096255675,18152,4240.0,1828.0,0.0,0.0,45,960700.1197851982,1967277.6734852325,True,3.014019256279301,마스터플러스병원,의정부시,5.4922522011709685,경기도의료원의정부병원,의정부시,0.686630446957741,0.23358307624504188,0.10070515645658881,5.0244013049743375,2.4790656676950196,0.7633333333333333,0.69,0.7366666666666667,73.0,False,병원 원거리형,0
20250630,31030570,신곡1동,31030,의정부시,의정부시,동,2.955287484025313,39216,7972.0,3112.0,0.0,0.0,61,961178.3130096161,1970285.666978993,True,1.3924423835695385,연세오케이병원,의정부시,2.0401735128932246,의료법인 영동의료재단 의정부백병원,의정부시,0.1106798294347174,0.2032843737250102,0.07935536515707875,20.640969898777374,1.5554875560995511,0.6283333333333333,0.39083333333333337,0.27,42.97222222222222,False,상대적 양호,1
20250630,31030580,신곡2동,31030,의정부시,의정부시,동,2.4343293660116276,43541,8359.0,3338.0,0.0,0.0,71,961652.9291163766,1971911.0623190936,True,0.30286248408844196,의료법인 영동의료재단 의정부백병원,의정부시,0.30286248408844196,의료법인 영동의료재단 의정부백병원,의정부시,0.22739135522970164,0.1919799728991066,0.07666337475023541,29.166143658006902,1.630646976413036,0.5683333333333334,0.026666666666666665,0.1316666666666667,24.22222222222222,False,상대적 양호,1
20250630,31030591,송산1동,31030,의정부시,의정부시,동,4.488764289583963,30152,5685.0,2353.0,0.0,0.0,64,963350.5264745927,1970626.0722566443,True,2.9463224996149266,의료법인 영동의료재단 의정부백병원,의정부시,2.9463224996149266,의료법인 영동의료재단 의정부백병원,의정부시,0.3175646264521123,0.18854470681878482,0.0780379410984346,14.25782150078809,2.122578933404086,0.5483333333333333,0.5691666666666667,0.41333333333333333,51.027777777777786,False,도시 외곽형,0
20250630,31030600,자금동,31030,의정부시,의정부시,동,11.844592457932514,25206,5318.0,2296.0,0.0,0.0,90,961914.1128351036,1972548.6578613494,True,1.1197266142089526,의료법인 영동의료재단 의정부백병원,의정부시,1.1197266142089526,의료법인 영동의료재단 의정부백병원,의정부시,0.20651019670020412,0.21098151233833215,0.09108942315321748,7.598404108849313,3.5705784337062605,0.6683333333333333,0.2533333333333333,0.6216666666666666,51.444444444444436,False,상대적 양호,1
20250630,31030640,녹양동,31030,의정부시,의정부시,동,3.8243325067035494,19569,4414.0,1932.0,0.0,0.0,57,959049.2993430098,1973474.5847843706,True,1.8651477909521108,추병원,의정부시,1.8651477909521108,추병원,의정부시,0.24297569053565024,0.225560836016148,0.09872757933466196,14.904561750341147,2.912770197761766,0.7316666666666667,0.42,0.3966666666666666,51.6111111111111,False,상대적 양호,1
20250630,31030650,호원2동,31030,의정부시,의정부시,동,4.492905300472437,31568,7322.0,3364.0,0.0,0.0,37,959812.6818409817,1969697.0727365592,True,0.3468361055567197,마스터플러스병원,의정부시,2.193969330442156,경기도의료원의정부병원,의정부시,0.2736455971837968,0.23194374049670552,0.1065636087176888,8.235205846895857,1.1720729853015712,0.7566666666666667,0.2175,0.595,52.30555555555556,False,상대적 양호,1
20250630,31030670,흥선동,31030,의정부시,의정부시,동,6.6276240877833485,18758,3944.0,1563.0,0.0,0.0,48,958696.3186001624,1971590.6394033763,True,1.3227703561852608,경기도의료원의정부병원,의정부시,1.3227703561852608,경기도의료원의정부병원,의정부시,0.040914675957222424,0.2102569570316665,0.08332444823541955,7.242414380211764,2.558908199168355,0.66,0.3075,0.6333333333333333,53.3611111111111,False,상대적 양호,1
20250630,31030680,가능동,31030,의정부시,의정부시,동,3.3067829842901313,23424,5148.0,2121.0,0.0,0.0,42,959079.3219383142,1972648.2000368633,True,1.1693210601271422,추병원,의정부시,1.1693210601271422,추병원,의정부시,0.3698992237296913,0.2197745901639344,0.09054815573770492,12.701166118107434,1.793032786885246,0.715,0.2658333333333333,0.45666666666666667,47.916666666666664,False,상대적 양호,1
20250630,31030690,의정부1동,31030,의정부시,의정부시,동,1.9425285496793345,40692,6736.0,2645.0,0.0,0.0,51,960159.353220691,1971675.4217662644,True,0.5748259869098614,의료법인성베드로병원,의정부시,0.7186091259871364,경기도의료원의정부병원,의정부시,0.09718409610991105,0.16553622333628232,0.06500049149710017,26.25444038308672,1.253317605426128,0.3883333333333333,0.10333333333333333,0.16166666666666663,21.777777777777775,False,상대적 양호,1
20250630,31030700,송산2동,31030,의정부시,의정부시,동,1.448551729402448,30684,4911.0,2279.0,0.0,0.0,54,964096.2105029977,1971317.069359294,True,3.0877575643757527,가톨릭대학교의정부성모병원,의정부시,3.0877575643757527,가톨릭대학교의정부성모병원,의정부시,0.026047407677990648,0.1600508408290966,0.07427323686611915,37.278613461927186,1.7598748533437623,0.35,0.5908333333333333,0.05833333333333335,33.30555555555555,False,상대적 양호,1
20250630,31030710,송산3동,31030,의정부시,의정부시,동,9.298812385184984,44721,6049.0,2549.0,0.0,0.0,98,965591.682508714,1972361.8890517626,True,3.8245379765789402,가톨릭대학교의정부성모병원,의정부시,3.8245379765789402,가톨릭대학교의정부성모병원,의정부시,0.3023788056933643,0.13526083942666756,0.05699783099662351,10.538980241835523,2.1913642360412338,0.22166666666666668,0.6483333333333333,0.5333333333333333,46.77777777777777,False,도시 외곽형,0
20250630,31030721,고산동,31030,의정부시,의정부시,동,11.595351884387917,26966,2572.0,863.0,0.0,0.0,65,965453.8310781248,1970019.589099635,True,5.4916049893552845,가톨릭대학교의정부성모병원,의정부시,5.4916049893552845,가톨릭대학교의정부성모병원,의정부시,0.2475077514663563,0.09537936660980494,0.032003263368686495,5.60569447551795,2.410442779796781,0.065,0.7666666666666666,0.71,51.388888888888886,False,도시 외곽형,0
20250630,31041510,안양1동,31041,안양시 만안구,안양시,동,0.606235329580463,12314,2135.0,757.0,0.0,0.0,30,949003.8603801621,1933568.4162274888,True,0.9111207188343646,효산의료재단 안양샘병원,안양만안구,0.9111207188343646,효산의료재단 안양샘병원,안양만안구,0.1702793370105865,0.17337989280493746,0.06147474419360078,49.485733569439276,2.4362514211466624,0.45,0.1875,0.021666666666666612,21.97222222222222,False,상대적 양호,1
20250630,31041520,안양2동,31041,안양시 만안구,안양시,동,1.7078951209643067,23391,4765.0,1846.0,0.0,0.0,59,948504.680031956,1934416.667951255,True,2.1330296668766575,효산의료재단 안양샘병원,안양만안구,2.1330296668766575,효산의료재단 안양샘병원,안양만안구,0.4422299680580817,0.20371082895130604,0.07891924244367492,34.54544677584628,2.5223376512333804,0.63,0.4633333333333334,0.07499999999999996,38.94444444444444,False,상대적 양호,1
20250630,31041530,안양3동,31041,안양시 만안구,안양시,동,0.7276587357753492,16325,3811.0,1404.0,0.0,0.0,17,948146.4555288979,1933414.4312915788,True,1.371715474626223,효산의료재단 안양샘병원,안양만안구,1.371715474626223,효산의료재단 안양샘병원,안양만안구,0.2818229119249165,0.23344563552833078,0.08600306278713629,23.36260002690111,1.0413476263399695,0.76,0.3191666666666667,0.22166666666666668,43.36111111111111,False,상대적 양호,1
20250630,31041540,안양4동,31041,안양시 만안구,안양시,동,0.30992240877206456,6922,1836.0,822.0,0.0,1.0,18,948553.8569263408,1933192.2388001636,True,0.7694822528181253,효산의료재단 안양샘병원,안양만안구,0.7694822528181253,효산의료재단 안양샘병원,안양만안구,0.20391995766553594,0.2652412597515169,0.11875180583646346,58.07905298399469,2.600404507367813,0.845,0.15166666666666667,0.00666666666666671,33.44444444444444,False,상대적 양호,1
20250630,31041550,안양5동,31041,안양시 만안구,안양시,동,0.64367697161048,10504,2638.0,1134.0,0.0,0.0,17,949003.4547334842,1932876.3653536804,True,0.06093034100482066,효산의료재단 안양샘병원,안양만안구,0.06093034100482066,효산의료재단 안양샘병원,안양만안구,0.21274476477486565,0.25114242193450115,0.10795887281035796,26.410763084262584,1.6184310738766186,0.8233333333333334,0.0033333333333333335,0.16000000000000003,32.88888888888889,False,상대적 양호,1
20250630,31041560,안양6동,31041,안양시 만안구,안양시,동,1.43989860222986,26918,4490.0,1671.0,0.0,0.0,35,949585.8901069094,1932242.5484052254,True,0.9063297365812966,국제나은병원,안양만안구,1.0719755340272827,효산의료재단 안양샘병원,안양만안구,0.08333936783632197,0.16680288282933353,0.06207742031354484,24.30726715464422,1.3002451890928004,0.4033333333333333,0.20666666666666667,0.20166666666666666,27.055555555555554,False,상대적 양호,1
20250630,31041570,안양7동,31041,안양시 만안구,안양시,동,1.0534727953079388,14764,2317.0,926.0,0.0,0.0,32,950073.6885596577,1932510.7786187062,True,1.2378472512211423,국제나은병원,안양만안구,1.4102526385127923,효산의료재단 안양샘병원,안양만안구,0.1573533166259384,0.15693578975887293,0.06272013004605798,30.37572507095082,2.167434299647792,0.3383333333333333,0.30833333333333335,0.11166666666666669,25.27777777777778,False,상대적 양호,1
20250630,31041580,안양8동,31041,안양시 만안구,안양시,동,1.168551145818222,8655,2025.0,680.0,0.0,1.0,17,949775.0781409888,1931613.6328853727,True,0.5944528272847511,인산의료재단 메트로병원,안양만안구,0.5944528272847511,인산의료재단 메트로병원,안양만안구,0.3847525080232253,0.2339688041594454,0.07856730213749277,14.547929768274338,1.9641825534373196,0.765,0.095,0.4033333333333333,42.11111111111111,False,상대적 양호,1
20250630,31041590,안양9동,31041,안양시 만안구,안양시,동,6.5248456409736475,15643,3997.0,1496.0,0.0,0.0,31,947457.3308138301,1932046.0719045277,True,2.3302690417234113,효산의료재단 안양샘병원,안양만안구,2.3302690417234113,효산의료재단 안양샘병원,안양만안구,0.9930426725800853,0.2555136482771847,0.0956338298280381,4.751070248364394,1.9817170619446396,0.83,0.49416666666666664,0.745,68.97222222222221,False,병원 원거리형,0
20250630,31041600,석수1동,31041,안양시 만안구,안양시,동,10.361544481102845,18955,4033.0,1513.0,0.0,0.0,36,947892.0256815783,1936460.1617800023,True,2.8985383950248362,중앙대학교광명병원,광명시,2.8985383950248362,중앙대학교광명병원,광명시,0.7010004189803484,0.21276707992614086,0.07982062780269059,3.474385509385787,1.899235030335004,0.6766666666666666,0.5641666666666667,0.8033333333333333,68.13888888888889,False,병원 원거리형,0
20250630,31041610,석수2동,31041,안양시 만안구,안양시,동,3.310775819739422,29087,6030.0,2395.0,0.0,0.0,64,947491.9280565002,1935525.5637109126,True,2.5983786469479906,중앙대학교광명병원,광명시,2.5983786469479906,중앙대학교광명병원,광명시,0.4662648817555137,0.2073091071612748,0.08233918932856603,19.33081654711287,2.200295664729948,0.635,0.5283333333333333,0.29833333333333334,48.72222222222222,False,상대적 양호,1
20250630,31041630,박달1동,31041,안양시 만안구,안양시,동,0.4508328374302083,14531,3617.0,1503.0,0.0,0.0,14,947740.9856847896,1933954.748154086,True,2.2106077443389593,효산의료재단 안양샘병원,안양만안구,2.2106077443389593,효산의료재단 안양샘병원,안양만안구,0.12974892209985542,0.2489161103846948,0.10343403757484,31.053638594298903,0.963457435826853,0.8133333333333334,0.4741666666666666,0.10333333333333339,46.3611111111111,False,상대적 양호,1
20250630,31041640,박달2동,31041,안양시 만안구,안양시,동,7.421677524138131,20140,3134.0,975.0,0.0,1.0,42,946300.9133154404,1933840.9912658955,True,3.3494621638327806,중앙대학교광명병원,광명시,3.3494621638327806,중앙대학교광명병원,광명시,0.6934351416458896,0.15561072492552136,0.0484111221449851,5.659097941590692,2.0854021847070507,0.3283333333333333,0.6116666666666666,0.7066666666666667,54.88888888888888,False,도시 외곽형,0
20250630,31041651,충훈동,31041,안양시 만안구,안양시,동,0.7883960647615231,11831,2455.0,863.0,0.0,0.0,21,946584.551398612,1934412.9341635099,True,2.7730025439838504,중앙대학교광명병원,광명시,2.7730025439838504,중앙대학교광명병원,광명시,0.15023465203870964,0.20750570535035076,0.07294396078099907,26.636358219713028,1.7749978869072776,0.6366666666666667,0.5441666666666667,0.15500000000000003,44.527777777777786,False,상대적 양호,1
20250630,31042510,비산1동,31042,안양시 동안구,안양시,동,2.0969256967176975,27726,4287.0,1374.0,0.0,0.0,25,949722.5059808849,1933704.8580374822,True,1.381583998359112,국제나은병원,안양만안구,1.394797960095316,효산의료재단 안양샘병원,안양만안구,0.17368646028693047,0.15462021207530838,0.04955637307942004,11.922215479133246,0.9016807328860997,0.32166666666666666,0.32583333333333336,0.4833333333333333,37.69444444444444,False,상대적 양호,1
20250630,31042520,비산2동,31042,안양시 동안구,안양시,동,0.4765336532121073,14041,2177.0,756.0,0.0,0.0,17,950329.7803894692,1933353.8750716366,True,1.112893621947801,평촌우리병원,안양동안구,1.779396769652484,효산의료재단 안양샘병원,안양만안구,0.15201195667464037,0.15504593689908125,0.05384231892315362,35.67429054676485,1.2107399757852004,0.325,0.3141666666666667,0.06666666666666665,23.52777777777778,False,상대적 양호,1
20250630,31042530,비산3동,31042,안양시 동안구,안양시,동,5.331645539339247,16905,3096.0,1135.0,0.0,0.0,49,951258.4518624766,1934006.4100591051,True,0.4422851340159779,평촌우리병원,안양동안구,2.286290988319,한림대학교성심병원,안양동안구,0.27117824418621383,0.1831410825199645,0.06713989943803608,9.19040840927182,2.898550724637681,0.505,0.23666666666666666,0.565,43.55555555555555,False,상대적 양호,1
20250630,31042540,부흥동,31042,안양시 동안구,안양시,동,0.4832481295731712,15505,2759.0,990.0,0.0,1.0,17,951021.2477252253,1932806.8492320385,True,0.9923392592294106,봄빛병원,안양동안구,1.780280692116361,한림대학교성심병원,안양동안구,0.46957754745016456,0.1779425991615608,0.06385037084811351,35.17861520750271,1.0964205095130601,0.47,0.29583333333333334,0.06999999999999995,27.861111111111107,False,상대적 양호,1
20250630,31042550,달안동,31042,안양시 동안구,안양시,동,0.4334392231033218,9305,1711.0,709.0,0.0,0.0,13,951384.4097428612,1933124.2849865092,True,0.8257024965536397,평촌우리병원,안양동안구,1.4341341060109258,한림대학교성심병원,안양동안구,0.18775728679855003,0.18387963460505105,0.07619559376679205,29.99267096070146,1.3970983342289092,0.5133333333333333,0.24,0.12,29.111111111111104,False,상대적 양호,1
20250630,31042580,부림동,31042,안양시 동안구,안양시,동,0.9470046791601998,25555,3181.0,1228.0,0.0,0.0,40,952054.7268756487,1933198.9967245474,True,0.8270643972162464,한림대학교성심병원,안양동안구,0.8270643972162464,한림대학교성심병원,안양동안구,0.06001105026858752,0.12447661905693602,0.04805321854822931,42.238439661641216,1.565251418509098,0.16166666666666665,0.16499999999999998,0.04166666666666663,12.277777777777775,False,상대적 양호,1
20250630,31042590,평촌동,31042,안양시 동안구,안양시,동,0.5325860729906526,13265,1859.0,670.0,0.0,0.0,16,953570.4725226827,1932908.1000590755,True,0.5249057196281105,평촌서울나우병원,안양동안구,1.5799762703244447,한림대학교성심병원,안양동안구,0.13226870639049026,0.1401432340746325,0.050508857896720695,30.042092370449225,1.206181681115718,0.245,0.18416666666666665,0.11833333333333329,18.249999999999996,False,상대적 양호,1
20250630,31042600,평안동,31042,안양시 동안구,안양시,동,0.8307549086655444,21864,2408.0,895.0,0.0,0.0,22,952558.407275792,1932445.9970682445,True,0.3539685228727274,한림대학교성심병원,안양동안구,0.3539685228727274,한림대학교성심병원,안양동안구,0.1545518221861739,0.11013538236370289,0.0409348701061105,26.481938018685884,1.0062202707647274,0.09666666666666666,0.04083333333333333,0.15666666666666662,9.805555555555554,False,상대적 양호,1
20250630,31042610,귀인동,31042,안양시 동안구,안양시,동,0.7148942621628593,15356,1629.0,635.0,0.0,1.0,21,953002.6785907029,1931828.2688730573,True,1.3422819954691776,한림대학교성심병원,안양동안구,1.3422819954691776,한림대학교성심병원,안양동안구,0.23681028207293503,0.10608231310237042,0.041351914561083614,29.374973491137087,1.3675436311539464,0.09,0.31166666666666665,0.13,17.72222222222222,False,상대적 양호,1
20250630,31042620,호계1동,31042,안양시 동안구,안양시,동,1.005344393366734,25430,2370.0,722.0,0.0,1.0,30,951663.2503408364,1930455.4801174859,True,0.4943770064980245,의료법인 토마스의료재단 안양윌스기념병원,안양동안구,2.0615968746979387,효산의료재단 지샘병원,군포시,0.3754780549983112,0.09319701140385371,0.02839166338969721,29.84052052007263,1.1797090051120724,0.056666666666666664,0.23083333333333333,0.125,13.749999999999998,False,상대적 양호,1
20250630,31042630,호계2동,31042,안양시 동안구,안양시,동,1.6602823438436343,22897,3525.0,1069.0,0.0,0.0,37,951093.880515453,1931909.7621286241,True,1.101902305942213,봄빛병원,안양동안구,1.6855564862248553,인산의료재단 메트로병원,안양만안구,0.4246464697221814,0.15395029916582958,0.046687338952701225,22.285366183165692,1.6159322181945235,0.315,0.3041666666666667,0.2366666666666667,28.52777777777778,False,상대적 양호,1
20250630,31042640,호계3동,31042,안양시 동안구,안양시,동,0.84920458447801,22525,3866.0,1262.0,0.0,0.0,24,951991.1744349431,1929959.0395746594,True,0.7683759634058227,의료법인 토마스의료재단 안양윌스기념병원,안양동안구,1.7501630135295878,효산의료재단 지샘병원,군포시,0.33011221201730223,0.1716315205327414,0.05602663706992231,28.261740973469127,1.065482796892342,0.435,0.2525,0.14,27.583333333333332,False,상대적 양호,1
20250630,31042650,범계동,31042,안양시 동안구,안양시,동,0.5723206980235586,14436,2036.0,842.0,0.0,1.0,21,951557.4871379687,1932276.7114037536,True,0.3412739778208114,봄빛병원,안양동안구,1.178563316374205,한림대학교성심병원,안양동안구,0.18869752154268432,0.14103629814353005,0.058326406206705456,36.69271454364834,1.4546965918536992,0.25,0.11666666666666667,0.06333333333333335,14.333333333333334,False,상대적 양호,1
20250630,31042660,신촌동,31042,안양시 동안구,안양시,동,0.3999963207719927,11782,1889.0,582.0,0.0,1.0,15,951870.2833386858,1931436.3246490462,True,1.172905048509851,의료법인 토마스의료재단 안양윌스기념병원,안양동안구,1.7164850472936741,한림대학교성심병원,안양동안구,0.03703882011281945,0.16032931590561875,0.049397385842811066,37.500344930798384,1.273128501103378,0.3516666666666667,0.32166666666666666,0.05666666666666664,24.333333333333332,False,상대적 양호,1
20250630,31042670,갈산동,31042,안양시 동안구,안양시,동,0.729279927775497,9953,1849.0,686.0,0.0,1.0,30,952522.2414431993,1931034.5647245457,True,0.8973474832930115,의료법인 토마스의료재단 안양윌스기념병원,안양동안구,2.11245434655701,한림대학교성심병원,안양동안구,0.3737899258515863,0.18577313372852405,0.06892394252989048,41.136467435087916,3.014166582939817,0.53,0.3158333333333333,0.046666666666666634,29.75,False,상대적 양호,1
20250630,31042681,관양동,31042,안양시 동안구,안양시,동,3.237305443777913,31681,6879.0,2532.0,0.0,0.0,41,952695.0116576798,1934130.6780892068,True,1.49330049693972,평촌서울나우병원,안양동안구,1.9629832275598238,한림대학교성심병원,안양동안구,0.04563596279508167,0.21713329756005176,0.07992171964268804,12.66485375323537,1.294151068463748,0.705,0.39583333333333337,0.45833333333333337,51.97222222222222,False,상대적 양호,1
20250630,31042691,인덕원동,31042,안양시 동안구,안양시,동,1.659815007494062,17594,3075.0,1185.0,0.0,1.0,46,953049.6336652443,1933494.8798799785,True,0.5483666133425809,평촌서울나우병원,안양동안구,1.3962720092527674,한림대학교성심병원,안양동안구,0.487588033335789,0.17477549164487893,0.0673525065363192,27.71393184921818,2.614527679890872,0.45666666666666667,0.1775,0.1433333333333333,25.91666666666666,False,상대적 양호,1
20250630,31051511,심곡1동,31051,부천시 원미구,부천시,동,0.4416023047057419,13292,2545.0,874.0,0.0,0.0,17,936675.596057535,1943818.7030793421,True,0.1698817464045692,뉴대성병원,부천원미구,1.1840317362759132,가톨릭대학교부천성모병원,부천원미구,0.06952750182420456,0.19146855251278966,0.06575383689437256,38.49617590045825,1.2789647908516402,0.565,0.09666666666666668,0.05500000000000005,23.888888888888886,False,상대적 양호,1
20250630,31051521,심곡2동,31051,부천시 원미구,부천시,동,0.6283315713651302,23637,3870.0,1431.0,0.0,0.0,29,936729.5626280175,1943271.5914563308,True,0.1596626953655232,디딤병원,부천원미구,0.934021444912851,가톨릭대학교부천성모병원,부천원미구,0.09841647284076056,0.16372636121335196,0.06054067775098363,46.15397557852109,1.226890045268012,0.37833333333333335,0.0625,0.030000000000000027,15.694444444444446,False,상대적 양호,1
20250630,31051531,심곡3동,31051,부천시 원미구,부천시,동,0.4064538313328383,11844,2304.0,753.0,0.0,1.0,15,936005.0520963306,1943711.9472684166,True,0.8735183153719979,연세본사랑병원,부천원미구,1.922264055352901,순천향대학교부속부천병원,부천원미구,0.15588129700234502,0.1945288753799392,0.06357649442755826,36.90456047815366,1.2664640324214793,0.58,0.2916666666666667,0.06166666666666665,31.111111111111107,False,상대적 양호,1
20250630,31051541,원미2동,31051,부천시 원미구,부천시,동,0.4271041252661125,12066,3029.0,1032.0,0.0,1.0,20,937248.4548649739,1943789.4868023698,True,0.6474592624877241,가톨릭대학교부천성모병원,부천원미구,0.6474592624877241,가톨릭대학교부천성모병원,부천원미구,0.14633976249659844,0.25103596883805734,0.08552958727001492,46.82698858864627,1.657550140891762,0.8216666666666667,0.10833333333333334,0.023333333333333317,31.77777777777777,False,상대적 양호,1
20250630,31051551,소사동,31051,부천시 원미구,부천시,동,0.5517659857635508,7011,2042.0,727.0,0.0,1.0,11,937490.4665463399,1943083.812793137,True,0.3279931540848852,가톨릭대학교부천성모병원,부천원미구,0.3279931540848852,가톨릭대학교부천성모병원,부천원미구,0.0509218506859396,0.29125659677649407,0.10369419483668521,19.9359878713398,1.5689630580516332,0.8833333333333333,0.035,0.2816666666666666,39.99999999999999,False,상대적 양호,1
20250630,31051561,원미1동,31051,부천시 원미구,부천시,동,1.0770546331138022,17178,3360.0,1103.0,0.0,0.0,35,937327.5167166244,1944255.8240137498,True,0.8867933503158769,뉴대성병원,부천원미구,1.2106286241741462,가톨릭대학교부천성모병원,부천원미구,0.0416841431954847,0.19559902200489,0.06421003609267668,32.49603030703632,2.037489812550937,0.5866666666666667,0.22499999999999998,0.09333333333333338,30.166666666666668,False,상대적 양호,1
20250630,31051571,역곡1동,31051,부천시 원미구,부천시,동,1.234230874830762,16674,3710.0,1349.0,0.0,0.0,51,939224.8426333999,1943546.0863944655,True,0.7276006521218054,건주병원,부천소사구,2.329829133190711,가톨릭대학교부천성모병원,부천원미구,0.03667448717757423,0.2225020990764064,0.08090440206309224,41.32128035363978,3.0586541921554518,0.7233333333333334,0.29833333333333334,0.04500000000000004,35.55555555555556,False,상대적 양호,1
20250630,31051581,역곡2동,31051,부천시 원미구,부천시,동,0.9880842102574945,19132,3643.0,1324.0,0.0,0.0,28,938659.7759132249,1943117.1996026332,True,1.0823837189672398,건주병원,부천소사구,1.6030957787040632,가톨릭대학교부천성모병원,부천원미구,0.2724420137148718,0.1904139661300439,0.06920342881037006,28.3376656658679,1.4635166213673425,0.5616666666666666,0.29333333333333333,0.1383333333333333,33.11111111111111,False,상대적 양호,1
20250630,31051591,춘의동,31051,부천시 원미구,부천시,동,2.9603462826141187,14425,3036.0,1195.0,0.0,0.0,49,937585.3588069456,1945115.3763399078,True,0.7404859565409956,예손병원,부천원미구,2.3254126549594276,가톨릭대학교부천성모병원,부천원미구,0.8398250417936316,0.2104679376083189,0.08284228769497401,16.5521176653465,3.3968804159445405,0.6633333333333333,0.30083333333333334,0.36,44.138888888888886,False,상대적 양호,1
20250630,31051601,도당동,31051,부천시 원미구,부천시,동,1.9901391921415859,21414,3804.0,1326.0,0.0,0.0,52,936876.0694148426,1946670.9401363311,True,1.990456705155682,의료법인대인의료재단 다니엘종합병원,부천원미구,1.990456705155682,의료법인대인의료재단 다니엘종합병원,부천원미구,0.12493734129386154,0.17764079574110395,0.061922107032782295,26.128825664722918,2.4283179228542076,0.4683333333333333,0.44166666666666665,0.16500000000000004,35.83333333333333,False,상대적 양호,1
20250630,31051611,중동,31051,부천시 원미구,부천시,동,0.6906856668797978,21831,4032.0,1341.0,0.0,0.0,36,935152.4817883966,1943931.4228908233,True,0.9973554226160919,순천향대학교부속부천병원,부천원미구,0.9973554226160919,순천향대학교부속부천병원,부천원미구,0.05260859281300955,0.18469149374742339,0.06142641198296001,52.122118246106865,1.6490311941734233,0.5183333333333333,0.21416666666666667,0.013333333333333308,24.861111111111107,False,상대적 양호,1
20250630,31051621,상동,31051,부천시 원미구,부천시,동,0.8567036533530583,18182,3958.0,1535.0,0.0,0.0,58,934362.2095557887,1943929.4434456625,True,1.1185876031522364,순천향대학교부속부천병원,부천원미구,1.1185876031522364,순천향대학교부속부천병원,부천원미구,0.5124565727732353,0.2176878231217688,0.08442415575844242,67.70135714140287,3.189968100318997,0.7083333333333334,0.25166666666666665,0.0,31.999999999999996,False,상대적 양호,1
20250630,31051631,약대동,31051,부천시 원미구,부천시,동,0.7086797119214568,16974,2524.0,689.0,0.0,0.0,32,935458.880679766,1946331.6901001795,True,0.2475568185902416,의료법인대인의료재단 다니엘종합병원,부천원미구,0.2475568185902416,의료법인대인의료재단 다니엘종합병원,부천원미구,0.12425971834807549,0.14869800871921762,0.04059149287145045,45.154389862858906,1.8852362436667844,0.29,0.015833333333333335,0.033333333333333326,11.305555555555555,False,상대적 양호,1
20250630,31051641,중1동,31051,부천시 원미구,부천시,동,1.3713932624092247,40068,5079.0,1508.0,0.0,0.0,68,935228.6765081012,1944908.437080935,True,0.603862937253014,순천향대학교부속부천병원,부천원미구,0.603862937253014,순천향대학교부속부천병원,부천원미구,0.21686197381863315,0.12675950883498052,0.03763601876809424,49.5846099466316,1.6971149046620746,0.175,0.09833333333333333,0.020000000000000018,9.777777777777777,False,상대적 양호,1
20250630,31051651,중2동,31051,부천시 원미구,부천시,동,1.0316847986506994,28795,5355.0,1675.0,0.0,0.0,46,936195.4128850303,1944571.510547081,True,0.824496377666825,더만족병원,부천원미구,1.7490269553200855,순천향대학교부속부천병원,부천원미구,0.1027919060350849,0.1859697864212537,0.05816982114950512,44.5872615940078,1.597499565896857,0.5316666666666666,0.26166666666666666,0.03500000000000003,27.611111111111107,False,상대적 양호,1
20250630,31051661,중3동,31051,부천시 원미구,부천시,동,0.7764040616905314,21944,4141.0,1635.0,0.0,0.0,36,935807.7764953556,1945564.5698283056,True,0.4128973809075279,스마튼병원,부천원미구,0.8909306885714775,의료법인대인의료재단 다니엘종합병원,부천원미구,0.4644642893197759,0.1887076193948232,0.07450783813343055,46.36760905347932,1.6405395552314985,0.5516666666666666,0.09083333333333334,0.02833333333333332,22.36111111111111,False,상대적 양호,1
20250630,31051671,중4동,31051,부천시 원미구,부천시,동,0.6249230002992863,16675,3056.0,1056.0,0.0,0.0,21,934892.5266031721,1945692.9889238623,True,0.9198111981585422,의료법인대인의료재단 다니엘종합병원,부천원미구,0.9198111981585422,의료법인대인의료재단 다니엘종합병원,부천원미구,0.05467107961743621,0.18326836581709147,0.06332833583208396,33.60414001395811,1.2593703148425786,0.5066666666666667,0.19166666666666665,0.08333333333333337,26.055555555555554,False,상대적 양호,1
20250630,31051681,상1동,31051,부천시 원미구,부천시,동,0.5952509356872789,23229,4072.0,1356.0,0.0,0.0,33,933799.9702416221,1943863.643556711,True,1.330707178839971,성모힐병원,부천소사구,1.697123215706617,순천향대학교부속부천병원,부천원미구,0.14876899688059347,0.17529811873089673,0.05837530672865814,55.438804076633794,1.4206379956089372,0.46,0.3416666666666667,0.008333333333333304,26.999999999999996,False,상대적 양호,1
20250630,31051691,상2동,31051,부천시 원미구,부천시,동,1.72375010224651,27523,3206.0,1182.0,0.0,0.0,78,933475.7681877196,1944513.7851166483,True,1.2172660138659945,서울여성병원,부천원미구,1.7957715825378036,순천향대학교부속부천병원,부천원미구,0.5158825241960481,0.11648439486974531,0.042945899792900484,45.25017860671626,2.833993387348763,0.12833333333333333,0.33666666666666667,0.03166666666666662,16.555555555555554,False,상대적 양호,1
20250630,31051701,상3동,31051,부천시 원미구,부천시,동,1.5248420586050293,29628,3500.0,1222.0,0.0,0.0,44,933987.386029393,1945873.5176817758,True,0.6688890218629497,인본병원,부천원미구,1.9193097012595899,의료법인대인의료재단 다니엘종합병원,부천원미구,0.333193336286691,0.11813149723234778,0.04124476846226542,28.855447521071465,1.485081679492372,0.135,0.24833333333333332,0.1333333333333333,17.222222222222218,False,상대적 양호,1
20250630,31052511,심곡본1동,31052,부천시 소사구,부천시,동,0.7336806255449101,18310,4304.0,1509.0,0.0,0.0,20,935916.9729181197,1942381.210069149,True,1.5122886494948,디딤병원,부천원미구,1.8867917660820686,부천세종병원,부천소사구,0.14154667316849387,0.2350628072091753,0.08241398143091207,27.259817560462157,1.0922992900054616,0.7716666666666666,0.38916666666666666,0.14833333333333332,43.638888888888886,False,상대적 양호,1
20250630,31052521,심곡본동,31052,부천시 소사구,부천시,동,0.9849507272141116,17911,4422.0,1564.0,0.0,0.0,19,936562.0968497902,1942775.1041703257,True,0.7020928496515754,디딤병원,부천원미구,1.028230912138956,부천세종병원,부천소사구,0.0785502005716723,0.24688738763888113,0.08732064094690414,19.290305063016337,1.0608006253140527,0.8,0.1625,0.30000000000000004,42.08333333333333,False,상대적 양호,1
20250630,31052531,송내1동,31052,부천시 소사구,부천시,동,1.1532242218567417,20051,4209.0,1419.0,0.0,1.0,25,934266.8652065018,1942956.7581670454,True,0.043721483818550844,성모힐병원,부천소사구,1.0361100363284377,근로복지공단인천병원,인천부평구,0.3027717915352072,0.20991471747045035,0.07076953767891876,21.678351465553597,1.246820607451,0.655,0.07083333333333333,0.2533333333333333,32.638888888888886,False,상대적 양호,1
20250630,31052541,송내2동,31052,부천시 소사구,부천시,동,1.2309994352884484,25537,5152.0,1953.0,0.0,0.0,23,935377.6639239846,1942524.4085899747,True,1.5180380592398464,성모힐병원,부천소사구,1.8293951913290627,근로복지공단인천병원,인천부평구,0.33977636591381877,0.2017464854916396,0.07647726827740142,18.684005321749503,0.9006539530876767,0.6116666666666667,0.38583333333333336,0.31333333333333335,43.69444444444445,False,상대적 양호,1
20250630,31052551,소사본동,31052,부천시 소사구,부천시,동,1.9782012326340717,29642,6306.0,2163.0,0.0,0.0,43,937696.3227593121,1942298.1576473175,True,0.6484843472811638,부천세종병원,부천소사구,0.6484843472811638,부천세종병원,부천소사구,0.08350111123826819,0.21273868160043183,0.07297078469738884,21.73691902048984,1.4506443559813778,0.675,0.11,0.25,34.5,False,상대적 양호,1
20250630,31052561,소사본1동,31052,부천시 소사구,부천시,동,1.0262911806991653,29132,6292.0,2038.0,0.0,0.0,37,938049.684053123,1941476.6504473886,True,0.6411425114242668,새울병원,부천소사구,1.7810410425985448,부천세종병원,부천소사구,0.2573719870214508,0.2159824248249348,0.06995743512288892,36.052146501730235,1.2700810105725662,0.6983333333333334,0.22749999999999998,0.06499999999999995,33.02777777777778,False,상대적 양호,1
20250630,31052571,범박동,31052,부천시 소사구,부천시,동,1.1510659588463399,28056,3625.0,1123.0,0.0,0.0,27,938968.6192635162,1941539.4697521331,True,1.4303496908107889,새울병원,부천소사구,2.5595150329080982,부천세종병원,부천소사구,0.0329261240729406,0.129205873966353,0.04002708867978329,23.456518536140926,0.962360992301112,0.18333333333333332,0.44,0.21999999999999997,28.111111111111107,False,상대적 양호,1
20250630,31052581,옥길동,31052,부천시 소사구,부천시,동,2.9092292827540516,30828,3503.0,1171.0,0.0,1.0,65,940220.4132610895,1941141.803308569,True,2.66003211134714,건주병원,부천소사구,4.223421672897218,부천세종병원,부천소사구,0.12792778222168627,0.11363046581030233,0.037984948747891524,22.342687248929067,2.1084728169196834,0.11333333333333333,0.6216666666666667,0.235,32.33333333333333,False,도시 외곽형,0
20250630,31052591,괴안동,31052,부천시 소사구,부천시,동,0.6916830877266217,18514,4185.0,1620.0,0.0,0.0,21,938716.7183789214,1942451.320677561,True,1.2737444174109305,건주병원,부천소사구,1.8042939096534292,부천세종병원,부천소사구,0.06674280142578534,0.22604515501782435,0.08750135032948039,30.360724980310582,1.1342767635303015,0.7333333333333333,0.3491666666666666,0.11333333333333329,39.8611111111111,False,상대적 양호,1
20250630,31052601,역곡3동,31052,부천시 소사구,부천시,동,1.0199507067209879,22884,5418.0,2122.0,0.0,0.0,32,939382.2307771733,1942844.919480735,True,0.3047420985682776,건주병원,부천소사구,2.5961891721594275,가톨릭대학교부천성모병원,부천원미구,0.2704841324436336,0.23675930781331936,0.09272854396084601,31.374065226030325,1.3983569306065373,0.7733333333333333,0.24333333333333335,0.09999999999999998,37.22222222222222,False,상대적 양호,1
20250630,31053511,성곡동,31053,부천시 오정구,부천시,동,4.586156491876013,37589,7888.0,2997.0,0.0,0.0,100,938556.5800286192,1946510.7818993363,True,0.727048131130195,부천우리병원,부천오정구,0.727048131130195,부천우리병원,부천오정구,0.11897672356854197,0.20984862592779802,0.07973077230040704,21.804750923162242,2.6603527627763444,0.65,0.1375,0.2483333333333333,34.52777777777778,False,상대적 양호,1
20250630,31053521,고강본동,31053,부천시 오정구,부천시,동,1.5583600631083052,25136,5387.0,2122.0,0.0,1.0,54,940038.0046215185,1947816.371376238,True,1.5620723605206497,메디힐병원,양천구,2.1033101955868188,부천우리병원,부천오정구,0.06880133965547947,0.21431413112667091,0.08442075111394017,34.65181204162252,2.1483131763208148,0.685,0.41833333333333333,0.07333333333333336,39.22222222222222,False,상대적 양호,1
20250630,31053531,고강1동,31053,부천시 오정구,부천시,동,1.9834720894183073,12145,2632.0,957.0,0.0,1.0,43,939259.9121708993,1948085.506110216,True,0.9921155259689333,오정본병원,부천오정구,1.5740298311460041,부천우리병원,부천오정구,0.3553541074978885,0.21671469740634006,0.07879785920131742,21.67915557239356,3.5405516673528203,0.7,0.2758333333333334,0.2516666666666667,40.91666666666667,False,상대적 양호,1
20250630,31053541,원종1동,31053,부천시 오정구,부천시,동,1.3922081588624688,20999,4094.0,1550.0,0.0,0.0,31,938647.7840418334,1948009.0224783774,True,0.27995034323213713,오정본병원,부천오정구,1.2245825404479656,부천우리병원,부천오정구,0.19988727067047174,0.1949616648411829,0.07381303871612933,22.266785180550272,1.4762607743225868,0.5833333333333334,0.115,0.23833333333333329,31.222222222222218,False,상대적 양호,1
20250630,31053551,원종2동,31053,부천시 오정구,부천시,동,0.6140524286891862,18410,3500.0,1325.0,0.0,1.0,17,938160.9895072407,1947798.2092290842,True,0.4992110220198869,오정본병원,부천오정구,1.1099015953262832,부천우리병원,부천오정구,0.4636238981041315,0.19011406844106463,0.07197175448126018,27.684932435313044,0.9234111895708854,0.5583333333333333,0.12916666666666665,0.14500000000000002,27.749999999999996,False,상대적 양호,1
20250630,31053561,오정동,31053,부천시 오정구,부천시,동,6.772008774859218,19119,3524.0,1112.0,0.0,1.0,76,936929.086929908,1948183.0810707265,True,2.1522275581764037,오정본병원,부천오정구,2.6152142945675134,부천우리병원,부천오정구,0.13941847162309753,0.18431926355980963,0.058162037763481354,11.222667088404643,3.9751033003818192,0.5166666666666667,0.5041666666666667,0.5066666666666666,50.916666666666664,False,도시 외곽형,0
20250630,31053571,신흥동,31053,부천시 오정구,부천시,동,3.1567107368060743,18297,3372.0,1230.0,0.0,0.0,97,935614.7535189562,1947005.480194738,True,1.145142043498192,의료법인대인의료재단 다니엘종합병원,부천원미구,1.145142043498192,의료법인대인의료재단 다니엘종합병원,부천원미구,0.06546318442131581,0.18429250696835547,0.06722413510411543,30.728187688854746,5.301415532600973,0.515,0.25833333333333336,0.10833333333333328,29.388888888888886,False,상대적 양호,1
20250630,31060520,광명2동,31060,광명시,광명시,동,0.23374080898768484,3162,995.0,438.0,0.0,0.0,10,943091.0497896941,1942941.9504328975,True,0.10210049920601069,광명21세기병원,광명시,2.2800050813492287,광명성애병원,광명시,0.14493842423364192,0.314674256799494,0.13851992409867173,42.78243086138575,3.1625553447185326,0.9083333333333333,0.19833333333333333,0.040000000000000036,38.22222222222222,False,상대적 양호,1
20250630,31060530,광명3동,31060,광명시,광명시,동,0.3189566331528649,10292,2876.0,1094.0,0.0,1.0,17,942952.8864257692,1942562.1114776514,True,0.6242572352770355,광명21세기병원,광명시,2.147941999283524,광명성애병원,광명시,0.08100777427667857,0.27944034201321416,0.10629615235134085,53.298781818569324,1.6517683637776914,0.865,0.26249999999999996,0.011666666666666714,37.97222222222222,False,상대적 양호,1
20250630,31060540,광명4동,31060,광명시,광명시,동,0.288854699718254,7496,2143.0,832.0,0.0,0.0,15,943004.5463662948,1942281.5515300208,True,0.9677929536931812,광명21세기병원,광명시,1.940150730105316,광명성애병원,광명시,0.13181621528865528,0.28588580576307365,0.11099252934898612,51.92922259748881,2.0010672358591246,0.8766666666666667,0.30916666666666665,0.015000000000000013,40.02777777777777,False,상대적 양호,1
20250630,31060550,광명5동,31060,광명시,광명시,동,0.39435029334553917,11859,2704.0,990.0,0.0,1.0,13,942301.7206406731,1942110.6239071477,True,1.5704578121238584,광명21세기병원,광명시,2.7770999784949044,광명성애병원,광명시,0.573705571365453,0.22801247997301627,0.08348090058183658,32.965615138034366,1.0962138460241166,0.74,0.4675,0.08999999999999997,43.24999999999999,False,상대적 양호,1
20250630,31060560,광명6동,31060,광명시,광명시,동,2.4432569731388125,13468,2383.0,866.0,0.0,0.0,40,942291.2869710547,1941499.7942884313,True,2.2367873704694383,광명21세기병원,광명시,2.7849851878149474,광명성애병원,광명시,0.461401398951409,0.17693792693792693,0.0643005643005643,16.371589415178317,2.97000297000297,0.4666666666666667,0.5183333333333333,0.3666666666666667,45.05555555555556,False,도시 외곽형,1
20250630,31060570,광명7동,31060,광명시,광명시,동,2.3106524139626714,22033,4006.0,1375.0,0.0,0.0,30,942687.0061567541,1941276.1112255019,True,2.329124334926261,광명21세기병원,광명시,2.342231240191402,광명성애병원,광명시,0.043484461832104956,0.18181818181818182,0.06240639041437843,12.983346096850312,1.3615939726773476,0.49666666666666665,0.49583333333333335,0.45166666666666666,48.138888888888886,False,도시 외곽형,1
20250630,31060580,철산1동,31060,광명시,광명시,동,0.5679748337637043,10122,1429.0,491.0,0.0,1.0,35,944095.3912720412,1943612.7516548766,True,1.3912198516508705,구로성심병원,구로구,1.3912198516508705,구로성심병원,구로구,0.22938176646374833,0.1411776328788777,0.04850819996048212,61.62244860053275,3.4578146611341634,0.25166666666666665,0.32666666666666666,0.0050000000000000044,19.444444444444446,False,상대적 양호,1
20250630,31060590,철산2동,31060,광명시,광명시,동,0.6089592023339968,5281,1240.0,450.0,0.0,0.0,31,943975.5660238321,1942961.3305499726,True,1.1451877128598986,광명21세기병원,광명시,1.625463259214718,광명성애병원,광명시,0.3578056305858905,0.2348040143912138,0.08521113425487598,50.906530160287126,5.870100359780345,0.77,0.3075,0.018333333333333313,36.52777777777778,False,상대적 양호,1
20250630,31060600,철산3동,31060,광명시,광명시,동,1.3317511234063326,35346,5255.0,1812.0,0.0,0.0,62,944215.9782015837,1942078.0625338047,True,0.45397257124655754,광명성애병원,광명시,0.45397257124655754,광명성애병원,광명시,0.031094088433954933,0.1486731171844056,0.05126464097776269,46.555245128246895,1.7540881570757654,0.28833333333333333,0.05583333333333333,0.025000000000000022,12.305555555555555,False,상대적 양호,1
20250630,31060610,철산4동,31060,광명시,광명시,동,0.3347330474533316,9014,1265.0,448.0,0.0,0.0,7,943889.8134857857,1941551.5199779272,True,0.748565022171891,광명성애병원,광명시,0.748565022171891,광명성애병원,광명시,0.08507578899617564,0.1403372531617484,0.04970046594186821,20.9121867507747,0.7765697803416908,0.24666666666666667,0.14583333333333331,0.2666666666666667,21.972222222222225,False,상대적 양호,1
20250630,31060620,하안1동,31060,광명시,광명시,동,3.9016674941425626,24592,4117.0,1463.0,0.0,0.0,47,944158.8981735439,1940241.303028788,True,2.0407607811744977,광명성애병원,광명시,2.0407607811744977,광명성애병원,광명시,0.7400435687669459,0.16741216655823032,0.05949089134677944,12.046131575937586,1.9111906310995446,0.4083333333333333,0.4508333333333333,0.4716666666666667,44.36111111111111,False,도시 외곽형,1
20250630,31060630,하안2동,31060,광명시,광명시,동,0.4412264608603947,12769,2549.0,1046.0,0.0,0.0,15,944710.7131898373,1940733.202505534,True,1.4273889536773459,광명성애병원,광명시,1.4273889536773459,광명성애병원,광명시,0.06109303840687186,0.19962408959198058,0.08191714308089905,33.996147852850655,1.174720025060694,0.6,0.33916666666666667,0.07999999999999996,33.97222222222222,False,상대적 양호,1
20250630,31060640,하안3동,31060,광명시,광명시,동,0.5759904266405788,18374,3945.0,1680.0,0.0,0.0,37,945317.0408250006,1940170.6104626171,True,1.5759087270774292,광명다시선병원,광명시,2.2286299812912707,희명병원,금천구,0.13914561465184208,0.21470556220746706,0.09143354740394036,64.23717875972305,2.013715032110591,0.6916666666666667,0.43000000000000005,0.0033333333333332993,37.5,False,상대적 양호,1
20250630,31060650,하안4동,31060,광명시,광명시,동,0.4305010512782376,11420,1646.0,582.0,0.0,0.0,7,944966.3743816726,1940851.0416902618,True,1.4166554588983178,광명성애병원,광명시,1.4166554588983178,광명성애병원,광명시,0.05273659450284202,0.14413309982486866,0.05096322241681261,16.260122894510243,0.6129597197898424,0.2733333333333333,0.3358333333333333,0.3683333333333333,32.58333333333333,False,상대적 양호,1
20250630,31060660,소하1동,31060,광명시,광명시,동,3.752034738170737,29184,4730.0,1731.0,0.0,0.0,90,946115.8409096305,1938762.0680068873,True,1.0416757279523523,광명다시선병원,광명시,1.7396992315996482,희명병원,금천구,0.2915095789844573,0.1620751096491228,0.05931332236842105,23.986984737747523,3.083881578947368,0.36333333333333334,0.3008333333333333,0.20833333333333337,29.08333333333333,False,상대적 양호,1
20250630,31060680,학온동,31060,광명시,광명시,동,12.90343688739332,1761,635.0,269.0,0.0,1.0,79,942528.1011903771,1937174.321688143,True,4.2213367470253935,중앙대학교광명병원,광명시,4.2213367470253935,중앙대학교광명병원,광명시,2.879158646167143,0.36059057353776264,0.15275411697898922,6.122399845050827,44.86087450312323,0.945,0.69,0.6833333333333333,77.27777777777777,True,병원 원거리형,2
20250630,31060690,소하2동,31060,광명시,광명시,동,3.8964181160314517,25163,5465.0,2092.0,0.0,0.0,66,945223.1678475018,1937533.6744553805,True,1.657462596808768,중앙대학교광명병원,광명시,1.657462596808768,중앙대학교광명병원,광명시,0.13778609416219184,0.2171839605770377,0.08313794062711123,16.93863390287842,2.6228987004729167,0.7066666666666667,0.38166666666666665,0.3566666666666667,48.166666666666664,False,상대적 양호,1
20250630,31060700,일직동,31060,광명시,광명시,동,3.4473428670233175,21035,1477.0,342.0,0.0,0.0,67,945550.0547419501,1935664.6136306017,True,0.8881968040562815,중앙대학교광명병원,광명시,0.8881968040562815,중앙대학교광명병원,광명시,0.2604919824498721,0.07021630615640599,0.016258616591395294,19.43525856998744,3.1851675778464466,0.028333333333333332,0.1825,0.29333333333333333,16.805555555555554,False,상대적 양호,1
20250630,31070110,팽성읍,31070,평택시,평택시,읍,56.79799036902379,28144,7088.0,3126.0,0.0,0.0,217,960642.3681427888,1884903.09957432,True,5.783337028470825,의료법인 박애의료재단 박애병원,평택시,5.783337028470825,의료법인 박애의료재단 박애병원,평택시,0.23874359136477263,0.251847640704946,0.11107163160886868,3.8205577097028134,7.710346787947698,0.825,0.7775000000000001,0.785,79.58333333333334,True,병원 원거리형,0
20250630,31070120,안중읍,31070,평택시,평택시,읍,28.57046349207632,45726,6155.0,2589.0,0.0,0.0,143,949066.7435258058,1887961.0865829147,True,4.159964170386264,의료법인백성의료재단 안중백병원,평택시,17.203261323211766,의료법인 양진의료재단 평택성모병원,평택시,0.24806951301505833,0.13460613217862924,0.05661986615929668,5.005169063486119,3.127323623321524,0.21833333333333332,0.835,0.7383333333333333,59.72222222222222,False,병원 원거리형,0
20250630,31070130,포승읍,31070,평택시,평택시,읍,61.903439440673424,28917,3743.0,1391.0,0.0,0.0,168,942756.454823586,1887530.2915515462,True,12.094145531552574,의료법인백성의료재단 안중백병원,평택시,22.08072519171774,의료법인 은혜와감사의료재단 화성중앙종합병원,화성만세구,1.3624632900432108,0.12943943009302486,0.048103191894041566,2.7139041306583076,5.809731299927378,0.18666666666666668,0.9458333333333333,0.855,66.25,False,병원 원거리형,0
20250630,31070140,청북읍,31070,평택시,평택시,읍,52.44480216889766,28074,3059.0,1216.0,0.0,0.0,165,949701.4270061993,1893695.0935600942,True,6.038095465061918,의료법인백성의료재단 안중백병원,평택시,13.38960939963179,의료법인 은혜와감사의료재단 화성중앙종합병원,화성만세구,0.08381209480010017,0.10896202892355916,0.04331409845408563,3.1461649806327823,5.877324214575764,0.09166666666666666,0.8583333333333334,0.8366666666666667,59.55555555555555,False,병원 원거리형,0
20250630,31070310,진위면,31070,평택시,평택시,면,33.94166964613983,11346,2622.0,1111.0,0.0,0.0,130,962973.0168648472,1900728.2780447702,True,4.299472742597408,서울제일병원,평택시,5.385074944377393,오산한국병원,오산시,1.055990297397906,0.2310946589106293,0.09791997179622774,3.8301003266875187,11.457782478406488,0.7516666666666667,0.735,0.7833333333333333,75.66666666666666,True,병원 원거리형,0
20250630,31070320,서탄면,31070,평택시,평택시,면,28.53286879485683,4730,1076.0,481.0,0.0,1.0,53,957928.6525839858,1901917.6225756651,True,6.555874179982729,서울제일병원,평택시,6.803298514322765,오산한국병원,오산시,1.413706502768042,0.22748414376321352,0.10169133192389006,1.8575068767551852,11.205073995771668,0.7383333333333333,0.8125,0.9083333333333333,81.97222222222223,True,병원 원거리형,2
20250630,31070330,고덕면,31070,평택시,평택시,면,22.166891359754597,12848,2323.0,1011.0,0.0,1.0,84,957738.1682249164,1895310.7741466938,True,3.8762301865078554,의료법인 갈렌의료재단 박병원,평택시,3.8762301865078554,의료법인 갈렌의료재단 박병원,평택시,1.8380079826533178,0.1808063511830635,0.0786892901618929,3.789435272485133,6.537982565379825,0.49166666666666664,0.6533333333333333,0.7866666666666666,64.38888888888887,False,병원 원거리형,0
20250630,31070340,오성면,31070,평택시,평택시,면,32.48446962688554,6541,1838.0,860.0,0.0,0.0,92,953848.8118423695,1889862.9488392405,True,2.647580558976342,의료법인백성의료재단 안중백병원,평택시,10.65897049557186,의료법인 갈렌의료재단 박병원,평택시,0.19010026053140416,0.2809967894817306,0.1314783672221373,2.832122582166367,14.065127656321662,0.8683333333333333,0.7375,0.85,81.8611111111111,True,병원 원거리형,2
20250630,31070370,현덕면,31070,평택시,평택시,면,46.364926659626484,5614,1874.0,902.0,0.0,0.0,72,948422.689948191,1883227.1269347593,True,9.360885415124692,의료법인백성의료재단 안중백병원,평택시,19.919919727590138,의료법인 양진의료재단 평택성모병원,평택시,2.4257000377930287,0.3338083363021019,0.16066975418596366,1.552897959454683,12.82508015675098,0.9266666666666666,0.9199999999999999,0.935,92.72222222222221,True,고령 고립형,2
20250630,31070510,중앙동,31070,평택시,평택시,동,5.337989717566774,42400,6337.0,2591.0,0.0,0.0,80,961080.6649157398,1895440.9925844173,True,1.364714448988784,의료법인 갈렌의료재단 박병원,평택시,1.364714448988784,의료법인 갈렌의료재단 박병원,평택시,0.5522027313301274,0.14945754716981133,0.06110849056603774,14.986915343191509,1.8867924528301887,0.29333333333333333,0.315,0.3933333333333333,33.38888888888889,False,상대적 양호,1
20250630,31070520,서정동,31070,평택시,평택시,동,1.6709370167897153,25412,4589.0,1918.0,0.0,0.0,48,960370.6269082858,1896985.498646533,True,1.6270862131155859,서울제일병원,평택시,3.241519960797891,의료법인 갈렌의료재단 박병원,평택시,0.4104021524044396,0.1805839760742956,0.07547615299858335,28.72639693638478,1.888871399338895,0.49,0.5,0.13666666666666671,37.55555555555555,False,상대적 양호,1
20250630,31070530,송탄동,31070,평택시,평택시,동,19.53825676896937,25013,2494.0,983.0,0.0,0.0,78,963369.1374255099,1893290.3202144583,True,3.9200345404316885,의료법인 갈렌의료재단 박병원,평택시,3.9200345404316885,의료법인 갈렌의료재단 박병원,평택시,2.379413163970153,0.09970815176108423,0.03929956422660217,3.9921678234815445,3.1183784432095307,0.07666666666666666,0.6558333333333333,0.7766666666666666,50.30555555555555,False,도시 외곽형,0
20250630,31070550,지산동,31070,평택시,평택시,동,0.6977910964309074,12784,1777.0,722.0,0.0,0.0,27,960709.3923527137,1897647.7643088263,True,0.687374292602038,서울제일병원,평택시,4.089786267475374,의료법인 갈렌의료재단 박병원,평택시,0.14430514336357098,0.13900187734668334,0.056476846057571965,38.69352896318223,2.1120150187734668,0.24,0.3933333333333333,0.05166666666666664,22.833333333333332,False,상대적 양호,1
20250630,31070560,송북동,31070,평택시,평택시,동,7.126161796547122,20850,3910.0,1572.0,0.0,0.0,47,961147.4710086024,1898206.4884067457,True,0.2745992666246795,서울제일병원,평택시,4.864747043810452,의료법인 갈렌의료재단 박병원,평택시,0.21956024076546876,0.18752997601918464,0.07539568345323741,6.5954157850826745,2.254196642685851,0.54,0.3516666666666667,0.6633333333333333,51.83333333333333,False,도시 외곽형,0
20250630,31070570,신장1동,31070,평택시,평택시,동,1.5871581716914183,7668,1278.0,607.0,0.0,1.0,11,960429.306785719,1898570.6323016747,True,1.148827479653135,서울제일병원,평택시,5.292539412169409,의료법인 갈렌의료재단 박병원,평택시,0.3818154768524039,0.16666666666666666,0.07916014606155451,6.930626194790285,1.4345331246739697,0.4,0.5266666666666666,0.6483333333333333,52.49999999999999,False,도시 외곽형,0
20250630,31070580,신장2동,31070,평택시,평택시,동,0.6318847695877192,5342,1320.0,633.0,0.0,0.0,11,960094.0932017809,1897564.0620060442,True,1.4297676116352314,서울제일병원,평택시,4.034673049100657,의료법인 갈렌의료재단 박병원,평택시,0.4060618914231953,0.24709846499438412,0.11849494571321602,17.408237275883515,2.0591538749532012,0.8033333333333333,0.5183333333333333,0.3416666666666667,55.44444444444444,False,상대적 양호,1
20250630,31070590,신평동,31070,평택시,평택시,동,6.412321760486464,21108,3905.0,1601.0,0.0,1.0,67,964288.1657707407,1888009.1492771455,True,1.203627783816177,의료법인 박애의료재단 박애병원,평택시,1.203627783816177,의료법인 박애의료재단 박애병원,평택시,0.19034183021597562,0.18500094750805382,0.07584801970816751,10.448633506331895,3.1741519802918323,0.5233333333333333,0.27666666666666667,0.5349999999999999,44.49999999999999,False,상대적 양호,1
20250630,31070600,원평동,31070,평택시,평택시,동,5.238978495049085,14159,2461.0,1010.0,0.0,0.0,41,962567.9094002526,1888217.798757587,True,1.142651022470898,의료법인 박애의료재단 박애병원,평택시,1.142651022470898,의료법인 박애의료재단 박애병원,평택시,0.2900386196655434,0.173811709866516,0.07133272123737552,7.825953101114202,2.895684723497422,0.45166666666666666,0.25666666666666665,0.6133333333333333,44.05555555555555,False,상대적 양호,1
20250630,31070610,통복동,31070,평택시,평택시,동,0.6084384360505803,5942,1266.0,502.0,0.0,1.0,14,962972.448472399,1888649.3885192513,True,0.7037352029165934,의료법인 박애의료재단 박애병원,평택시,0.7037352029165934,의료법인 박애의료재단 박애병원,평택시,0.03794471781009011,0.21305957590037025,0.0844833389431168,23.00972320367374,2.356109054190508,0.68,0.13166666666666665,0.22499999999999998,34.55555555555555,False,상대적 양호,1
20250630,31070640,세교동,31070,평택시,평택시,동,7.078042781813873,37525,4224.0,1576.0,0.0,0.0,82,962439.7907103061,1890075.2386431592,True,0.40280807790481227,의료법인 양진의료재단 평택성모병원,평택시,0.40280807790481227,의료법인 양진의료재단 평택성모병원,평택시,1.0531210375710438,0.1125649566955363,0.041998667554963356,11.585123533116885,2.1852098600932712,0.11,0.04833333333333333,0.4983333333333333,21.88888888888889,False,상대적 양호,1
20250630,31070650,비전2동,31070,평택시,평택시,동,4.762753179519312,56720,7076.0,2596.0,0.0,0.0,67,965926.0448988873,1888469.2588884756,True,0.6301354587433592,의료법인백송의료재단 굿모닝병원,평택시,0.6301354587433592,의료법인백송의료재단 굿모닝병원,평택시,0.3148532415756236,0.12475317348377997,0.04576868829337095,14.067493627028993,1.181241184767278,0.165,0.10416666666666667,0.42166666666666663,23.02777777777778,False,상대적 양호,1
20250630,31070660,용이동,31070,평택시,평택시,동,2.623334080525513,26797,1724.0,561.0,0.0,1.0,45,967804.4887123838,1889053.0885872026,True,0.8593418937074861,허리편한병원,안성시,2.412251114476584,의료법인백송의료재단 굿모닝병원,평택시,0.574507186465045,0.06433555995074075,0.020935179311116915,17.1537435258667,1.6792924581109825,0.023333333333333334,0.32999999999999996,0.3483333333333334,23.388888888888886,False,도시 외곽형,1
20250630,31070670,비전1동,31070,평택시,평택시,동,12.9951083907465,50589,5954.0,2319.0,0.0,0.0,123,965520.523572579,1889799.7238907677,True,1.0438540542823693,평택우리병원,평택시,2.4082284309611004,의료법인백송의료재단 굿모닝병원,평택시,0.6929311499895092,0.11769356974836427,0.045840004744114336,9.465099966967978,2.4313585957421573,0.13333333333333333,0.36583333333333334,0.5549999999999999,35.138888888888886,False,도시 외곽형,1
20250630,31070680,동삭동,31070,평택시,평택시,동,3.0245191101655235,41599,2489.0,731.0,0.0,0.0,46,964141.5604541565,1890959.4062477606,True,2.856200674273657,의료법인 양진의료재단 평택성모병원,평택시,2.856200674273657,의료법인 양진의료재단 평택성모병원,평택시,0.2928100585503853,0.0598331690665641,0.017572537801389457,15.20902937772562,1.1057958123993366,0.016666666666666666,0.5583333333333333,0.3866666666666667,32.05555555555556,False,도시 외곽형,0
20250630,31070690,고덕동,31070,평택시,평택시,동,16.59632065784781,49907,2038.0,547.0,0.0,0.0,99,959408.0762354853,1893854.4592912474,True,1.7739716103746386,의료법인 갈렌의료재단 박병원,평택시,1.7739716103746386,의료법인 갈렌의료재단 박병원,평택시,0.26086952154225784,0.04083595487606949,0.010960386318552508,5.965177586104691,1.9836896627727574,0.0033333333333333335,0.4033333333333333,0.6883333333333334,36.5,False,도시 외곽형,0
20250630,31080510,생연1동,31080,동두천시,동두천시,동,1.9726917404053557,6210,1745.0,793.0,0.0,0.0,24,961637.0280856204,1989957.5388117284,True,1.1008324470622504,동두천중앙성모병원,동두천시,15.190688441333906,의료법인 일심의료재단 포천우리병원,포천시,0.7040434138025805,0.2809983896940419,0.12769726247987118,12.166117750900298,3.864734299516908,0.87,0.6125,0.4683333333333334,65.02777777777777,False,병원 원거리형,0
20250630,31080520,생연2동,31080,동두천시,동두천시,동,0.750818082188048,10553,2841.0,1343.0,0.0,0.0,18,960652.7517916649,1989127.2692401214,True,1.1350381574805324,동두천중앙성모병원,동두천시,15.25820944598259,의료법인 일심의료재단 포천우리병원,포천시,0.11702381024287103,0.2692125461953947,0.12726238984175117,23.973849893897153,1.7056761110584666,0.8533333333333334,0.6225,0.20999999999999996,56.19444444444445,False,병원 원거리형,0
20250630,31080530,중앙동,31080,동두천시,동두천시,동,0.6479898287112257,4897,1798.0,903.0,0.0,0.0,16,960886.4486550908,1989774.3225639088,True,0.30597076996504785,동두천중앙성모병원,동두천시,15.650761217142234,의료법인 일심의료재단 포천우리병원,포천시,0.08906865721307308,0.36716356953236673,0.18439861139473146,24.691745597029026,3.2673065141923625,0.95,0.47500000000000003,0.19499999999999995,53.99999999999999,False,병원 원거리형,1
20250630,31080550,보산동,31080,동두천시,동두천시,동,13.718083313662348,3552,786.0,364.0,0.0,1.0,15,961408.5062569802,1990979.7985433252,True,1.517403502307653,동두천중앙성모병원,동두천시,15.83493230407483,경기도의료원포천병원,포천시,1.3756567355214289,0.22128378378378377,0.10247747747747747,1.0934472154036958,4.222972972972973,0.7183333333333334,0.6858333333333333,0.9633333333333334,78.91666666666667,True,병원 원거리형,0
20250630,31080560,불현동,31080,동두천시,동두천시,동,33.78780086918739,24890,6237.0,2978.0,0.0,0.0,111,963441.9009020342,1988296.99747002,True,4.088772864521902,동두천중앙성모병원,동두천시,12.042346351778923,의료법인 일심의료재단 포천우리병원,포천시,2.6898577795201186,0.2505825632784251,0.11964644435516271,3.2852093697884275,4.459622338288469,0.82,0.8083333333333333,0.8216666666666667,81.66666666666667,True,병원 원거리형,2
20250630,31080580,소요동,31080,동두천시,동두천시,동,31.38132241882531,9549,2694.0,1233.0,0.0,0.0,69,961030.0444278532,1993854.1282780431,True,5.033777653145161,동두천중앙성모병원,동두천시,17.220682247490632,경기도의료원포천병원,포천시,5.002273129532895,0.2821237825950361,0.1291234684260132,2.1987601121171254,7.22588752748979,0.8716666666666667,0.8591666666666666,0.8883333333333333,87.30555555555556,True,병원 원거리형,2
20250630,31080600,상패동,31080,동두천시,동두천시,동,8.073362881580577,5247,1542.0,733.0,0.0,1.0,50,959145.1998290594,1989627.1936233076,True,2.1905262993114314,동두천중앙성모병원,동두천시,17.13725325111158,의료법인 일심의료재단 포천우리병원,포천시,1.8311238569152641,0.2938822184105203,0.13969887554793214,6.193206069564305,9.529254812273681,0.885,0.7416666666666667,0.6783333333333333,76.83333333333333,True,병원 원거리형,2
20250630,31080610,송내동,31080,동두천시,동두천시,동,5.5150961092443325,24568,4897.0,2395.0,0.0,0.0,66,960834.1479010973,1987332.6342429784,True,3.4542384105050026,동두천중앙성모병원,동두천시,13.541116916352122,의료법인 일심의료재단 포천우리병원,포천시,0.9355292538574118,0.19932432432432431,0.09748453272549658,11.967153190562112,2.686421361120156,0.5966666666666667,0.7925,0.48,62.30555555555555,False,병원 원거리형,0
20250630,31091510,일동,31091,안산시 상록구,안산시,동,2.4515663741117972,24604,3891.0,1583.0,0.0,0.0,29,943903.9147285077,1923939.2477914419,True,1.0093731402003636,근로복지공단안산병원,안산상록구,1.0093731402003636,근로복지공단안산병원,안산상록구,0.11960672063342563,0.15814501707039505,0.06433913184847992,11.829171874045915,1.1786701349374087,0.3433333333333333,0.2175,0.4883333333333333,34.972222222222214,False,상대적 양호,1
20250630,31091540,본오1동,31091,안산시 상록구,안산시,동,6.480080404239737,36661,5210.0,2011.0,0.0,0.0,49,943837.3776975118,1921434.3012864185,True,1.7506741283369365,기둥병원,안산상록구,3.9350916486473446,근로복지공단안산병원,안산상록구,0.03762212524793726,0.14211287198930744,0.054853931971304656,7.561634569833525,1.3365701972122963,0.255,0.5466666666666666,0.625,47.55555555555555,False,도시 외곽형,0
20250630,31091550,본오2동,31091,안산시 상록구,안산시,동,0.8337580973853853,25202,4104.0,1641.0,0.0,0.0,21,944225.8986123677,1921890.209125521,True,1.3851977551883254,기둥병원,안산상록구,3.259896291909885,근로복지공단안산병원,안산상록구,0.2721212948406857,0.16284421871280058,0.0651138798508055,25.18716167897466,0.8332672010157923,0.37,0.4716666666666667,0.18500000000000005,34.22222222222223,False,상대적 양호,1
20250630,31091560,본오3동,31091,안산시 상록구,안산시,동,1.0792460526396717,19335,3279.0,1267.0,0.0,0.0,26,943868.145046134,1922632.5918020066,True,0.3713672937604528,기둥병원,안산상록구,2.4329474552401553,근로복지공단안산병원,안산상록구,0.08811664137355772,0.169588828549263,0.06552883372123093,24.090891911448697,1.3447116627876907,0.425,0.245,0.20499999999999996,29.166666666666664,False,상대적 양호,1
20250630,31091570,부곡동,31091,안산시 상록구,안산시,동,5.696645770729692,20622,3257.0,1331.0,0.0,0.0,46,943582.182556978,1926330.862939824,True,1.1915825442803853,동안산병원,안산상록구,2.347640852836878,의료법인칠석의료재단사랑의병원,안산상록구,0.10072625193164461,0.15793812433323634,0.06454272136553195,8.074927220568217,2.23062748520997,0.3416666666666667,0.38666666666666666,0.6,44.27777777777777,False,도시 외곽형,1
20250630,31091580,월피동,31091,안산시 상록구,안산시,동,6.068361779116557,35783,5367.0,1998.0,0.0,0.0,52,942435.4016833194,1926499.6583831073,True,0.3243403316148609,동안산병원,안산상록구,1.4040548367021655,의료법인칠석의료재단사랑의병원,안산상록구,0.45794606214080313,0.14998742419584718,0.05583657043847637,8.569034262088811,1.4532040354358213,0.2966666666666667,0.14250000000000002,0.5833333333333333,34.08333333333333,False,상대적 양호,1
20250630,31091620,성포동,31091,안산시 상록구,안산시,동,1.7028890029665027,23962,3979.0,1292.0,0.0,0.0,31,942001.7538430387,1924928.0209449185,True,0.7808265981707794,의료법인칠석의료재단사랑의병원,안산상록구,0.7808265981707794,의료법인칠석의료재단사랑의병원,안산상록구,0.1320053337802098,0.1660545864285118,0.05391870461564143,18.204357386768443,1.29371504882731,0.3933333333333333,0.15666666666666668,0.32833333333333337,29.27777777777778,False,상대적 양호,1
20250630,31091710,반월동,31091,안산시 상록구,안산시,동,13.248350548601879,16497,4236.0,1663.0,0.0,0.0,48,947422.457439378,1922947.102986792,True,4.17750027280171,근로복지공단안산병원,안산상록구,4.17750027280171,근로복지공단안산병원,안산상록구,0.5232682763626753,0.25677395890161847,0.10080620718918591,3.623092536984955,2.9096199308965267,0.8333333333333334,0.6841666666666666,0.795,77.08333333333334,True,병원 원거리형,0
20250630,31091730,안산동,31091,안산시 상록구,안산시,동,8.368011900228398,8281,1992.0,676.0,0.0,0.0,24,944402.1218023996,1929071.2027315889,True,4.003035287657733,동안산병원,안산상록구,5.59122164562681,의료법인칠석의료재단사랑의병원,안산상록구,0.7100449613002057,0.24055065813307572,0.08163265306122448,2.868064754944354,2.8982007003985024,0.7833333333333333,0.7266666666666667,0.8466666666666667,78.55555555555556,True,병원 원거리형,0
20250630,31091740,이동,31091,안산시 상록구,안산시,동,2.367990171435528,27423,4403.0,1856.0,0.0,0.0,44,942544.415621561,1923627.8833163665,True,0.5422073957952496,의료법인서전의료재단한사랑병원,안산상록구,2.581913767372659,의료법인칠석의료재단사랑의병원,안산상록구,0.280488321439079,0.16055865514349268,0.06768041425081137,18.58115820359433,1.6044925792218212,0.355,0.2808333333333333,0.31666666666666665,31.75,False,상대적 양호,1
20250630,31091760,사동,31091,안산시 상록구,안산시,동,2.2427572320161713,35298,5001.0,2313.0,0.0,0.0,44,942240.1135622084,1922726.400037398,True,0.7766690004655932,의료법인서전의료재단한사랑병원,안산상록구,3.621633478784739,고려대학교의과대학부속안산병원,안산단원구,0.33059481483630293,0.14167941526432093,0.06552779194288628,19.61870833449295,1.2465295484163408,0.25333333333333335,0.38916666666666666,0.28833333333333333,31.027777777777775,False,상대적 양호,1
20250630,31091770,사이동,31091,안산시 상록구,안산시,동,3.0095184726084834,30520,4301.0,1474.0,0.0,0.0,42,942354.0129404562,1920867.0216173604,True,2.9583059709826953,기둥병원,안산상록구,4.716200763483752,의료법인 플러스의료재단 단원병원,안산단원구,0.29499007668380645,0.14092398427260813,0.0482961992136304,13.955720950799392,1.3761467889908257,0.24833333333333332,0.6566666666666666,0.43000000000000005,44.49999999999999,False,도시 외곽형,0
20250630,31091780,해양동,31091,안산시 상록구,안산시,동,4.802691468371846,44140,3428.0,848.0,0.0,0.0,51,940860.7976810678,1921885.711820646,True,2.392248666228609,의료법인 플러스의료재단 단원병원,안산단원구,2.392248666228609,의료법인 플러스의료재단 단원병원,안산단원구,1.1554601211078097,0.07766198459447213,0.019211599456275485,10.61904566134652,1.1554145899410966,0.035,0.5033333333333333,0.5283333333333333,35.55555555555555,False,도시 외곽형,0
20250630,31092590,와동,31092,안산시 단원구,안산시,동,3.2188740804994387,38217,5153.0,1851.0,0.0,0.0,53,939882.9037850933,1926982.4623426842,True,0.5165226548386311,온누리병원,안산단원구,1.7891092840190068,대아의료재단한도병원,안산단원구,0.26510954986343377,0.13483528272758197,0.04843394300965539,16.46538468872835,1.3868173849334067,0.22,0.2025,0.365,26.25,False,상대적 양호,1
20250630,31092660,초지동,31092,안산시 단원구,안산시,동,25.841583710598105,51946,6951.0,2970.0,0.0,0.0,285,935611.0232274848,1923765.6782776932,True,4.860561565297126,의료법인 플러스의료재단 단원병원,안산단원구,4.860561565297126,의료법인 플러스의료재단 단원병원,안산단원구,3.178598282894645,0.13381203557540522,0.05717475840295692,11.02873582330468,5.4864667154352595,0.21333333333333335,0.7283333333333333,0.5133333333333333,48.5,False,도시 외곽형,0
20250630,31092680,선부1동,31092,안산시 단원구,안산시,동,0.8428925791978128,18655,2799.0,914.0,0.0,1.0,19,938632.6398502742,1926181.149001487,True,0.21250967914534855,대아의료재단한도병원,안산단원구,0.21250967914534855,대아의료재단한도병원,안산단원구,0.420828658615431,0.15004020369874027,0.048994907531492896,22.541425169601617,1.0184937014205306,0.3,0.011666666666666667,0.22999999999999998,18.055555555555554,False,상대적 양호,1
20250630,31092690,선부2동,31092,안산시 단원구,안산시,동,3.088152508239,27513,3164.0,1011.0,0.0,0.0,53,938371.4040040761,1927004.524319535,True,0.9428809763433161,대아의료재단한도병원,안산단원구,0.9428809763433161,대아의료재단한도병원,안산단원구,0.48766252488964185,0.11500018173227201,0.03674626540181005,17.162364830946427,1.9263620833787662,0.11833333333333333,0.19916666666666666,0.3466666666666667,22.13888888888889,False,상대적 양호,1
20250630,31092700,선부3동,31092,안산시 단원구,안산시,동,4.809990109005427,34663,4426.0,1355.0,0.0,0.0,31,939334.6143055351,1927790.5962074345,True,0.8216522876700264,온누리병원,안산단원구,2.0753304907430357,대아의료재단한도병원,안산단원구,0.3427993366590797,0.12768658223465942,0.03909067305195742,6.444919697851509,0.8943253613362953,0.18166666666666667,0.29583333333333334,0.6683333333333333,38.19444444444444,False,도시 외곽형,1
20250630,31092720,대부동,31092,안산시 단원구,안산시,동,60.87457252644102,8912,3146.0,1264.0,0.0,0.0,198,918825.6440889596,1916223.372229441,True,21.51282507272363,의료법인 석경의료재단 센트럴병원,시흥시,21.51282507272363,의료법인 석경의료재단 센트럴병원,시흥시,0.20686251642292605,0.3530071813285458,0.14183123877917414,3.252589575294319,22.21723518850987,0.9416666666666667,0.9691666666666667,0.8266666666666667,91.25,True,고령 고립형,2
20250630,31092730,호수동,31092,안산시 단원구,안산시,동,2.643743771896628,41991,4966.0,1605.0,0.0,0.0,49,940727.2731845331,1923851.2888435563,True,0.254371495359528,박진영병원,안산단원구,1.208914680641153,고려대학교의과대학부속안산병원,안산단원구,0.027029029419189644,0.11826343740325308,0.038222476244909626,18.534322622667506,1.1669167202495774,0.13666666666666666,0.10833333333333334,0.31999999999999995,18.83333333333333,False,상대적 양호,1
20250630,31092740,고잔동,31092,안산시 단원구,안산시,동,1.4588254634939726,20394,3044.0,1116.0,0.0,0.0,16,940326.4195978186,1925123.5195157193,True,0.6981724881945014,고려대학교의과대학부속안산병원,안산단원구,0.6981724881945014,고려대학교의과대학부속안산병원,안산단원구,0.33673381188665485,0.14925958615279003,0.05472197705207414,10.96772739466657,0.7845444738648623,0.2916666666666667,0.1275,0.5166666666666666,31.194444444444443,False,상대적 양호,1
20250630,31092750,중앙동,31092,안산시 단원구,안산시,동,1.9967005477107143,25073,3264.0,1101.0,0.0,0.0,25,941293.7159184498,1925016.1265981912,True,0.8853679417866042,에이스병원,안산단원구,1.0968762049035934,의료법인칠석의료재단사랑의병원,안산상록구,0.3103723950699825,0.1301798747656842,0.04391177760938061,12.520655652978789,0.9970885015753999,0.19333333333333333,0.20500000000000002,0.46166666666666667,28.666666666666664,False,상대적 양호,1
20250630,31092760,원곡동,31092,안산시 단원구,안산시,동,1.3194100762492598,30598,3562.0,965.0,0.0,0.0,23,937398.134840307,1926258.9762435881,True,1.6505473841876035,대아의료재단한도병원,안산단원구,1.6505473841876035,대아의료재단한도병원,안산단원구,0.14349744587209792,0.11641283744035558,0.0315380090201974,17.432033007799234,0.751683116543565,0.12666666666666668,0.3766666666666667,0.33999999999999997,28.111111111111107,False,상대적 양호,1
20250630,31092770,신길동,31092,안산시 단원구,안산시,동,6.836081342487211,25144,3604.0,1074.0,0.0,1.0,54,936008.1096008348,1926255.8614510158,True,3.455889683228494,대아의료재단한도병원,안산단원구,3.455889683228494,대아의료재단한도병원,안산단원구,0.5951218642492356,0.14333439389118677,0.04271396754692969,7.899262354352394,2.147629653197582,0.2683333333333333,0.625,0.6083333333333334,50.05555555555555,False,도시 외곽형,0
20250630,31092780,백운동,31092,안산시 단원구,안산시,동,1.4646468808238087,30117,3903.0,1030.0,0.0,1.0,25,937954.4074460225,1925478.966771201,True,1.4527594760594436,대아의료재단한도병원,안산단원구,1.4527594760594436,대아의료재단한도병원,안산단원구,0.08336454080416558,0.12959458113357905,0.03419995351462629,17.06896066711892,0.8300959590928711,0.18833333333333332,0.3458333333333333,0.3516666666666667,29.527777777777775,False,상대적 양호,1
20250630,31101510,주교동,31101,고양시 덕양구,고양시,동,5.516699401146042,10499,2598.0,1080.0,0.0,1.0,77,941023.9896378748,1962424.3418358713,True,0.6557382216919081,원당연세병원,고양덕양구,2.514701634224439,의료법인명지의료재단명지병원,고양덕양구,0.23071650730076287,0.2474521382988856,0.10286693970854367,13.9576211065631,7.334031812553576,0.805,0.30083333333333334,0.42833333333333334,51.138888888888886,False,상대적 양호,1
20250630,31101511,흥도동,31101,고양시 덕양구,고양시,동,9.219212427585033,28665,3829.0,1433.0,0.0,0.0,102,944192.5503494849,1959755.3399753612,True,4.06801652968352,의료법인자인의료재단(더자인병원),고양덕양구,4.06801652968352,의료법인자인의료재단(더자인병원),고양덕양구,0.3462067267818354,0.13357753357753357,0.04999127856270713,11.063851798750541,3.5583464154892726,0.21166666666666667,0.6708333333333334,0.51,46.416666666666664,False,도시 외곽형,0
20250630,31101512,삼송1동,31101,고양시 덕양구,고양시,동,6.280559320721973,21519,2811.0,1066.0,0.0,0.0,57,946859.270976757,1961821.1979529848,True,3.690179456905806,가톨릭대학교 은평성모병원,은평구,3.690179456905806,가톨릭대학교 은평성모병원,은평구,0.3297715654883438,0.13062874668897254,0.04953761791904828,9.075624811302259,2.6488219712811936,0.19666666666666666,0.6383333333333334,0.5666666666666667,46.72222222222222,False,도시 외곽형,0
20250630,31101513,삼송2동,31101,고양시 덕양구,고양시,동,2.5202871552671278,27363,4880.0,2104.0,0.0,0.0,42,945062.4119195906,1961368.6580023433,True,4.872602462736471,원당연세병원,고양덕양구,5.0756413259107,가톨릭대학교 은평성모병원,은평구,0.20906819949712765,0.1783430179439389,0.07689215363812447,16.66476770800682,1.5349194167306217,0.4716666666666667,0.7375,0.3583333333333333,52.25,False,도시 외곽형,0
20250630,31101514,행신3동,31101,고양시 덕양구,고양시,동,0.5817673312718736,21549,3736.0,1680.0,0.0,0.0,30,941619.8150703702,1958667.0945522683,True,0.48641848007204985,의료법인자인의료재단(더자인병원),고양덕양구,0.48641848007204985,의료법인자인의료재단(더자인병원),고양덕양구,0.1423561565899008,0.17337231426052252,0.07796185437839342,51.56700692425146,1.39217597104274,0.4483333333333333,0.06583333333333333,0.01666666666666672,17.694444444444443,False,상대적 양호,1
20250630,31101515,행신4동,31101,고양시 덕양구,고양시,동,1.3769421024625843,18873,3772.0,1520.0,0.0,0.0,44,942337.4207936033,1957834.5817005872,True,1.427326765106125,의료법인자인의료재단(더자인병원),고양덕양구,1.427326765106125,의료법인자인의료재단(더자인병원),고양덕양구,0.025158529154097026,0.19986223705823133,0.08053833518783447,31.954865728419843,2.3313728607004713,0.6033333333333334,0.3375,0.09833333333333338,34.63888888888889,False,상대적 양호,1
20250630,31101520,원신동,31101,고양시 덕양구,고양시,동,12.885395075905627,22159,3956.0,1485.0,0.0,0.0,74,945579.5136596453,1963393.8211363829,True,5.7255939595845184,원당연세병원,고양덕양구,6.322042713079617,가톨릭대학교 은평성모병원,은평구,0.906202765820682,0.1785279119093822,0.0670156595514238,5.742936057767638,3.3395008800036106,0.475,0.7891666666666667,0.7,65.47222222222221,False,병원 원거리형,0
20250630,31101540,성사1동,31101,고양시 덕양구,고양시,동,2.3072994587504154,22482,4800.0,1979.0,0.0,0.0,59,941860.3644454442,1962250.6276765314,True,0.6687752316964478,원당연세병원,고양덕양구,2.5462543271497995,의료법인명지의료재단명지병원,고양덕양구,0.24553500740931058,0.21350413664264745,0.08802597633662486,25.571019737487024,2.624321679565875,0.6833333333333333,0.305,0.17500000000000004,38.77777777777778,False,상대적 양호,1
20250630,31101550,성사2동,31101,고양시 덕양구,고양시,동,0.9928690392038462,10037,2505.0,1140.0,0.0,1.0,18,941463.9245933695,1961673.8318368143,True,0.5225011083150221,원당연세병원,고양덕양구,1.6518970281555845,의료법인명지의료재단명지병원,고양덕양구,0.20719272304730704,0.24957656670319817,0.11357975490684467,18.12927917908861,1.7933645511607053,0.815,0.18916666666666665,0.32999999999999996,44.472222222222214,False,상대적 양호,1
20250630,31101560,효자동,31101,고양시 덕양구,고양시,동,25.754503004493568,25579,2945.0,1171.0,0.0,0.0,56,948887.3830053869,1961647.9373397673,True,2.843843891633462,가톨릭대학교 은평성모병원,은평구,2.843843891633462,가톨릭대학교 은평성모병원,은평구,0.6955158765655608,0.11513350795574495,0.04577974119394816,2.174377039627955,2.1892959067985456,0.12,0.5566666666666666,0.89,52.222222222222214,False,도시 외곽형,0
20250630,31101580,창릉동,31101,고양시 덕양구,고양시,동,11.283254062688094,22608,2828.0,1061.0,0.0,0.0,132,946205.4218537515,1958966.2323675875,True,3.0476168363495115,가톨릭대학교 은평성모병원,은평구,3.0476168363495115,가톨릭대학교 은평성모병원,은평구,2.244487321197411,0.1250884642604388,0.04693029016277424,11.698752794772455,5.83864118895966,0.16666666666666666,0.5858333333333333,0.4916666666666667,41.47222222222222,False,도시 외곽형,0
20250630,31101590,고양동,31101,고양시 덕양구,고양시,동,23.881392206038186,27562,6583.0,3002.0,0.0,0.0,143,947234.0636899094,1967577.6103438444,True,1.9265164039467984,국군고양병원,고양덕양구,10.630734451799816,가톨릭대학교 은평성모병원,은평구,0.23083551076359005,0.23884333502648575,0.10891807561134896,5.987925610293515,5.188302735650533,0.78,0.6933333333333334,0.6866666666666666,72.0,False,병원 원거리형,0
20250630,31101600,관산동,31101,고양시 덕양구,고양시,동,16.402493370347706,34204,9004.0,3928.0,0.0,0.0,129,943611.4511195519,1968350.8727026675,True,4.445698844040908,국군고양병원,고양덕양구,8.118827287823196,동국대학교일산불교병원,고양일산동구,0.8899362405360541,0.2632440650216349,0.11484036954742136,7.864657957015557,3.7714887147702023,0.8416666666666667,0.7883333333333333,0.6116666666666667,74.72222222222223,True,병원 원거리형,0
20250630,31101610,능곡동,31101,고양시 덕양구,고양시,동,12.502542011206677,17503,3394.0,1370.0,0.0,0.0,80,939116.2494755522,1959023.8425600743,True,2.414728813100024,연세강인병원,고양덕양구,3.064315561200561,의료법인자인의료재단(더자인병원),고양덕양구,0.9256569683438044,0.19390961549448665,0.07827229617779809,6.398698754884555,4.57064503228018,0.5783333333333334,0.55,0.6716666666666666,60.0,False,도시 외곽형,0
20250630,31101620,화정1동,31101,고양시 덕양구,고양시,동,2.264658982082728,34112,6747.0,3213.0,0.0,0.0,57,941203.2880516605,1960556.4794314962,True,0.27556103861532444,의료법인명지의료재단명지병원,고양덕양구,0.27556103861532444,의료법인명지의료재단명지병원,고양덕양구,0.3929351896853268,0.19778963414634146,0.09418972795497185,25.16935240624135,1.670966228893058,0.595,0.023333333333333334,0.18666666666666665,26.833333333333332,False,상대적 양호,1
20250630,31101630,화정2동,31101,고양시 덕양구,고양시,동,1.9823302815995583,30471,5070.0,2445.0,0.0,0.0,40,941013.8505712057,1959055.5674558016,True,0.3845510026358769,연세강인병원,고양덕양구,1.0038149453257548,의료법인자인의료재단(더자인병원),고양덕양구,0.15995480200938383,0.16638771290735455,0.08024022841390174,20.178272193735385,1.3127235732335663,0.3983333333333333,0.1,0.2783333333333333,25.888888888888882,False,상대적 양호,1
20250630,31101640,행주동,31101,고양시 덕양구,고양시,동,6.3881286730906135,14086,3376.0,1362.0,0.0,0.0,56,940281.9357973104,1957385.3764668247,True,1.926669147796377,의료법인자인의료재단(더자인병원),고양덕양구,1.926669147796377,의료법인자인의료재단(더자인병원),고양덕양구,0.8235415306581629,0.23967059491693882,0.0966917506744285,8.766260491260091,3.975578588669601,0.7816666666666666,0.43,0.5766666666666667,59.6111111111111,False,상대적 양호,1
20250630,31101650,행신1동,31101,고양시 덕양구,고양시,동,0.667293891966291,19746,3999.0,1736.0,0.0,0.0,22,941537.5893379799,1957965.7574210006,True,0.5715827636376273,의료법인자인의료재단(더자인병원),고양덕양구,0.5715827636376273,의료법인자인의료재단(더자인병원),고양덕양구,0.35194034387048434,0.20252202977818293,0.08791654005874608,32.96898153102135,1.1141497012053074,0.62,0.085,0.08833333333333337,26.444444444444443,False,상대적 양호,1
20250630,31101660,행신2동,31101,고양시 덕양구,고양시,동,4.308221874830994,28879,4994.0,2242.0,0.0,0.0,59,941664.8403576341,1957442.3499609246,True,1.2695414029812153,의료법인자인의료재단(더자인병원),고양덕양구,1.2695414029812153,의료법인자인의료재단(더자인병원),고양덕양구,0.16983094623238823,0.1729284254994979,0.07763426711451228,13.694745004820462,2.0430070293292704,0.44166666666666665,0.29833333333333334,0.43500000000000005,39.166666666666664,False,상대적 양호,1
20250630,31101670,화전동,31101,고양시 덕양구,고양시,동,7.269567553490801,27746,3418.0,1238.0,0.0,0.0,67,945083.960092963,1956189.5430199017,True,3.0539849006008732,서울특별시서북병원,은평구,5.416269088934469,의료법인 청구성심병원,은평구,0.830729675874674,0.12318892813378506,0.04461904418654941,9.21650421527853,2.4147624882866,0.15833333333333333,0.6916666666666667,0.5633333333333334,47.11111111111111,False,도시 외곽형,0
20250630,31101680,대덕동,31101,고양시 덕양구,고양시,동,10.760791920921939,16804,1318.0,464.0,0.0,1.0,110,944087.8794740753,1954199.0978575887,True,4.5087605987140105,부민병원,강서구,4.5087605987140105,부민병원,강서구,0.6937542266796022,0.07843370626041418,0.027612473220661748,10.222295980477956,6.546060461794811,0.03666666666666667,0.7083333333333334,0.5383333333333333,42.77777777777778,False,도시 외곽형,0
20250630,31103510,식사동,31103,고양시 일산동구,고양시,동,6.8450615787794975,39535,4593.0,1829.0,0.0,0.0,82,939205.710491277,1964388.0109028453,True,0.48441882088647176,동국대학교일산불교병원,고양일산동구,0.48441882088647176,동국대학교일산불교병원,고양일산동구,0.2267657157256148,0.11617554066017453,0.04626280510939674,11.97943934561666,2.074111546730745,0.12333333333333334,0.06416666666666666,0.4783333333333334,22.194444444444443,False,상대적 양호,1
20250630,31103511,중산1동,31103,고양시 일산동구,고양시,동,1.3873239807495403,19986,4621.0,2094.0,0.0,0.0,34,936558.2348694718,1965938.880297876,True,1.0290957276288872,로하스일산병원,고양일산서구,3.6336729998400576,동국대학교일산불교병원,고양일산동구,0.2958330210416591,0.23121184829380567,0.10477334133893726,24.50761355803174,1.7011908335835084,0.7533333333333333,0.4341666666666667,0.19666666666666666,46.13888888888888,False,상대적 양호,1
20250630,31103512,중산2동,31103,고양시 일산동구,고양시,동,1.4460643947954341,23021,4320.0,1916.0,0.0,0.0,45,936981.2864498919,1964867.9299267195,True,0.6145284232323133,의료법인일산복음병원,고양일산동구,2.516636866539377,동국대학교일산불교병원,고양일산동구,0.4571332093293586,0.18765475001085966,0.08322835671777942,31.11894612851309,1.954736979279788,0.5416666666666666,0.2916666666666667,0.10166666666666668,31.166666666666664,False,상대적 양호,1
20250630,31103530,정발산동,31103,고양시 일산동구,고양시,동,1.5463619824170969,20965,4130.0,1626.0,0.0,0.0,30,936165.9299343751,1963589.2237290596,True,1.1973764002641871,허유재병원,고양일산동구,1.2378891190702332,국립암센터,고양일산동구,0.3250970707296475,0.19699499165275458,0.07755783448604818,19.400373483773453,1.430956355831147,0.5916666666666667,0.2808333333333333,0.29500000000000004,38.916666666666664,False,상대적 양호,1
20250630,31103540,풍산동,31103,고양시 일산동구,고양시,동,5.680856433211503,35612,6352.0,2662.0,0.0,0.0,74,938134.9680861325,1963208.1202444474,True,1.713815191206162,동국대학교일산불교병원,고양일산동구,1.713815191206162,동국대학교일산불교병원,고양일산동구,0.1622653424727116,0.17836684263731326,0.07475008424126699,13.026204916459456,2.077951252386836,0.47333333333333333,0.39083333333333337,0.44999999999999996,43.80555555555555,False,상대적 양호,1
20250630,31103550,백석1동,31103,고양시 일산동구,고양시,동,1.7556556505787773,27542,4444.0,1772.0,0.0,0.0,53,937454.7877982171,1961128.289699816,True,0.37534453552431374,국민건강보험공단일산병원,고양일산동구,0.37534453552431374,국민건강보험공단일산병원,고양일산동구,0.4561942609602883,0.1613535690944739,0.06433810180814756,30.188152205432644,1.9243337448260838,0.35833333333333334,0.045000000000000005,0.1166666666666667,17.333333333333336,False,상대적 양호,1
20250630,31103560,마두1동,31103,고양시 일산동구,고양시,동,2.2110770591671933,21628,3527.0,1432.0,0.0,0.0,42,937064.3851191518,1962397.08448565,True,0.7136871694951316,국립암센터,고양일산동구,0.7136871694951316,국립암센터,고양일산동구,0.1553251018151253,0.1630756426854078,0.06621046791196597,18.995267408644448,1.9419271314962085,0.37166666666666665,0.13416666666666666,0.30333333333333334,26.97222222222222,False,상대적 양호,1
20250630,31103570,마두2동,31103,고양시 일산동구,고양시,동,0.6221950623871656,14513,2442.0,1179.0,0.0,0.0,9,936578.4424544554,1961607.251727349,True,0.2507750865602262,연세마두병원,고양일산동구,0.6959001335921775,의료법인성광의료재단일산차병원,고양일산동구,0.21641596543703592,0.1682629366774616,0.08123751119685799,14.464917104082838,0.6201336732584579,0.415,0.0475,0.405,28.916666666666668,False,상대적 양호,1
20250630,31103580,장항1동,31103,고양시 일산동구,고양시,동,10.223704894486607,16487,1345.0,428.0,0.0,1.0,48,935164.4880991608,1960615.1487899374,True,2.0486058446344906,의료법인성광의료재단일산차병원,고양일산동구,2.0486058446344906,의료법인성광의료재단일산차병원,고양일산동구,0.2344165530797579,0.08157942621459331,0.025959847152301815,4.694971196389405,2.9113847273609514,0.043333333333333335,0.4525,0.7466666666666666,41.416666666666664,False,도시 외곽형,0
20250630,31103590,장항2동,31103,고양시 일산동구,고양시,동,2.40726684912947,26198,4242.0,1959.0,0.0,0.0,28,935648.8257555179,1962443.5826123627,True,0.5346622511201735,허유재병원,고양일산동구,0.9568258352229707,의료법인성광의료재단일산차병원,고양일산동구,0.033584766412632444,0.1619207573097183,0.07477670051148942,11.631448341560272,1.0687838766318039,0.3616666666666667,0.1175,0.4966666666666667,32.52777777777778,False,상대적 양호,1
20250630,31103600,고봉동,31103,고양시 일산동구,고양시,동,25.027469665373964,23525,6443.0,3422.0,0.0,0.0,190,939272.4845497105,1967927.5075703135,True,4.719887706387749,동국대학교일산불교병원,고양일산동구,4.719887706387749,동국대학교일산불교병원,고양일산동구,3.0555184079024453,0.2738788522848034,0.14546227417640809,7.591658387378611,8.076514346439957,0.8583333333333333,0.725,0.6233333333333333,73.55555555555554,True,병원 원거리형,0
20250630,31103610,백석2동,31103,고양시 일산동구,고양시,동,0.7888345545114303,19566,3443.0,1469.0,0.0,0.0,27,936981.8978518195,1960546.2323796537,True,0.2514965263407637,일산21세기병원,고양일산동구,0.9636571008807466,국민건강보험공단일산병원,고양일산동구,0.16777447086944142,0.17596851681488296,0.07507921905346009,34.22770953121168,1.3799448022079117,0.4633333333333333,0.07583333333333334,0.07666666666666666,20.52777777777778,False,상대적 양호,1
20250630,31104510,일산1동,31104,고양시 일산서구,고양시,동,0.6441003864034082,24737,4999.0,2155.0,0.0,0.0,27,935386.477504769,1965544.4034028961,True,0.9731677163141637,로하스일산병원,고양일산서구,2.6764859136624004,인제대학교일산백병원,고양일산서구,0.2593942687705371,0.2020859441322715,0.08711646521405182,41.91893153606892,1.0914823947932248,0.615,0.3716666666666667,0.043333333333333335,34.333333333333336,False,상대적 양호,1
20250630,31104511,탄현1동,31104,고양시 일산서구,고양시,동,0.9121336712464642,28812,4205.0,1940.0,0.0,0.0,61,935382.3503470599,1966307.5802861804,True,1.4692025946734497,든든한병원,고양일산서구,3.433335486373695,인제대학교일산백병원,고양일산서구,0.3358396252471385,0.14594613355546301,0.06733305567124809,66.87616291660548,2.1171733999722337,0.28,0.4975,0.0016666666666667052,25.972222222222225,False,상대적 양호,1
20250630,31104512,탄현2동,31104,고양시 일산서구,고양시,동,1.2671789738547015,18197,2730.0,1166.0,0.0,1.0,22,935555.3087555633,1966778.1677377764,True,1.4997487828186487,든든한병원,고양일산서구,4.068576459492624,인제대학교일산백병원,고양일산서구,0.2805845378145843,0.15002472935099193,0.06407649612573502,17.361399181898506,1.2089904929383966,0.29833333333333334,0.5308333333333334,0.345,39.13888888888889,False,도시 외곽형,1
20250630,31104513,덕이동,31104,고양시 일산서구,고양시,동,5.534548978453116,29533,4521.0,1753.0,0.0,0.0,117,933655.0508737719,1966481.4013136972,True,0.6628869262815483,일산중심재활병원,고양일산서구,3.0787780739600863,인제대학교일산백병원,고양일산서구,0.8113487767283132,0.15308299190735786,0.05935732908949311,21.13993397754717,3.961669996275353,0.31,0.33749999999999997,0.2616666666666667,30.305555555555554,False,상대적 양호,1
20250630,31104514,가좌동,31104,고양시 일산서구,고양시,동,12.528714547555358,17890,3041.0,1345.0,0.0,0.0,83,930957.6322350093,1965892.0267044068,True,3.641122175357422,일산중심재활병원,고양일산서구,4.455934194393044,인제대학교일산백병원,고양일산서구,0.4240180782589576,0.16998323085522637,0.07518166573504752,6.6247817910573445,4.639463387367244,0.4266666666666667,0.6766666666666666,0.6583333333333333,58.72222222222222,False,도시 외곽형,0
20250630,31104520,일산2동,31104,고양시 일산서구,고양시,동,0.8148808633654684,19478,4198.0,1671.0,0.0,0.0,45,936061.3091076462,1965305.3997375895,True,0.04277173521345515,로하스일산병원,고양일산서구,3.2071149622367936,인제대학교일산백병원,고양일산서구,0.11768566752065031,0.21552520792689187,0.0857890953896704,55.222796390320696,2.3102987986446246,0.6966666666666667,0.2566666666666667,0.010000000000000009,32.111111111111114,False,상대적 양호,1
20250630,31104530,일산3동,31104,고양시 일산서구,고양시,동,1.141579804970273,31730,4177.0,1624.0,0.0,0.0,29,935534.3383942528,1964620.5165402708,True,1.1419972042110256,로하스일산병원,고양일산서구,2.2264269600375175,인제대학교일산백병원,고양일산서구,0.16381699462915691,0.13164197919949575,0.051181846832650486,25.40339262637461,0.9139615505830444,0.205,0.365,0.18000000000000005,25.0,False,상대적 양호,1
20250630,31104550,주엽1동,31104,고양시 일산서구,고양시,동,0.9345607642493077,24928,5067.0,2464.0,0.0,0.0,20,935230.0650241616,1963458.010764142,True,0.9299937963070848,허유재병원,고양일산동구,1.940446527109567,인제대학교일산백병원,고양일산서구,0.01169633778349406,0.20326540436456997,0.09884467265725289,21.40042762876434,0.8023106546854942,0.6266666666666667,0.3041666666666667,0.2566666666666667,39.58333333333333,False,상대적 양호,1
20250630,31104560,주엽2동,31104,고양시 일산서구,고양시,동,0.9969994397665787,25596,5435.0,2709.0,0.0,0.0,22,934601.5397633967,1963912.9502381221,True,0.9592486566032449,인제대학교일산백병원,고양일산서구,0.9592486566032449,인제대학교일산백병원,고양일산서구,0.09380552663885808,0.2123378652914518,0.10583684950773559,22.066210995214526,0.8595092983278637,0.6733333333333333,0.20416666666666666,0.2416666666666667,37.30555555555555,False,상대적 양호,1
20250630,31104570,대화동,31104,고양시 일산서구,고양시,동,3.7683597898205634,33577,5579.0,2308.0,0.0,0.0,101,933769.4924079785,1964626.7049599404,True,0.6719150653509967,인제대학교일산백병원,고양일산서구,0.6719150653509967,인제대학교일산백병원,고양일산서구,0.3343284693787685,0.16615540399678352,0.06873752866545552,26.80211169666718,3.008011436399917,0.395,0.12000000000000001,0.15333333333333332,22.27777777777778,False,상대적 양호,1
20250630,31104580,송포동,31104,고양시 일산서구,고양시,동,12.749788810662043,19466,3128.0,1249.0,0.0,0.0,43,932190.5766617623,1963555.7739422147,True,2.336005027113448,인제대학교일산백병원,고양일산서구,2.336005027113448,인제대학교일산백병원,고양일산서구,0.1720976994634018,0.1606904346039248,0.06416315627247508,3.3726048829954847,2.2089797595808074,0.3566666666666667,0.49583333333333335,0.8133333333333334,55.52777777777778,False,도시 외곽형,0
20250630,31110510,중앙동,31110,과천시,과천시,동,6.983400139965932,10623,2156.0,826.0,0.0,0.0,23,955060.2947931109,1937079.6717150905,True,5.6890140818324815,평촌서울나우병원,안양동안구,6.7254209348511855,한림대학교성심병원,안양동안구,0.34799940692163067,0.20295585051303774,0.07775581285889109,3.293524578145139,2.1651134331168223,0.6233333333333333,0.7975,0.8200000000000001,74.69444444444444,True,병원 원거리형,0
20250630,31110521,갈현동,31110,과천시,과천시,동,2.2907416394211126,16109,974.0,374.0,0.0,0.0,36,954264.74541636,1934953.0396658033,True,2.7549223141984007,평촌서울나우병원,안양동안구,3.863524839775721,한림대학교성심병원,안양동안구,0.09357933490703178,0.06046309516419393,0.023216835309454342,15.715434416732158,2.2347755912843748,0.018333333333333333,0.6025,0.3766666666666667,33.25,False,도시 외곽형,0
20250630,31110522,원문동,31110,과천시,과천시,동,2.209247653293717,15394,2019.0,798.0,0.0,1.0,13,954786.3648607705,1935953.4605137834,True,4.221058332404425,평촌서울나우병원,안양동안구,5.307839452732728,한림대학교성심병원,안양동안구,0.2655727909226744,0.13115499545277381,0.05183837858906067,5.884356142969574,0.844484864232818,0.20333333333333334,0.73,0.6933333333333334,54.222222222222214,False,도시 외곽형,0
20250630,31110530,별양동,31110,과천시,과천시,동,0.649557983941377,13927,2261.0,808.0,0.0,0.0,13,955292.5986870788,1936731.3053395855,True,5.425005898569419,평촌서울나우병원,안양동안구,6.512966537398382,한림대학교성심병원,안양동안구,0.12825720457018375,0.16234652114597545,0.05801680189559848,20.013609749077087,0.9334386443598766,0.365,0.7891666666666667,0.28,47.80555555555555,False,도시 외곽형,0
20250630,31110540,부림동,31110,과천시,과천시,동,0.40578508248957557,13281,2177.0,837.0,0.0,0.0,5,955559.3046745048,1937281.8841366684,True,5.846356541950203,연세사랑병원,서초구,7.298195045619843,한림대학교성심병원,안양동안구,0.08874271493351277,0.16391837964008735,0.06302236277388751,12.321793520165809,0.37647767487387995,0.38,0.8116666666666666,0.4633333333333334,55.166666666666664,False,도시 외곽형,0
20250630,31110550,과천동,31110,과천시,과천시,동,10.769580474386778,5686,1332.0,482.0,0.0,0.0,75,956364.0542097844,1939292.6063556394,True,3.5358107677081665,연세사랑병원,서초구,4.64941158480791,기쁨병원,서초구,1.2625829747092134,0.23425958494548013,0.08476960956735842,6.964059573014195,13.190291945128386,0.7666666666666667,0.6799999999999999,0.645,69.72222222222221,False,병원 원거리형,0
20250630,31110560,문원동,31110,과천시,과천시,동,12.512442921535493,6193,1329.0,551.0,0.0,1.0,19,955656.3724202525,1935943.740211606,True,4.858851793863076,평촌서울나우병원,안양동안구,6.034417038497741,한림대학교성심병원,안양동안구,0.6976914739123533,0.21459712578717907,0.08897141934442113,1.518488445393713,3.067979977393832,0.6883333333333334,0.7641666666666667,0.9383333333333334,79.69444444444444,True,병원 원거리형,0
20250630,31120510,갈매동,31120,구리시,구리시,동,3.969839323797711,29882,4143.0,1331.0,0.0,0.0,69,966295.0824519839,1959286.9968595307,True,2.5845145613123495,의료법인혜수의료재단베리굿병원,남양주시,3.6036672037330613,서울특별시서울의료원,중랑구,0.0661850588918047,0.1386453383307677,0.04454186466769292,17.38105610128114,2.3090823907368985,0.23333333333333334,0.5816666666666667,0.3433333333333334,38.611111111111114,False,도시 외곽형,0
20250630,31120520,동구동,31120,구리시,구리시,동,7.304080724416779,34375,5827.0,2330.0,0.0,0.0,89,968273.7466130324,1957673.6094280689,True,1.2608353655750593,오케이참병원,구리시,2.5749399303209968,한양대학교구리병원,구리시,0.6965088235569901,0.16951272727272726,0.06778181818181818,12.184969383276707,2.589090909090909,0.4216666666666667,0.41666666666666663,0.4666666666666667,43.49999999999999,False,도시 외곽형,1
20250630,31120530,인창동,31120,구리시,구리시,동,2.212719133486562,23086,3778.0,1515.0,0.0,1.0,32,967571.5875783107,1956553.2631402193,True,0.3027678192573957,재단법인원진녹색병원,구리시,0.942797142987955,한양대학교구리병원,구리시,0.09401500945889943,0.1636489647405354,0.06562418781945768,14.46184448614492,1.3861214588928357,0.37666666666666665,0.07666666666666666,0.4066666666666666,28.666666666666664,False,상대적 양호,1
20250630,31120540,교문1동,31120,구리시,구리시,동,10.023777536325047,14423,3443.0,1449.0,0.0,0.0,34,967236.8126536098,1955376.6976392139,True,0.536587851540843,좋은아침병원,구리시,0.7174360339774464,한양대학교구리병원,구리시,0.42671564351496766,0.23871593981834568,0.10046453581085765,3.3919348146731916,2.357345905844831,0.7783333333333333,0.09583333333333333,0.81,56.13888888888889,False,상대적 양호,1
20250630,31120550,교문2동,31120,구리시,구리시,동,1.1690332033285369,20051,3505.0,1256.0,0.0,0.0,33,967748.1390144137,1954439.750770612,True,1.6221677322905586,구리센트럴병원,구리시,1.8225842373708379,한양대학교구리병원,구리시,0.29774017184859997,0.1748042491646302,0.06264026731833824,28.228453996037537,1.6458032018353201,0.4583333333333333,0.3933333333333333,0.14166666666666672,33.11111111111111,False,상대적 양호,1
20250630,31120560,수택1동,31120,구리시,구리시,동,1.1912954886250993,16272,3202.0,1232.0,0.0,0.0,36,968998.8287693074,1955272.0173324626,True,0.576568667663279,구리센트럴병원,구리시,2.012541077755091,한양대학교구리병원,구리시,0.20676463761232836,0.19677974434611603,0.07571288102261553,30.21920282897101,2.212389380530974,0.5883333333333334,0.24083333333333334,0.11499999999999999,31.472222222222225,False,상대적 양호,1
20250630,31120570,수택2동,31120,구리시,구리시,동,0.629838725179492,23693,5105.0,1978.0,0.0,0.0,28,968709.351494898,1955048.8340505713,True,0.467631820452495,구리센트럴병원,구리시,1.8116680936433116,한양대학교구리병원,구리시,0.2798032776954161,0.21546448318068628,0.08348457350272233,44.45582477009577,1.1817836491790823,0.695,0.19833333333333333,0.036666666666666625,30.999999999999993,False,상대적 양호,1
20250630,31120580,수택3동,31120,구리시,구리시,동,6.667483498362086,20320,3521.0,1439.0,0.0,0.0,71,968809.6081600622,1954442.5510425172,True,1.2581573886393898,구리센트럴병원,구리시,2.430846261521681,한양대학교구리병원,구리시,0.29593479250051474,0.1732775590551181,0.07081692913385827,10.64869527122814,3.4940944881889764,0.44666666666666666,0.405,0.5266666666666666,45.944444444444436,False,도시 외곽형,1
20250630,31130110,와부읍,31130,남양주시,남양주시,읍,50.052291793884606,55808,11796.0,5196.0,0.0,0.0,192,976009.1755618132,1954614.876909514,True,5.823549009072097,미사튼튼병원,하남시,9.708524737906716,강동경희대학교병원,강동구,1.1958370076164349,0.21136754587155962,0.09310493119266056,3.835988185928753,3.4403669724770642,0.6716666666666666,0.8366666666666667,0.7816666666666667,76.33333333333333,True,병원 원거리형,0
20250630,31130111,화도읍,31130,남양주시,남양주시,읍,71.53787992855463,110560,20537.0,8616.0,0.0,0.0,304,982769.8488501862,1961534.2537193531,True,0.1781266987642126,원병원,남양주시,12.243939728101584,남양주 한양병원,남양주시,0.1034638487194338,0.1857543415340087,0.07793053545586107,4.249496914132861,2.7496382054992763,0.5283333333333333,0.44583333333333336,0.765,57.97222222222223,False,도시 외곽형,0
20250630,31130120,진접읍,31130,남양주시,남양주시,읍,66.12791344580663,96296,17529.0,7451.0,0.0,0.0,278,973206.6058083519,1969129.368785947,True,1.7387030832401316,남양주백병원,남양주시,2.033062053050298,현대병원,남양주시,0.7824256374319859,0.18203248317687132,0.07737600731079172,4.203973564474063,2.8869319597906453,0.49833333333333335,0.42833333333333334,0.7683333333333333,56.49999999999999,False,도시 외곽형,0
20250630,31130140,진건읍,31130,남양주시,남양주시,읍,31.214818858629343,20049,4873.0,1959.0,0.0,0.0,135,971610.1942173962,1962104.212662144,True,4.45767648293567,엘병원,남양주시,4.625531731210737,남양주 한양병원,남양주시,0.1602213203412817,0.2430545164347349,0.09771060900793058,4.324868922398991,6.733502917851265,0.79,0.7083333333333334,0.76,75.27777777777777,True,병원 원거리형,0
20250630,31130150,오남읍,31130,남양주시,남양주시,읍,25.28392005663052,50522,9266.0,4224.0,0.0,0.0,121,974151.9915737753,1966199.4921933438,True,1.843865681311201,남양주 한양병원,남양주시,1.843865681311201,남양주 한양병원,남양주시,0.6933571918514231,0.18340524919836904,0.08360714144333162,4.785650315654618,2.394996239262104,0.51,0.4175,0.7433333333333334,55.69444444444444,False,도시 외곽형,0
20250630,31130160,퇴계원읍,31130,남양주시,남양주시,읍,3.2844720822871807,26243,6149.0,2370.0,0.0,0.0,43,968666.4540401055,1961401.9033420223,True,0.593214144532243,엘병원,남양주시,7.388644666106519,한양대학교구리병원,구리시,0.25836682071679556,0.23431010174141675,0.09030979689822048,13.091906072788552,1.6385321800099075,0.7683333333333333,0.47,0.44833333333333336,56.222222222222214,False,도시 외곽형,1
20250630,31130310,별내면,31130,남양주시,남양주시,면,22.27436475112023,17329,4301.0,1928.0,0.0,0.0,113,966911.2932493438,1967586.165656056,True,6.441853100716406,현대병원,남양주시,6.441853100716406,현대병원,남양주시,0.6292238763967865,0.24819666455075307,0.11125858387673841,5.0730964165573775,6.520860984476888,0.81,0.8,0.7333333333333334,78.11111111111111,True,병원 원거리형,0
20250630,31130340,수동면,31130,남양주시,남양주시,면,72.84540355427865,9490,3631.0,1889.0,0.0,0.0,151,983636.9964991679,1968575.7448656163,True,9.400789383500216,원병원,남양주시,13.535141554823232,남양주 한양병원,남양주시,2.4254611669191806,0.3826132771338251,0.19905163329820863,2.072883018452725,15.911485774499473,0.9683333333333334,0.8966666666666667,0.9,92.16666666666666,True,고령 고립형,2
20250630,31130350,조안면,31130,남양주시,남양주시,면,50.94181660681591,3456,1186.0,468.0,0.0,1.0,88,983129.1921210061,1951488.1023910632,True,11.906907879877576,청봉병원,하남시,17.421128865979497,강동경희대학교병원,강동구,0.615340622729374,0.3431712962962963,0.13541666666666666,1.7274609713903641,25.462962962962962,0.9333333333333333,0.9308333333333333,0.92,92.80555555555556,True,고령 고립형,2
20250630,31130510,호평동,31130,남양주시,남양주시,동,9.208547765185155,54395,8399.0,3646.0,0.0,0.0,53,977807.9333658814,1961921.9149902372,True,1.4804710521696862,혜성병원,남양주시,6.271202191646551,남양주 한양병원,남양주시,0.12895255824189103,0.1544075742255722,0.06702821950546925,5.7555220813837344,0.9743542605018843,0.31833333333333336,0.6008333333333333,0.6966666666666667,53.861111111111114,False,도시 외곽형,0
20250630,31130520,평내동,31130,남양주시,남양주시,동,7.334524270252328,36768,5604.0,2357.0,0.0,0.0,45,976795.4627910715,1960640.1874593033,True,0.7592171774359562,혜성병원,남양주시,6.5606404930798945,남양주 한양병원,남양주시,0.19974690058789843,0.15241514360313316,0.06410465622280244,6.13536724972237,1.2238903394255873,0.30833333333333335,0.48916666666666664,0.6816666666666666,49.30555555555555,False,도시 외곽형,0
20250630,31130530,금곡동,31130,남양주시,남양주시,동,6.984659768390565,16723,5058.0,2070.0,0.0,0.0,46,974003.4452379169,1959281.4610078149,True,0.1340035766849942,남양주양병원,남양주시,7.171844983155627,남양주 한양병원,남양주시,0.3600649233523576,0.3024576929976679,0.12378161813071817,6.585861233810608,2.7507026251270705,0.8966666666666666,0.4008333333333334,0.665,65.41666666666667,False,병원 원거리형,1
20250630,31130540,양정동,31130,남양주시,남양주시,동,12.408121861183979,2384,701.0,259.0,0.0,0.0,53,972744.0802702131,1956925.9777245577,True,3.582081464509774,남양주양병원,남양주시,6.896244956294007,한양대학교구리병원,구리시,2.293397884332663,0.2940436241610738,0.10864093959731544,4.2713958319347745,22.231543624161073,0.8866666666666667,0.7441666666666666,0.7633333333333333,79.80555555555556,True,병원 원거리형,2
20250630,31130570,별내동,31130,남양주시,남양주시,동,18.687403097045504,80488,12390.0,4470.0,0.0,0.0,262,966263.4176235264,1962226.6679801387,True,1.3910336183179652,의료법인혜수의료재단베리굿병원,남양주시,5.91511376381613,한국원자력의학원원자력병원,노원구,0.832911187974312,0.15393599045820494,0.0555362290030812,14.020139590258127,3.255143623894245,0.31333333333333335,0.5791666666666666,0.42333333333333334,43.86111111111111,False,도시 외곽형,0
20250630,31130580,다산1동,31130,남양주시,남양주시,동,5.585416418778158,102430,12835.0,4689.0,0.0,0.0,126,969538.5324303692,1957919.2484560348,True,0.8670957821697446,서울에이스병원,남양주시,3.747581798209513,한양대학교구리병원,구리시,0.3348980658757106,0.1253050864004686,0.0457776042175144,22.558747737480818,1.2301083666894463,0.16833333333333333,0.4091666666666667,0.2283333333333334,26.861111111111114,False,상대적 양호,1
20250630,31130590,다산2동,31130,남양주시,남양주시,동,5.5525849638113165,35444,4356.0,1502.0,0.0,0.0,68,970826.229392718,1955817.3596433755,True,2.989472536323627,구리센트럴병원,구리시,4.253795793452883,한양대학교구리병원,구리시,0.47001859748905506,0.1228980927660535,0.04237670691795509,12.246548309154468,1.9185193544746642,0.15666666666666668,0.6425000000000001,0.46499999999999997,42.138888888888886,False,도시 외곽형,0
20250630,31140510,중앙동,31140,오산시,오산시,동,3.678489093206886,36088,4849.0,1804.0,0.0,0.0,49,962608.2060389364,1906282.1969409494,True,0.9387808519571861,버팀병원,오산시,1.954175952063661,오산한국병원,오산시,0.12488607053042948,0.13436599423631124,0.0499889159831523,13.320686498836965,1.357792063843937,0.21666666666666667,0.30666666666666664,0.44166666666666665,32.166666666666664,False,상대적 양호,1
20250630,31140530,남촌동,31140,오산시,오산시,동,5.770153362662588,33837,3295.0,1077.0,0.0,0.0,62,960320.2345720413,1906730.2642026863,True,1.8469905592717653,조은오산병원,오산시,3.570763779136999,오산한국병원,오산시,0.29457528133658006,0.0973786092147649,0.03182906286018264,10.744948375408628,1.8323137393977005,0.06833333333333333,0.5383333333333333,0.5233333333333333,37.666666666666664,False,도시 외곽형,0
20250630,31140550,세마동,31140,오산시,오산시,동,13.717010334070945,32323,4086.0,1796.0,0.0,0.0,97,958622.3371220782,1910095.6750652422,True,3.2083828593080064,삼성본병원,오산시,4.2802787730598,의료법인 원광의료재단 원광종합병원,화성병점구,1.048191658059715,0.12641153358289764,0.055564149367323575,7.071511768061216,3.000959069393311,0.17333333333333334,0.6583333333333333,0.6433333333333333,49.166666666666664,False,도시 외곽형,0
20250630,31140560,초평동,31140,오산시,오산시,동,6.477042437440807,19947,2507.0,972.0,0.0,1.0,58,959810.1401394927,1904989.8157139132,True,2.9073709427139987,조은오산병원,오산시,3.228934456657874,오산한국병원,오산시,0.08283559117132341,0.12568306010928962,0.04872913220033088,8.954704336153279,2.9077054193613074,0.17166666666666666,0.58,0.5700000000000001,44.05555555555555,False,도시 외곽형,0
20250630,31140571,신장1동,31140,오산시,오산시,동,3.3252885773023317,35965,5173.0,2047.0,0.0,0.0,47,960279.9501350606,1908324.940011574,True,1.4462807894045908,송호욱병원,오산시,5.25829877766888,오산한국병원,오산시,0.3628444001160938,0.14383428333101628,0.05691644654525233,14.134111643967197,1.3068260809119976,0.27166666666666667,0.5708333333333333,0.41833333333333333,42.02777777777777,False,도시 외곽형,0
20250630,31140572,신장2동,31140,오산시,오산시,동,3.614232302210301,23315,3076.0,1094.0,0.0,0.0,49,961480.811390941,1908009.9400777218,True,0.21800749307728287,송호욱병원,오산시,4.28564447509614,오산한국병원,오산시,0.05956088023199927,0.131932232468368,0.046922582028736864,13.55751260649013,2.1016512974479946,0.20666666666666667,0.32833333333333337,0.43833333333333335,32.44444444444444,False,도시 외곽형,1
20250630,31140581,대원1동,31140,오산시,오산시,동,2.6581477335158,48242,6273.0,2410.0,0.0,0.0,65,961882.0805622452,1904808.073751007,True,0.5273195612967264,오산한국병원,오산시,0.5273195612967264,오산한국병원,오산시,0.20281478776272624,0.1300319223912773,0.04995646946644003,24.453117928862337,1.3473736578085487,0.19166666666666668,0.07333333333333333,0.19833333333333336,15.444444444444445,False,상대적 양호,1
20250630,31140582,대원2동,31140,오산시,오산시,동,3.3898081581239596,24354,2188.0,804.0,0.0,0.0,50,963037.7782179648,1904305.3098368137,True,1.1778965269999218,오산한국병원,오산시,1.1778965269999218,오산한국병원,오산시,0.2455831992882558,0.08984150447565081,0.03301305740330131,14.750097252604341,2.0530508335386384,0.05333333333333334,0.2683333333333333,0.4016666666666666,24.111111111111107,False,상대적 양호,1
20250630,31150510,대야동,31150,시흥시,시흥시,동,9.381492722152574,42068,7114.0,2724.0,0.0,0.0,118,937436.3841950872,1939125.216145729,True,0.3667267603876952,삼성본어스병원,시흥시,0.7680964068155252,의료법인 록향의료재단 신천연합병원,시흥시,0.24008978491748684,0.16910715983645527,0.0647523057906247,12.577955715018135,2.804982409432348,0.41833333333333333,0.07416666666666666,0.45999999999999996,31.75,False,상대적 양호,1
20250630,31150520,신천동,31150,시흥시,시흥시,동,3.4395659145497297,33304,6392.0,2239.0,0.0,0.0,77,936653.1553439028,1937954.2452250128,True,0.5715070300076396,연세더바로병원,시흥시,1.0681978384758735,의료법인 록향의료재단 신천연합병원,시흥시,0.06203414498566571,0.19192889742973818,0.0672291616622628,22.386545835415397,2.3120345904395867,0.5666666666666667,0.13666666666666666,0.23333333333333328,31.222222222222218,False,상대적 양호,1
20250630,31150530,신현동,31150,시흥시,시흥시,동,12.757822769967811,9078,2071.0,758.0,0.0,0.0,65,935730.3612036956,1935684.4614051494,True,3.5340172057606782,연세더바로병원,시흥시,4.225371608820975,의료법인 록향의료재단 신천연합병원,시흥시,2.915871345536417,0.2281339502092972,0.08349856796651245,5.094913228690666,7.160167437761622,0.7416666666666667,0.665,0.73,71.22222222222221,False,병원 원거리형,0
20250630,31150540,은행동,31150,시흥시,시흥시,동,6.407948842261147,54064,6277.0,2107.0,0.0,0.0,76,938169.2931258169,1937782.6446591541,True,1.4506946400799643,연세더바로병원,시흥시,1.7033317269492507,의료법인 록향의료재단 신천연합병원,시흥시,0.07966593538957172,0.11610313702278781,0.038972329091447176,11.860269467005011,1.405741343592779,0.12166666666666667,0.3625,0.485,32.30555555555556,False,도시 외곽형,1
20250630,31150550,매화동,31150,시흥시,시흥시,동,11.17305241986555,11330,2378.0,958.0,0.0,0.0,64,940479.2339772946,1934634.0011059893,True,6.1218395702637105,아너스힐병원,시흥시,6.738022025974768,의료법인 록향의료재단 신천연합병원,시흥시,1.7519913315715316,0.20988526037069727,0.08455428067078552,5.7280676394401215,5.648720211827008,0.6533333333333333,0.8058333333333333,0.7033333333333334,72.08333333333333,False,병원 원거리형,0
20250630,31150560,목감동,31150,시흥시,시흥시,동,17.614454605848596,40528,5764.0,1987.0,0.0,0.0,106,943161.1774756066,1931604.375230978,True,6.045778557455605,아너스힐병원,시흥시,6.961956537828866,중앙대학교광명병원,광명시,0.2728617574348636,0.14222266087643112,0.04902783260955389,6.017784959677628,2.6154757204895382,0.25666666666666665,0.81,0.685,58.38888888888889,False,병원 원거리형,0
20250630,31150590,과림동,31150,시흥시,시흥시,동,7.624907794800974,1798,539.0,197.0,0.0,1.0,37,941084.4140872757,1937538.2347723967,True,5.069424885969921,삼성본어스병원,시흥시,5.298572699822316,의료법인 록향의료재단 신천연합병원,시흥시,1.3909211982517395,0.29977753058954393,0.10956618464961068,4.85251769539146,20.57842046718576,0.895,0.75,0.7416666666666667,79.55555555555556,True,병원 원거리형,2
20250630,31150611,정왕2동,31150,시흥시,시흥시,동,4.82532740680906,30051,3307.0,1251.0,0.0,0.0,74,931620.9099796994,1927657.5884573725,True,1.2183534511648582,의료법인 남촌의료재단 시화병원,시흥시,1.2183534511648582,의료법인 남촌의료재단 시화병원,시흥시,0.5043631777313424,0.11004625470034275,0.04162923030847559,15.335746937208443,2.462480449901834,0.095,0.2833333333333333,0.3833333333333333,25.38888888888889,False,상대적 양호,1
20250630,31150620,정왕3동,31150,시흥시,시흥시,동,6.094967920780367,24901,2947.0,1034.0,0.0,0.0,90,929587.9089580514,1927760.8419301468,True,2.9790213122384515,의료법인 석경의료재단 센트럴병원,시흥시,2.9790213122384515,의료법인 석경의료재단 센트럴병원,시흥시,1.7492196589219693,0.11834866069635758,0.041524436769607646,14.766279522678255,3.6143126782056947,0.13833333333333334,0.5725,0.4,37.02777777777778,False,도시 외곽형,0
20250630,31150640,정왕본동,31150,시흥시,시흥시,동,8.277897139132321,40955,4041.0,951.0,0.0,1.0,42,933556.7683158142,1928277.8393051876,True,1.4896396079946228,의료법인 남촌의료재단 시화병원,시흥시,1.4896396079946228,의료법인 남촌의료재단 시화병원,시흥시,0.7347775094686081,0.09866927115126359,0.02322060798437309,5.073752342421881,1.0255158100354047,0.07333333333333333,0.35083333333333333,0.7316666666666667,38.52777777777777,False,도시 외곽형,0
20250630,31150650,정왕1동,31150,시흥시,시흥시,동,6.655344967559645,43063,3972.0,1181.0,0.0,0.0,125,932290.1319196816,1926705.7968485237,True,0.8641921676963137,의료법인 석경의료재단 센트럴병원,시흥시,0.8641921676963137,의료법인 석경의료재단 센트럴병원,시흥시,0.49377662000154215,0.09223695515872095,0.027424935559529063,18.781896447034885,2.9027239161228895,0.055,0.17166666666666666,0.31000000000000005,17.888888888888886,False,상대적 양호,1
20250630,31150670,능곡동,31150,시흥시,시흥시,동,4.331445121424519,26130,3379.0,1428.0,0.0,0.0,50,938749.1556018335,1930218.949973768,True,0.08887110991234892,아너스힐병원,시흥시,5.042050195765647,대아의료재단한도병원,안산단원구,0.09346905768054904,0.12931496364332185,0.05464982778415614,11.543491513418061,1.9135093761959434,0.185,0.3441666666666667,0.5,34.30555555555556,False,도시 외곽형,1
20250630,31150680,군자동,31150,시흥시,시흥시,동,8.145886558021441,22554,3964.0,1499.0,0.0,0.0,44,935872.8656795886,1928920.2653563363,True,2.8837214585020705,일어나병원,시흥시,4.601462871446628,의료법인 남촌의료재단 시화병원,시흥시,1.9798896162673967,0.17575596346546069,0.06646271171410836,5.401499233582156,1.9508734592533477,0.46166666666666667,0.6458333333333333,0.7150000000000001,60.74999999999999,False,도시 외곽형,0
20250630,31150690,월곶동,31150,시흥시,시흥시,동,8.548915704631685,18354,3108.0,1340.0,0.0,0.0,72,933383.202254833,1932343.4059042586,True,2.997032503588194,모두병원,인천남동구,4.229998527059949,인천힘찬종합병원,인천남동구,0.5839845436536708,0.16933638443935928,0.07300860847771604,8.422120709529443,3.9228506047728016,0.42,0.6441666666666667,0.5866666666666667,55.027777777777764,False,도시 외곽형,0
20250630,31150700,연성동,31150,시흥시,시흥시,동,9.248500327866545,23763,3314.0,1510.0,0.0,0.0,57,938573.1773818446,1932407.7286012375,True,2.782219896624225,아너스힐병원,시흥시,7.887184039313525,대아의료재단한도병원,안산단원구,0.7685934042029804,0.13946050582838868,0.06354416529899423,6.163161375283082,2.398687034465345,0.24333333333333335,0.7183333333333333,0.6799999999999999,54.72222222222221,False,도시 외곽형,0
20250630,31150710,장곡동,31150,시흥시,시흥시,동,4.111005132079401,46291,4041.0,1407.0,0.0,0.0,46,937043.3887705674,1931272.311507546,True,0.7717034455906282,일어나병원,시흥시,6.74802196262393,대아의료재단한도병원,안산단원구,0.04889730269832036,0.08729558661510876,0.03039467715106608,11.189477639190537,0.9937136808450887,0.05,0.49666666666666665,0.5083333333333333,35.166666666666664,False,도시 외곽형,0
20250630,31150720,정왕4동,31150,시흥시,시흥시,동,1.0280421268791742,19736,2183.0,903.0,0.0,0.0,28,931861.9298602458,1929572.666514604,True,1.9850545421168195,의료법인 남촌의료재단 시화병원,시흥시,1.9850545421168195,의료법인 남촌의료재단 시화병원,시흥시,0.07202717250780628,0.11061005269558168,0.045753952168625864,27.236237959430277,1.4187271990271584,0.09833333333333333,0.44000000000000006,0.15000000000000002,22.944444444444446,False,상대적 양호,1
20250630,31150740,배곧1동,31150,시흥시,시흥시,동,2.588328185337768,35644,2558.0,857.0,0.0,0.0,37,931966.4108067477,1931047.2538041202,True,3.458409404066378,모두병원,인천남동구,3.81120291014935,의료법인 남촌의료재단 시화병원,시흥시,0.4616858336626626,0.07176523398047358,0.024043317248344742,14.29494150301177,1.0380428683649423,0.03,0.6366666666666667,0.4116666666666666,35.94444444444444,False,도시 외곽형,0
20250630,31150750,배곧2동,31150,시흥시,시흥시,동,2.427945585896841,36113,1864.0,475.0,0.0,0.0,34,930516.7215839538,1929503.9551325473,True,3.0339098927999193,의료법인 남촌의료재단 시화병원,시흥시,3.0339098927999193,의료법인 남촌의료재단 시화병원,시흥시,0.11296588687139301,0.0516157616370836,0.013153158142497162,14.003608728916793,0.9414892144103232,0.006666666666666667,0.5833333333333334,0.42500000000000004,33.83333333333333,False,도시 외곽형,0
20250630,31150760,거북섬동,31150,시흥시,시흥시,동,6.853310497292288,12257,418.0,91.0,0.0,1.0,66,928370.8407565139,1925203.740998529,True,4.663231307949661,의료법인 석경의료재단 센트럴병원,시흥시,4.663231307949661,의료법인 석경의료재단 센트럴병원,시흥시,0.45930295977438934,0.03410296157297871,0.0074243289548829245,9.630382284018257,5.384678143101901,0.0016666666666666668,0.72,0.55,42.388888888888886,False,도시 외곽형,0
20250630,31160510,군포1동,31160,군포시,군포시,동,3.3026475801826067,33873,6144.0,2331.0,0.0,0.0,95,951327.8056507686,1928375.947437794,True,0.8734448381499073,효산의료재단 지샘병원,군포시,0.8734448381499073,효산의료재단 지샘병원,군포시,0.43430560587017275,0.1813834027101231,0.06881587104773713,28.76480087371216,2.8045936291441564,0.495,0.1775,0.135,26.91666666666666,False,상대적 양호,1
20250630,31160520,군포2동,31160,군포시,군포시,동,3.2779733658604626,41182,6771.0,2595.0,0.0,0.0,78,950299.9760203859,1927371.644007396,True,2.2986368755556086,원광대학교 산본병원,군포시,2.2986368755556086,원광대학교 산본병원,군포시,0.3987615841839462,0.1644164926424166,0.06301296683016852,23.79519028810813,1.8940313729299207,0.38333333333333336,0.48750000000000004,0.21333333333333337,36.138888888888886,False,상대적 양호,1
20250630,31160540,산본1동,31160,군포시,군포시,동,0.6891567991169973,17348,4117.0,1481.0,0.0,0.0,32,950528.7816005638,1930632.643315287,True,1.0233576352528477,인산의료재단 메트로병원,안양만안구,1.0233576352528477,인산의료재단 메트로병원,안양만안구,0.269119080730591,0.23731842287295365,0.08537007147798018,46.43355480349458,1.8445930366612868,0.7766666666666666,0.22083333333333333,0.026666666666666616,34.13888888888888,False,상대적 양호,1
20250630,31160550,산본2동,31160,군포시,군포시,동,1.4048902404111416,24559,4638.0,1765.0,0.0,0.0,43,949785.9060771498,1930396.3077796965,True,1.0998309959413997,인산의료재단 메트로병원,안양만안구,1.0998309959413997,인산의료재단 메트로병원,안양만안구,0.12963879692329416,0.18885133759517897,0.07186774705810497,30.607373275947904,1.7508856223787612,0.5533333333333333,0.24083333333333334,0.10999999999999999,30.138888888888886,False,상대적 양호,1
20250630,31160560,금정동,31160,군포시,군포시,동,1.1898807877345026,19800,3638.0,1270.0,0.0,0.0,42,950780.1729311019,1929749.3952261026,True,1.049822990651035,효산의료재단 지샘병원,군포시,1.049822990651035,효산의료재단 지샘병원,군포시,0.39218067384653815,0.18373737373737373,0.06414141414141414,35.29765370862634,2.121212121212121,0.5116666666666667,0.23249999999999998,0.06833333333333336,27.083333333333336,False,상대적 양호,1
20250630,31160570,재궁동,31160,군포시,군포시,동,0.85242176282904,16770,3718.0,1572.0,0.0,0.0,28,950089.8247561388,1929097.949929639,True,0.32143202781129454,원광대학교 산본병원,군포시,0.32143202781129454,원광대학교 산본병원,군포시,0.3736390249239907,0.22170542635658916,0.09373881932021468,32.847589328401064,1.6696481812760884,0.72,0.03166666666666667,0.09166666666666667,28.111111111111107,False,상대적 양호,1
20250630,31160580,오금동,31160,군포시,군포시,동,1.0879147205398434,19553,3234.0,1316.0,0.0,0.0,30,949516.0508579665,1928243.6532181406,True,1.1672667821345402,원광대학교 산본병원,군포시,1.1672667821345402,원광대학교 산본병원,군포시,0.3448556232891623,0.1653966143302818,0.06730424998721424,27.57569084561467,1.5342914130823915,0.38666666666666666,0.26416666666666666,0.1466666666666666,26.583333333333332,False,상대적 양호,1
20250630,31160590,수리동,31160,군포시,군포시,동,2.9912768601396156,14547,3289.0,1527.0,0.0,0.0,30,948935.3345559747,1928538.7455195358,True,1.3739727926567151,원광대학교 산본병원,군포시,1.3739727926567151,원광대학교 산본병원,군포시,0.4913438100426885,0.22609472743521,0.10497009692720148,10.029161927391694,2.062280882656218,0.735,0.3208333333333333,0.5416666666666667,53.25,False,상대적 양호,1
20250630,31160600,궁내동,31160,군포시,군포시,동,1.6888268821707266,18808,2692.0,1131.0,0.0,0.0,20,948912.6899427811,1929349.422557136,True,0.5308741245070577,남천병원,군포시,1.2594587068614806,원광대학교 산본병원,군포시,0.13733828154737798,0.14313058273075288,0.06013398553806891,11.842540056144228,1.0633772862611655,0.26666666666666666,0.15666666666666668,0.4866666666666667,30.333333333333336,False,상대적 양호,1
20250630,31160610,광정동,31160,군포시,군포시,동,1.4889585140048418,22819,4246.0,1907.0,0.0,0.0,44,949390.3775552751,1929892.3072586705,True,0.41038883749802507,남천병원,군포시,1.2092235439530168,원광대학교 산본병원,군포시,0.3071089279707584,0.18607300933432666,0.08357070862000963,29.550856915182607,1.9282177133090845,0.5333333333333333,0.13166666666666665,0.1266666666666667,26.388888888888886,False,상대적 양호,1
20250630,31160630,대야동,31160,군포시,군포시,동,12.849888286741553,8855,1841.0,699.0,0.0,0.0,47,947506.6150518102,1925559.2962718469,True,4.145476268502258,근로복지공단안산병원,안산상록구,4.145476268502258,근로복지공단안산병원,안산상록구,1.1558064005061814,0.20790513833992094,0.07893845285149632,3.6576193466595623,5.307735742518351,0.6383333333333333,0.6783333333333332,0.7916666666666666,70.27777777777777,False,병원 원거리형,0
20250630,31160640,송부동,31160,군포시,군포시,동,5.553131343154547,19996,2657.0,839.0,0.0,0.0,67,949405.2753070544,1925199.2534593325,True,5.0767596174414225,원광대학교 산본병원,군포시,5.0767596174414225,원광대학교 산본병원,군포시,1.2968951383307175,0.132876575315063,0.04195839167833567,12.06526477760916,3.3506701340268057,0.20833333333333334,0.7433333333333334,0.47,47.38888888888889,False,도시 외곽형,0
20250630,31170510,고천동,31170,의왕시,의왕시,동,8.873287203518016,13940,2691.0,1119.0,0.0,0.0,66,953590.9175702322,1927563.0671130524,True,0.6329034476856823,의료법인 의왕시티의료재단 시티병원,의왕시,3.7817652376767015,효산의료재단 지샘병원,군포시,0.03369968664539146,0.1930416068866571,0.0802725968436155,7.43805519715769,4.734576757532281,0.5716666666666667,0.36333333333333334,0.63,52.166666666666664,False,도시 외곽형,1
20250630,31170520,부곡동,31170,의왕시,의왕시,동,11.20884796196465,29136,5599.0,2420.0,0.0,0.0,131,951843.2866355312,1924591.1034976214,True,5.074125267633488,의료법인 의왕시티의료재단 시티병원,의왕시,5.809979856344769,효산의료재단 지샘병원,군포시,0.35273101558307485,0.19216776496430532,0.08305875892366832,11.687195726494513,4.49615595826469,0.57,0.765,0.4933333333333333,60.944444444444436,False,병원 원거리형,0
20250630,31170530,오전동,31170,의왕시,의왕시,동,6.738431640308602,32874,6244.0,2107.0,0.0,0.0,65,952972.7156163792,1928868.7064073796,True,1.396474801332791,의료법인 의왕시티의료재단 시티병원,의왕시,2.4965820954428564,효산의료재단 지샘병원,군포시,0.18347153165886793,0.18993733649692765,0.06409320435602604,9.64616152090595,1.9772464561659668,0.5566666666666666,0.43083333333333335,0.5483333333333333,51.19444444444443,False,도시 외곽형,1
20250630,31170540,내손1동,31170,의왕시,의왕시,동,1.9947227649706927,19431,3556.0,1372.0,0.0,0.0,30,953515.3194886709,1931255.7601642488,True,2.136260860465961,의료법인 토마스의료재단 안양윌스기념병원,안양동안구,2.339219003198515,한림대학교성심병원,안양동안구,0.12062266376038454,0.1830065359477124,0.07060882095620401,15.039683973547458,1.543924656476764,0.5033333333333333,0.48083333333333333,0.3916666666666667,45.86111111111111,False,도시 외곽형,1
20250630,31170550,내손2동,31170,의왕시,의왕시,동,1.4097116180577656,20410,3185.0,1061.0,0.0,0.0,31,954015.8814956597,1932206.2961045357,True,1.5643564861899688,평촌서울나우병원,안양동안구,2.2020634435284467,한림대학교성심병원,안양동안구,0.11150446907385225,0.15605095541401273,0.051984321411073,21.99031319803574,1.5188633023027927,0.33166666666666667,0.425,0.245,33.38888888888889,False,상대적 양호,1
20250630,31170560,청계동,31170,의왕시,의왕시,동,23.638158104937922,35515,6392.0,2184.0,0.0,0.0,156,955892.6736306442,1932382.8056619964,True,3.6001149551261005,평촌서울나우병원,안양동안구,4.5773182801498855,한림대학교성심병원,안양동안구,0.8090376952652676,0.17998029001830212,0.06149514289736731,6.599498967197964,4.392510206954808,0.4866666666666667,0.6791666666666667,0.6616666666666666,60.916666666666664,False,도시 외곽형,0
20250630,31180510,천현동,31180,하남시,하남시,동,34.509633489702104,6228,1973.0,874.0,0.0,0.0,92,975897.763553043,1947471.8033773806,True,3.04713656338972,청봉병원,하남시,8.905566723237548,강동경희대학교병원,강동구,1.6082642389981854,0.3167951188182402,0.1403339755940912,2.665922256967852,14.771997430956969,0.9133333333333333,0.7475,0.8583333333333334,83.97222222222221,True,병원 원거리형,2
20250630,31180520,신장1동,31180,하남시,하남시,동,0.20742769094555488,6801,1541.0,608.0,0.0,0.0,9,974064.1198001395,1949034.2112975183,True,0.3143475124249253,청봉병원,하남시,5.9156818359931265,강동경희대학교병원,강동구,0.08308058834416104,0.2265843258344361,0.08939861785031614,43.38861392600807,1.3233348037053374,0.7366666666666667,0.3925,0.03833333333333333,38.916666666666664,False,상대적 양호,1
20250630,31180530,신장2동,31180,하남시,하남시,동,4.335268915029439,43458,9540.0,3543.0,0.0,0.0,60,974975.2853753936,1949072.9765605303,True,0.9224000553658233,청봉병원,하남시,7.032182704811335,강동경희대학교병원,강동구,0.10323206388995802,0.21952229739058401,0.08152699157807539,13.83997190854597,1.3806433798149937,0.7116666666666667,0.5291666666666667,0.43333333333333335,55.80555555555555,False,도시 외곽형,0
20250630,31180540,덕풍1동,31180,하남시,하남시,동,0.9381604280410353,13760,3399.0,1166.0,0.0,1.0,18,973475.7809587772,1948327.6154252673,True,0.8647436995379149,햇살병원,하남시,5.605527928538035,강동경희대학교병원,강동구,0.29441365043913403,0.2470203488372093,0.08473837209302326,19.18648395518626,1.308139534883721,0.8016666666666666,0.485,0.30166666666666664,52.944444444444436,False,상대적 양호,1
20250630,31180550,덕풍2동,31180,하남시,하남시,동,0.4860103557858185,17096,4236.0,1449.0,0.0,0.0,18,973414.6539696393,1949250.7022485514,True,0.3668252022958497,하남S병원,하남시,5.025768572404524,강동경희대학교병원,강동구,0.07704283234577418,0.2477772578380908,0.08475666822648573,37.036247861213226,1.0528778661675247,0.8066666666666666,0.3725,0.06000000000000005,41.30555555555555,False,상대적 양호,1
20250630,31180560,덕풍3동,31180,하남시,하남시,동,2.1688780694590113,26772,5183.0,1925.0,0.0,0.0,51,973932.5148019238,1950282.6620840058,True,1.2726274729078868,보바스병원,하남시,5.4288439033782785,강동경희대학교병원,강동구,0.06043562378909205,0.19359778873449873,0.07190348124906619,23.51446156340225,1.9049753473778577,0.5766666666666667,0.5541666666666667,0.21833333333333338,44.97222222222222,False,상대적 양호,1
20250630,31180590,춘궁동,31180,하남시,하남시,동,14.492956246925774,1247,334.0,123.0,0.0,1.0,49,973191.2458029819,1946636.73268235,True,3.005243638110636,햇살병원,하남시,5.84952804471966,한국보훈복지의료공단 중앙보훈병원,강동구,2.0144943623992333,0.2678428227746592,0.09863672814755413,3.380952730771806,39.29430633520449,0.8466666666666667,0.6966666666666667,0.8116666666666666,78.5,True,병원 원거리형,0
20250630,31180600,초이동,31180,하남시,하남시,동,6.148395413513236,3096,875.0,394.0,0.0,0.0,57,971089.0664664147,1948407.140184452,True,2.9227374583152415,한국보훈복지의료공단 중앙보훈병원,강동구,2.9227374583152415,한국보훈복지의료공단 중앙보훈병원,강동구,1.9992423597376912,0.2826227390180879,0.12726098191214472,9.270711489167187,18.410852713178294,0.8733333333333333,0.5666666666666667,0.5583333333333333,66.61111111111111,False,병원 원거리형,0
20250630,31180611,미사3동,31180,하남시,하남시,동,2.676723139554074,29277,3559.0,1297.0,0.0,0.0,57,972420.2924087568,1950440.04222973,True,0.27054656149498846,라이프재활의학과병원,하남시,3.455714808343533,강동경희대학교병원,강동구,0.3706980227993865,0.12156300167366875,0.04430098712299758,21.294693932931686,1.9469207910646582,0.145,0.29,0.26,23.166666666666664,False,상대적 양호,1
20250630,31180620,미사1동,31180,하남시,하남시,동,6.6482676864380545,52586,5353.0,1862.0,0.0,0.0,62,973184.7597201695,1951649.6033309624,True,0.5024860776300688,미사튼튼병원,하남시,4.683729888650483,강동경희대학교병원,강동구,0.13863747202743407,0.10179515460388697,0.035408663902939945,9.325737609283564,1.1790210322138972,0.085,0.3825,0.5566666666666666,34.138888888888886,False,도시 외곽형,0
20250630,31180630,미사2동,31180,하남시,하남시,동,5.142285261097928,45132,6440.0,2208.0,0.0,0.0,40,972185.1106430754,1952617.7621949294,True,1.8293582712182375,미사튼튼병원,하남시,4.164547225158595,강동경희대학교병원,강동구,0.17029635298537504,0.14269254630860587,0.048923158734379156,7.778642756870242,0.8862891075068687,0.26,0.565,0.615,48.0,False,도시 외곽형,0
20250630,31180650,위례동,31180,하남시,하남시,동,4.774159206236081,33895,3194.0,853.0,0.0,0.0,34,969284.7435548706,1942371.2037377264,True,1.5201597925892698,서울세계로병원,송파구,4.070924732944213,성남중앙병원,성남중원구,0.3942766416851764,0.09423218763829473,0.025165953680483848,7.121672849868239,1.0030978020356984,0.06166666666666667,0.535,0.64,41.22222222222222,False,도시 외곽형,0
20250630,31180660,감북동,31180,하남시,하남시,동,4.5064694314999905,2911,718.0,295.0,0.0,1.0,38,969873.4023749111,1946673.3666011058,True,2.097284428754696,한국보훈복지의료공단 중앙보훈병원,강동구,2.097284428754696,한국보훈복지의료공단 중앙보훈병원,강동구,1.3215522912006528,0.2466506355204397,0.10133974579182412,8.432321704965299,13.053933356234971,0.7983333333333333,0.45916666666666667,0.585,61.416666666666664,False,상대적 양호,0
20250630,31180670,감일동,31180,하남시,하남시,동,5.72693737059785,38613,3736.0,1256.0,0.0,0.0,46,969697.5075659908,1945504.1688979524,True,3.349952549823463,한국보훈복지의료공단 중앙보훈병원,강동구,3.349952549823463,한국보훈복지의료공단 중앙보훈병원,강동구,0.2925882021959708,0.0967549788931189,0.03252790510967809,8.032216352873776,1.1913086266283377,0.06666666666666667,0.6133333333333333,0.6033333333333333,42.77777777777777,False,도시 외곽형,0
20250630,31191110,포곡읍,31191,용인시 처인구,용인시,읍,41.750412879879015,31415,5243.0,2139.0,0.0,0.0,145,975352.8066283715,1920352.738640015,True,1.2306224587893495,용인제일메디병원,용인처인구,7.109053064928139,메디필드한강병원,용인처인구,0.7309033004967933,0.1668947954798663,0.06808849275823652,3.4730195463499376,4.615629476364794,0.4066666666666667,0.5833333333333333,0.8049999999999999,59.83333333333333,False,도시 외곽형,0
20250630,31191120,모현읍,31191,용인시 처인구,용인시,읍,50.248863021600194,29022,5134.0,2005.0,0.0,0.0,175,976312.0409400681,1925944.1421358103,True,8.274030604499798,용인제일메디병원,용인처인구,11.796556786802482,참조은병원,광주시,2.0144941803518583,0.17690028254427675,0.06908552132864723,3.4826658649922835,6.02990834539315,0.465,0.875,0.8016666666666666,71.38888888888889,False,병원 원거리형,0
20250630,31191130,이동읍,31191,용인시 처인구,용인시,읍,75.85441970670608,20997,4420.0,1901.0,0.0,0.0,170,973986.9180693078,1908309.1135129877,True,6.700333173571317,(의)유일재단 하나애병원,용인처인구,8.425283203809515,(의)영문의료재단 다보스병원,용인처인구,2.7114210205475646,0.21050626279944754,0.09053674334428728,2.241135067110279,8.096394723055674,0.665,0.8358333333333333,0.8816666666666667,79.41666666666667,True,병원 원거리형,0
20250630,31191140,남사읍,31191,용인시 처인구,용인시,읍,58.73900326795054,23718,4104.0,1528.0,0.0,0.0,195,969402.6486624731,1903211.5387578607,True,9.481031493302698,오산한국병원,오산시,9.481031493302698,오산한국병원,오산시,1.7346865171199035,0.17303313938780673,0.06442364448941731,3.319770325527414,8.221603845180875,0.44333333333333336,0.8758333333333332,0.8183333333333334,71.24999999999999,False,병원 원거리형,0
20250630,31191340,원삼면,31191,용인시 처인구,용인시,면,59.940612094873835,8499,2343.0,946.0,0.0,0.0,149,983175.2886690641,1907081.1798253448,True,13.886633261065317,(의)유일재단 하나애병원,용인처인구,15.167855355287536,(의)영문의료재단 다보스병원,용인처인구,0.3988447833940402,0.27567949170490647,0.11130721261324862,2.4857937680743603,17.53147429109307,0.8616666666666667,0.925,0.8633333333333333,88.33333333333333,True,고령 고립형,2
20250630,31191350,백암면,31191,용인시 처인구,용인시,면,65.66206983942254,9209,2754.0,1197.0,0.0,0.0,187,988697.7615076032,1905681.6489783437,True,19.99224539485288,바른병원,이천시,20.413997858566837,경기도의료원 이천병원,이천시,1.9935798948124994,0.2990552720165056,0.12998153979802368,2.84791509706153,20.306222173960258,0.8933333333333333,0.9625,0.8483333333333334,90.13888888888889,True,고령 고립형,2
20250630,31191360,양지면,31191,용인시 처인구,용인시,면,57.646749907353275,21815,3933.0,1541.0,0.0,0.0,181,980523.5426844138,1915384.6865052152,True,7.501230473446291,새기준병원,용인처인구,7.992942139406008,(의)영문의료재단 다보스병원,용인처인구,0.24300043394083404,0.18028879211551685,0.0706394682557873,3.1398127438388697,8.297043318817327,0.48833333333333334,0.8366666666666667,0.8383333333333334,72.1111111111111,False,병원 원거리형,0
20250630,31191510,중앙동,31191,용인시 처인구,용인시,동,7.9667229483130235,30877,5152.0,2061.0,0.0,0.0,66,973743.2731394544,1914299.6557887073,True,1.060677484224043,(의)영문의료재단 다보스병원,용인처인구,1.060677484224043,(의)영문의료재단 다보스병원,용인처인구,1.075009423669807,0.16685558830197234,0.06674871263399941,8.284460301707327,2.1375133594584965,0.405,0.2341666666666667,0.5933333333333333,41.08333333333333,False,상대적 양호,1
20250630,31191530,유림동,31191,용인시 처인구,용인시,동,13.654248228464247,50169,6101.0,2381.0,0.0,0.0,104,974708.5841184509,1917503.3629944841,True,2.2621902843899453,(의)효심의료재단 용인서울병원,용인처인구,3.37551074298589,메디필드한강병원,용인처인구,0.5118858221918285,0.12160896170942215,0.04745958659730112,7.616677114687063,2.0729932827044593,0.14666666666666667,0.5575,0.62,44.138888888888886,False,도시 외곽형,0
20250630,31191540,동부동,31191,용인시 처인구,용인시,동,23.55673761642088,13358,2899.0,1109.0,0.0,0.0,79,976758.8073112684,1914386.576463885,True,2.709266011097576,새기준병원,용인처인구,3.101320783766117,(의)영문의료재단 다보스병원,용인처인구,2.743212132708948,0.21702350651295105,0.08302141039077707,3.353605294857589,5.914058990866896,0.7033333333333334,0.5666666666666667,0.815,69.5,False,병원 원거리형,0
20250630,31191550,역북동,31191,용인시 처인구,용인시,동,6.040955100098733,35039,3919.0,1445.0,0.0,0.0,52,972390.9526135428,1915470.586007954,True,0.7887248139024361,조은손병원,용인처인구,1.4617807641780678,메디필드한강병원,용인처인구,0.25191974837234576,0.11184679928080139,0.041239761408716005,8.607910361583405,1.4840606181683267,0.105,0.23583333333333334,0.5816666666666667,30.75,False,도시 외곽형,1
20250630,31191560,삼가동,31191,용인시 처인구,용인시,동,6.436544948177281,12155,1871.0,723.0,0.0,0.0,37,970558.3597263017,1915852.0922124148,True,3.2014690349422295,조은손병원,용인처인구,3.894920487786293,메디필드한강병원,용인처인구,0.46710432021806897,0.1539284245166598,0.05948169477581242,5.7484256379624545,3.044014808720691,0.31166666666666665,0.6308333333333334,0.6983333333333333,54.69444444444444,False,도시 외곽형,0
20250630,31192520,구갈동,31192,용인시 기흥구,용인시,동,4.242986571970811,40981,5029.0,2065.0,0.0,0.0,65,966031.304317823,1919721.7760179879,True,0.6815767084052036,강남병원,용인기흥구,0.6815767084052036,강남병원,용인기흥구,0.19971843466874337,0.1227154046997389,0.05038920475342232,15.319397998897827,1.5861008760157145,0.155,0.12166666666666667,0.385,22.055555555555557,False,상대적 양호,1
20250630,31192540,기흥동,31192,용인시 기흥구,용인시,동,11.733246875083953,20463,4099.0,1708.0,0.0,0.0,93,965298.8713592159,1914744.7239582725,True,3.9225628796257612,한림대학교동탄성심병원,화성동탄구,3.9225628796257612,한림대학교동탄성심병원,화성동탄구,0.2592663393715022,0.20031275961491474,0.083467722230367,7.926194768601472,4.544788154229585,0.605,0.6575,0.6066666666666667,62.30555555555555,False,도시 외곽형,0
20250630,31192550,서농동,31192,용인시 기흥구,용인시,동,4.232600473016323,27993,2461.0,876.0,0.0,0.0,50,962179.9280431268,1915645.8858425417,True,2.0205883229163293,시온여성병원,수원영통구,3.3115516987854368,한림대학교동탄성심병원,화성동탄구,0.2730439451711422,0.0879148358518201,0.03129353767013182,11.813068660451188,1.786160825920766,0.051666666666666666,0.5349999999999999,0.49,35.88888888888888,False,도시 외곽형,0
20250630,31192560,구성동,31192,용인시 기흥구,용인시,동,6.907461092322973,37380,8306.0,4069.0,0.0,0.0,58,967943.9869296408,1921542.7604866158,True,3.311576340300848,연세대학교 의과대학 용인세브란스병원,용인기흥구,3.311576340300848,연세대학교 의과대학 용인세브란스병원,용인기흥구,1.575710656232486,0.2222043873729267,0.1088550026752274,8.396717581871265,1.5516318887105403,0.7216666666666667,0.6066666666666667,0.5883333333333334,63.888888888888886,False,도시 외곽형,0
20250630,31192570,마북동,31192,용인시 기흥구,용인시,동,5.376912010783498,32043,6669.0,3222.0,0.0,0.0,58,965616.80192989,1922443.7157565644,True,3.83161187885528,강남병원,용인기흥구,3.83161187885528,강남병원,용인기흥구,0.2895807411967871,0.2081265799082483,0.1005523827356989,10.786860540711828,1.8100677214992353,0.64,0.6508333333333334,0.52,60.36111111111111,False,도시 외곽형,0
20250630,31192590,보정동,31192,용인시 기흥구,용인시,동,6.803373001683168,32758,6059.0,3013.0,0.0,0.0,103,965211.3018984138,1923838.1593276693,True,2.4686095850855563,서울예스병원,용인수지구,5.661553334439601,강남병원,용인기흥구,0.45754469411838505,0.18496245192014166,0.09197753220587337,15.139549158118715,3.1442701019598265,0.5216666666666666,0.6641666666666667,0.3883333333333333,52.47222222222221,False,도시 외곽형,0
20250630,31192600,상하동,31192,용인시 기흥구,용인시,동,5.514446731366749,23257,4960.0,2361.0,0.0,0.0,35,968040.9017372592,1918724.08638886,True,1.1786337502708206,연세대학교 의과대학 용인세브란스병원,용인기흥구,1.1786337502708206,연세대학교 의과대학 용인세브란스병원,용인기흥구,0.8917026656544887,0.21326912327471298,0.10151782259104786,6.346964927762625,1.5049232489143052,0.6816666666666666,0.2708333333333333,0.675,54.25,False,상대적 양호,1
20250630,31192610,신갈동,31192,용인시 기흥구,용인시,동,4.846720121312162,36674,6296.0,2773.0,0.0,0.0,98,965046.9446055868,1920564.0912465942,True,1.5380262452872286,강남병원,용인기흥구,1.5380262452872286,강남병원,용인기흥구,0.770159364547493,0.17167475595789933,0.07561215029721328,20.219859522952664,2.6721928341604406,0.43666666666666665,0.36083333333333334,0.2766666666666666,35.80555555555555,False,상대적 양호,1
20250630,31192630,영덕1동,31192,용인시 기흥구,용인시,동,3.617277939083433,33273,4073.0,1540.0,0.0,0.0,52,962542.8965248329,1919523.2994705471,True,2.6064964494240925,베데스다재활병원,수원영통구,3.52974748272292,아주대학교병원,수원영통구,0.4501426001728751,0.12241156493252787,0.04628377363027079,14.375450511601015,1.5628287199831694,0.15333333333333332,0.5825,0.41000000000000003,38.19444444444444,False,도시 외곽형,0
20250630,31192640,영덕2동,31192,용인시 기흥구,용인시,동,5.909208346399722,18818,2907.0,1400.0,0.0,0.0,38,964175.4044523257,1917383.6091639022,True,2.2496185269697087,시온여성병원,수원영통구,3.282790891030723,강남병원,용인기흥구,1.4129588028573523,0.15447975342756934,0.0743968540758848,6.430641428162217,2.01934318205973,0.32,0.5491666666666666,0.6699999999999999,51.30555555555555,False,도시 외곽형,0
20250630,31192650,상갈동,31192,용인시 기흥구,용인시,동,2.0051613126361305,12552,2185.0,1005.0,0.0,0.0,28,965047.1794188244,1918575.8803356595,True,1.3689676341088388,강남병원,용인기흥구,1.3689676341088388,강남병원,용인기흥구,0.1734580116799891,0.17407584448693436,0.08006692160611854,13.963963808572174,2.2307202039515617,0.4533333333333333,0.31666666666666665,0.42666666666666664,39.88888888888888,False,상대적 양호,1
20250630,31192660,보라동,31192,용인시 기흥구,용인시,동,10.14930338649028,31528,5644.0,2559.0,0.0,0.0,67,965781.0389194045,1917204.9381535463,True,2.993684545732849,강남병원,용인기흥구,2.993684545732849,강남병원,용인기흥구,0.517328380986994,0.17901547830499873,0.08116594772900279,6.601438290748465,2.1250951535143368,0.47833333333333333,0.5783333333333334,0.6599999999999999,57.22222222222222,False,도시 외곽형,0
20250630,31192670,동백1동,31192,용인시 기흥구,용인시,동,4.011537148787065,30532,4077.0,2034.0,0.0,0.0,29,969610.8200665002,1920488.7892841215,True,2.0018747364990004,연세대학교 의과대학 용인세브란스병원,용인기흥구,2.0018747364990004,연세대학교 의과대학 용인세브란스병원,용인기흥구,0.27755706306249167,0.1335320319664614,0.06661862963448185,7.229149057928701,0.9498231363815014,0.21,0.44583333333333336,0.6366666666666667,43.08333333333333,False,도시 외곽형,0
20250630,31192680,동백2동,31192,용인시 기흥구,용인시,동,4.661160484702938,25452,3501.0,1613.0,0.0,0.0,43,969571.9638520672,1918964.6601770618,True,0.9871927964642468,연세대학교 의과대학 용인세브란스병원,용인기흥구,0.9871927964642468,연세대학교 의과대학 용인세브란스병원,용인기흥구,0.328186661121767,0.13755304101838756,0.06337419456231337,9.225170457253725,1.6894546597516893,0.22833333333333333,0.21,0.5616666666666666,33.33333333333333,False,상대적 양호,1
20250630,31192690,동백3동,31192,용인시 기흥구,용인시,동,1.68623521035754,25784,4334.0,2319.0,0.0,0.0,15,968490.4505279145,1920523.4781446836,True,1.8325316429572012,연세대학교 의과대학 용인세브란스병원,용인기흥구,1.8325316429572012,연세대학교 의과대학 용인세브란스병원,용인기흥구,0.29582078322915223,0.1680887372013652,0.08993949736270555,8.895556152465517,0.5817561278312132,0.41333333333333333,0.4141666666666667,0.5716666666666667,46.638888888888886,False,도시 외곽형,1
20250630,31193510,풍덕천1동,31193,용인시 수지구,용인시,동,1.903558761678093,34043,5500.0,2452.0,0.0,0.0,45,964171.2232870243,1925362.9815789785,True,1.6550146368587042,서울예스병원,용인수지구,4.833516328885365,분당서울대학교병원,성남분당구,0.09676074790972622,0.1615603795200188,0.0720265546514702,23.639932165965813,1.3218576506183357,0.36,0.5775,0.21666666666666667,38.47222222222222,False,도시 외곽형,1
20250630,31193520,풍덕천2동,31193,용인시 수지구,용인시,동,1.4814697224990367,39714,4095.0,2028.0,0.0,0.0,48,963715.7401425578,1924518.0816315878,True,2.6865621303940816,서울예스병원,용인수지구,6.054177660596889,분당서울대학교병원,성남분당구,0.3558130946749351,0.10311225260613385,0.051065115576371056,32.40025717098731,1.2086417887898475,0.08666666666666667,0.6825,0.09666666666666668,28.86111111111111,False,도시 외곽형,0
20250630,31193530,신봉동,31193,용인시 수지구,용인시,동,6.65887625756285,39121,6364.0,3090.0,0.0,0.0,80,961562.5047574178,1925638.2576118151,True,4.503780908463952,광교참좋은병원,용인수지구,7.36491833286527,분당서울대학교병원,성남분당구,0.22249095906727137,0.16267477825208967,0.07898571099920759,12.0140391419858,2.0449375015976075,0.36666666666666664,0.7841666666666667,0.475,54.19444444444444,False,도시 외곽형,0
20250630,31193550,죽전2동,31193,용인시 수지구,용인시,동,1.1062483371579268,17261,2690.0,1182.0,0.0,0.0,34,965210.024342799,1926032.5541961612,True,0.45966732536262284,서울예스병원,용인수지구,3.312620608180936,분당서울대학교병원,성남분당구,0.42943180149387544,0.1558426510630902,0.06847807195411622,30.734509474924703,1.9697584149238168,0.33,0.30916666666666665,0.10666666666666669,24.86111111111111,False,상대적 양호,1
20250630,31193560,동천동,31193,용인시 수지구,용인시,동,16.609161717833693,48485,7193.0,2981.0,0.0,0.0,164,962801.3226993151,1927307.859778512,True,3.942847601073135,서울예스병원,용인수지구,5.114321536792282,분당서울대학교병원,성남분당구,0.9784407457885584,0.14835516139012064,0.0614829328658348,9.874068468121958,3.382489429720532,0.2866666666666667,0.71,0.5433333333333333,51.33333333333333,False,도시 외곽형,0
20250630,31193580,상현2동,31193,용인시 수지구,용인시,동,1.5653431685714156,31211,5293.0,2594.0,0.0,0.0,25,963227.5951610852,1923173.5829938296,True,2.267254473145419,광교참좋은병원,용인수지구,5.658689074010722,강남병원,용인기흥구,0.02359829402075044,0.16958764538143603,0.0831117234308417,15.970938834336136,0.8009996475601551,0.42333333333333334,0.6516666666666666,0.375,48.33333333333333,False,도시 외곽형,0
20250630,31193590,성복동,31193,용인시 수지구,용인시,동,4.976719879045651,51087,9749.0,4566.0,0.0,0.0,45,961800.7996267882,1924290.692891012,True,2.741967193636294,광교참좋은병원,용인수지구,5.91522698870194,아주대학교병원,수원영통구,0.07375217339010803,0.19083132695206217,0.08937694521111046,9.0421002374418,0.8808503141699453,0.5633333333333334,0.6808333333333334,0.5683333333333334,60.416666666666664,False,도시 외곽형,0
20250630,31193600,죽전1동,31193,용인시 수지구,용인시,동,2.3513476345099407,26919,4936.0,2419.0,0.0,0.0,43,966788.2232087122,1925888.3613422574,True,0.9084867277193731,바로웰병원,용인수지구,2.9287782538945186,분당서울대학교병원,성남분당구,0.08815687345443392,0.18336490954344514,0.08986217912998254,18.28738522917812,1.5973847468330917,0.5083333333333333,0.3775,0.32499999999999996,40.3611111111111,False,상대적 양호,1
20250630,31193610,죽전3동,31193,용인시 수지구,용인시,동,2.081491119627054,28472,3856.0,1702.0,0.0,0.0,53,966514.4997927551,1925197.5406693693,True,1.0392856901141052,바로웰병원,용인수지구,3.824977514487728,분당서울대학교병원,성남분당구,0.45389858284095935,0.13543130092722674,0.05977802753582467,25.462515549668137,1.8614779432424837,0.22333333333333333,0.4441666666666667,0.17833333333333334,28.194444444444443,False,상대적 양호,1
20250630,31193620,상현1동,31193,용인시 수지구,용인시,동,0.6720328987827932,18871,3086.0,1542.0,0.0,0.0,13,962795.44944599,1923099.159372397,True,1.766554630720944,광교참좋은병원,용인수지구,5.365604130266482,아주대학교병원,수원영통구,0.5077286665952331,0.16353134439086428,0.08171268083302421,19.344291066026685,0.6888877113030577,0.375,0.6091666666666666,0.29666666666666663,42.69444444444444,False,도시 외곽형,0
20250630,31193630,상현3동,31193,용인시 수지구,용인시,동,2.700834976617574,26536,3599.0,1645.0,0.0,0.0,25,962296.3601511854,1922376.4778532526,True,0.7014872578950326,광교참좋은병원,용인수지구,4.245284891157096,아주대학교병원,수원영통구,0.33896062623171164,0.13562707265601448,0.06199125716008441,9.256396713030234,0.9421163702140488,0.225,0.4083333333333333,0.56,39.77777777777778,False,도시 외곽형,0
20250630,31200110,문산읍,31200,파주시,파주시,읍,47.79968403307877,48190,8794.0,4077.0,0.0,0.0,248,936914.6874661981,1985332.7618149063,True,0.31334385179649743,무척조은병원,파주시,15.192054969603687,메디인병원,파주시,0.245395572155152,0.1824859929445943,0.0846026146503424,5.188318814584147,5.146295912014941,0.5,0.4716666666666666,0.725,56.55555555555556,False,도시 외곽형,0
20250630,31200120,파주읍,31200,파주시,파주시,읍,32.119020856759604,14539,3786.0,1753.0,0.0,0.0,162,939314.9460876791,1981384.8411667957,True,4.655305367937305,문산중앙병원,파주시,11.156740992124258,메디인병원,파주시,0.7642272966986059,0.2604030538551482,0.12057225393768485,5.0437403033693755,11.142444459729004,0.8366666666666667,0.8208333333333333,0.735,79.75,True,병원 원거리형,2
20250630,31200130,법원읍,31200,파주시,파주시,읍,71.56915080533848,10118,3100.0,1374.0,0.0,0.0,159,945075.1771007358,1983583.2401214733,True,10.586253156505869,문산중앙병원,파주시,17.56567553804589,경기도의료원파주병원,파주시,0.20309899314234373,0.3063846610001977,0.13579758845621664,2.2216275896924556,15.71456809646175,0.9,0.9216666666666666,0.885,90.2222222222222,True,고령 고립형,2
20250630,31200150,조리읍,31200,파주시,파주시,읍,27.396156446553036,28176,6580.0,2805.0,0.0,0.0,156,939473.2021360691,1971713.7305272017,True,4.142378503517887,경기도의료원파주병원,파주시,4.142378503517887,경기도의료원파주병원,파주시,0.43326125786115666,0.23353208404315728,0.09955281090289608,5.694229418799651,5.536626916524702,0.7616666666666667,0.6766666666666667,0.7050000000000001,71.44444444444444,False,병원 원거리형,0
20250630,31200310,월롱면,31200,파주시,파주시,면,27.15855826321955,10412,1631.0,677.0,0.0,0.0,141,937218.7075514448,1977232.4773867521,True,5.1099925385186165,메디인병원,파주시,5.1099925385186165,메디인병원,파주시,0.9921950721730876,0.15664617748751442,0.06502112946600076,5.191733619783282,13.542066845946984,0.33666666666666667,0.7450000000000001,0.7233333333333334,60.16666666666667,False,병원 원거리형,0
20250630,31200320,탄현면,31200,파주시,파주시,면,61.6975040310632,14346,3527.0,1747.0,0.0,0.0,213,930341.281547329,1978501.6126657806,True,4.503692091015938,파주한빛병원,파주시,9.033928647112802,메디인병원,파주시,1.0696987263123172,0.24585250243970444,0.12177610483758539,3.45232766454798,14.847344207444584,0.7933333333333333,0.8,0.8066666666666666,80.0,True,병원 원거리형,0
20250630,31200350,광탄면,31200,파주시,파주시,면,65.67707815450427,13289,3521.0,1694.0,0.0,0.0,214,944718.8512798722,1975612.232907762,True,9.03482074378586,국군고양병원,고양덕양구,11.074022890664084,경기도의료원파주병원,파주시,2.854180767329801,0.2649559786289412,0.12747385055308902,3.258366632823836,16.103544284746782,0.8433333333333334,0.8775,0.8233333333333334,84.80555555555556,True,병원 원거리형,2
20250630,31200360,파평면,31200,파주시,파주시,면,42.091800549740555,3776,1397.0,698.0,0.0,0.0,95,941924.4763885967,1992153.7984941811,True,11.314085693749947,무척조은병원,파주시,25.38803720774644,메디인병원,파주시,0.7635622261219414,0.3699682203389831,0.18485169491525424,2.256971637213214,25.158898305084747,0.955,0.9450000000000001,0.88,92.66666666666666,True,고령 고립형,2
20250630,31200370,적성면,31200,파주시,파주시,면,88.93965872592385,6903,1993.0,942.0,0.0,0.0,134,951005.9614119355,1997384.025637824,True,15.251851894320412,연천군보건의료원,연천군,31.035877261443147,경기도의료원포천병원,포천시,3.6377685336467276,0.28871505142691584,0.13646240764884832,1.5066394667977527,19.4118499203245,0.8783333333333333,0.9783333333333333,0.9416666666666667,93.27777777777777,True,고령 고립형,2
20250630,31200390,장단면,31200,파주시,파주시,면,144.42676316297928,501,185.0,103.0,0.0,1.0,31,932674.1547303771,1990285.7360328897,True,8.524504936304387,무척조은병원,파주시,21.795349969475208,메디인병원,파주시,0.5974192999039684,0.36926147704590817,0.2055888223552894,0.21464165865863694,61.87624750499002,0.9533333333333334,0.9133333333333333,0.9966666666666667,95.44444444444444,True,고령 고립형,2
20250630,31200511,교하동,31200,파주시,파주시,동,28.443143738384975,7897,1977.0,906.0,0.0,0.0,151,929992.3710161962,1970715.8469836337,True,3.5544191172438695,인본병원,파주시,8.064877465798865,메디인병원,파주시,1.3514858728457504,0.25034823350639485,0.11472711156135242,5.308836512196802,19.121185260225403,0.8183333333333334,0.7575000000000001,0.72,76.52777777777777,True,병원 원거리형,0
20250630,31200512,운정1동,31200,파주시,파주시,동,5.2638946707946825,50594,6154.0,2522.0,0.0,0.0,58,934853.1326390561,1970522.776551023,True,0.47638731257618727,운정와이즈병원,파주시,4.0055448474573545,경기도의료원파주병원,파주시,0.48768441789131356,0.12163497647942444,0.04984780804047911,11.018457554213148,1.1463809937937304,0.14833333333333334,0.3441666666666667,0.515,33.58333333333333,False,도시 외곽형,1
20250630,31200513,운정3동,31200,파주시,파주시,동,3.8807117499727224,66150,7936.0,3232.0,0.0,0.0,62,933467.7274133515,1968252.8136453573,True,1.659844466841666,일산중심재활병원,고양일산서구,5.394444059377892,인제대학교일산백병원,고양일산서구,0.05778231343231123,0.1199697656840514,0.04885865457294029,15.976450711763325,0.9372637944066514,0.14166666666666666,0.6008333333333333,0.3733333333333333,37.19444444444444,False,도시 외곽형,0
20250630,31200514,운정4동,31200,파주시,파주시,동,6.420784361846124,23275,3360.0,1397.0,0.0,0.0,77,935822.1042858895,1969342.9338884635,True,1.283356561056797,달리자병원,파주시,4.944689282600519,경기도의료원파주병원,파주시,0.5729763449247165,0.1443609022556391,0.060021482277121375,11.99230431371483,3.3082706766917296,0.27666666666666667,0.5383333333333333,0.4766666666666667,43.05555555555556,False,도시 외곽형,0
20250630,31200515,운정5동,31200,파주시,파주시,동,5.509605576981487,50287,5034.0,2095.0,0.0,0.0,94,931169.2323084029,1969877.2387866555,True,1.9800005914886833,인본병원,파주시,7.457767548974274,메디인병원,파주시,0.1438622648342104,0.10010539503251337,0.04166086662556923,17.061112394818505,1.8692703879730348,0.08166666666666667,0.6691666666666667,0.3533333333333334,36.80555555555556,False,도시 외곽형,0
20250630,31200516,운정6동,31200,파주시,파주시,동,2.967112071117923,23894,1843.0,669.0,0.0,1.0,42,931284.1069764895,1968478.7805053,True,2.8212458178640025,인본병원,파주시,6.5992129050077315,인제대학교일산백병원,고양일산서구,0.08677222203467426,0.07713233447727463,0.027998660751653134,14.15517816425977,1.757763455260735,0.03333333333333333,0.7033333333333334,0.41666666666666663,38.44444444444444,False,도시 외곽형,0
20250630,31200520,금촌2동,31200,파주시,파주시,동,2.7564720362129225,30287,5117.0,2389.0,0.0,0.0,31,936003.2858866721,1972743.0776608582,True,0.8710752104889459,경기도의료원파주병원,파주시,0.8710752104889459,경기도의료원파주병원,파주시,0.4972060548417095,0.16895037474824182,0.0788787268465018,11.246259563942631,1.0235414534288638,0.4166666666666667,0.17500000000000002,0.505,36.55555555555556,False,상대적 양호,1
20250630,31200530,금촌1동,31200,파주시,파주시,동,4.5073375551796255,21606,4957.0,2230.0,0.0,0.0,88,936338.7904071083,1973812.5159269567,True,1.0205814469007843,경기도의료원파주병원,파주시,1.0205814469007843,경기도의료원파주병원,파주시,0.2519947899484292,0.22942701101545868,0.10321207072109599,19.52372080472971,4.072942701101546,0.7466666666666667,0.21916666666666665,0.29000000000000004,41.86111111111111,False,상대적 양호,1
20250630,31200540,금촌3동,31200,파주시,파주시,동,16.95965009569814,24602,4657.0,1988.0,0.0,0.0,76,934738.4797346892,1975124.99084775,True,1.9941125495705116,메디인병원,파주시,1.9941125495705116,메디인병원,파주시,1.9674348952183571,0.18929355336964473,0.08080643850093489,4.4812245282865595,3.089179741484432,0.555,0.44416666666666665,0.7533333333333333,58.416666666666664,False,도시 외곽형,0
20250630,31200570,운정2동,31200,파주시,파주시,동,3.1874230591956514,61847,6741.0,2792.0,0.0,0.0,41,932737.9782888717,1970120.784624104,True,0.07909198690139924,기대플러스병원,파주시,5.850263130074399,메디인병원,파주시,0.07909198690139924,0.10899477743463709,0.0451436609698126,12.86305559022541,0.6629262534965318,0.09333333333333334,0.3691666666666667,0.45333333333333337,30.527777777777775,False,도시 외곽형,1
20250630,31210110,장호원읍,31210,이천시,이천시,읍,60.42113302821799,14831,3864.0,1597.0,0.0,0.0,82,1010503.5584792581,1903191.7128603945,True,1.8687112892666065,이천엘리야병원,이천시,25.126133398249593,세종여주병원,여주시,1.5985084338523228,0.26053536511361336,0.10767985975321961,1.357141051322295,5.528959611624301,0.8383333333333334,0.7441666666666666,0.9516666666666667,84.47222222222221,True,병원 원거리형,2
20250630,31210120,부발읍,31210,이천시,이천시,읍,41.93413163351949,37129,4738.0,1711.0,0.0,0.0,175,999742.9519730032,1918701.3108712672,True,5.472236377037902,바른병원,이천시,7.718239013105581,경기도의료원 이천병원,이천시,1.9573788199020155,0.12760914648926716,0.04608257696140483,4.173211491045067,4.713296883837432,0.18,0.81,0.7716666666666667,58.72222222222223,False,병원 원거리형,0
20250630,31210310,신둔면,31210,이천시,이천시,면,36.43134507187621,15290,3099.0,1206.0,0.0,0.0,121,991572.0069254496,1923602.86128568,True,5.237324070718501,경기도의료원 이천병원,이천시,5.237324070718501,경기도의료원 이천병원,이천시,0.5868074081318178,0.2026814911706998,0.07887508175277959,3.3213157450342945,7.913669064748202,0.6216666666666667,0.7533333333333333,0.8166666666666667,73.05555555555554,False,병원 원거리형,0
20250630,31210320,백사면,31210,이천시,이천시,면,32.53166891432008,12451,2609.0,1094.0,0.0,0.0,90,998327.312001555,1924989.8269546512,True,7.483353326359084,추새로병원,이천시,8.105314997555945,경기도의료원 이천병원,이천시,2.4401637246441163,0.20954140229700427,0.08786442855995502,2.7665349797158116,7.228335073488073,0.6466666666666666,0.8383333333333334,0.8533333333333333,77.94444444444444,True,병원 원거리형,0
20250630,31210330,호법면,31210,이천시,이천시,면,37.93651397482248,7183,1648.0,741.0,0.0,0.0,90,992736.5638448941,1913899.2833241276,True,8.089830875784399,바른병원,이천시,8.675104281880277,경기도의료원 이천병원,이천시,0.802381034403428,0.22943060002784352,0.10316023945426701,2.3723845596285087,12.529583739384659,0.7483333333333333,0.8475,0.8733333333333333,82.30555555555554,True,병원 원거리형,2
20250630,31210340,마장면,31210,이천시,이천시,면,51.44487717990302,17706,2459.0,1036.0,0.0,0.0,125,988193.4644189936,1917150.3068201507,True,8.749436488914133,경기도의료원 이천병원,이천시,8.749436488914133,경기도의료원 이천병원,이천시,1.1885765964062414,0.13887947588388116,0.05851123912797922,2.429785176916145,7.059753755788998,0.23833333333333334,0.8574999999999999,0.8666666666666667,65.41666666666666,False,병원 원거리형,0
20250630,31210350,대월면,31210,이천시,이천시,면,31.377496600392693,14439,2420.0,1094.0,0.0,0.0,88,999644.3810797512,1913715.6028376024,True,9.09966767960832,바른병원,이천시,11.357083120776064,경기도의료원 이천병원,이천시,1.1707612851031721,0.16760163446222037,0.07576701987672277,2.8045577096452834,6.094604889535287,0.41,0.8816666666666666,0.8516666666666667,71.44444444444444,False,병원 원거리형,0
20250630,31210360,모가면,31210,이천시,이천시,면,41.067977482491195,4794,1510.0,662.0,0.0,1.0,76,996731.2190067248,1908804.7420863782,True,13.88642125957762,바른병원,이천시,15.516047585050096,경기도의료원 이천병원,이천시,2.162452878059721,0.3149770546516479,0.1380892782644973,1.8505902812574986,15.853149770546517,0.9116666666666666,0.9299999999999999,0.91,91.72222222222221,True,고령 고립형,2
20250630,31210370,설성면,31210,이천시,이천시,면,51.75328434737972,5036,1761.0,845.0,0.0,0.0,86,1001857.9559177533,1904237.0484596626,True,10.970428706504464,이천엘리야병원,이천시,23.371555960175577,경기도의료원 이천병원,이천시,0.6143942175058087,0.34968228752978553,0.16779189833200953,1.6617302859997947,17.077045274027007,0.9383333333333334,0.9391666666666667,0.9233333333333333,93.3611111111111,True,고령 고립형,2
20250630,31210380,율면,31210,이천시,이천시,면,36.7703553955089,3012,1146.0,529.0,0.0,0.0,11,1004067.1085483414,1898794.4865436396,True,8.632127402077158,이천엘리야병원,이천시,26.463923564912566,국립소방병원,음성군,2.697318185756111,0.3804780876494024,0.1756308100929615,0.2991540299701191,3.652058432934927,0.9666666666666667,0.9283333333333333,0.995,96.33333333333333,True,고령 고립형,2
20250630,31210510,창전동,31210,이천시,이천시,동,1.1339561346430076,16456,3302.0,1217.0,0.0,0.0,21,995347.8304792795,1920255.8155784793,True,0.4452907951171759,추새로병원,이천시,1.683581970487209,경기도의료원 이천병원,이천시,0.012844657606707523,0.20065629557608167,0.07395478852698104,18.519234879055727,1.276130286825474,0.6066666666666667,0.17916666666666667,0.32166666666666666,36.916666666666664,False,상대적 양호,1
20250630,31210520,중리동,31210,이천시,이천시,동,22.01156687076585,15888,2848.0,1100.0,0.0,0.0,98,995526.3022714956,1917754.760710922,True,2.1747234290038904,바른병원,이천시,3.97231966971452,경기도의료원 이천병원,이천시,1.5502496755821733,0.17925478348439072,0.06923464249748237,4.452204632926719,6.168177240684794,0.48,0.5758333333333334,0.755,60.36111111111111,False,도시 외곽형,0
20250630,31210530,관고동,31210,이천시,이천시,동,7.757836099715434,9896,2078.0,786.0,0.0,0.0,35,993969.5127817485,1920935.1043856603,True,0.657309476124866,경기도의료원 이천병원,이천시,0.657309476124866,경기도의료원 이천병원,이천시,1.128382853910577,0.20998383185125302,0.07942603071948262,4.511567343022861,3.536782538399353,0.6583333333333333,0.11416666666666667,0.75,50.75000000000001,False,상대적 양호,1
20250630,31210540,증포동,31210,이천시,이천시,동,8.92957949971841,56078,4885.0,1629.0,0.0,0.0,72,996007.6358470384,1921127.7912272378,True,1.698754832957407,추새로병원,이천시,2.678674145873008,경기도의료원 이천병원,이천시,0.33504512406835923,0.08711080994329327,0.029048824851100254,8.063089645180996,1.2839259602696245,0.04833333333333333,0.4766666666666667,0.6016666666666667,37.55555555555555,False,도시 외곽형,0
20250630,31220110,공도읍,31220,안성시,안성시,읍,31.90717451049259,67384,9021.0,3683.0,0.0,0.0,134,970897.5420336965,1889408.805366036,True,3.7294246670432445,허리편한병원,안성시,6.317800916987686,의료법인백송의료재단 굿모닝병원,평택시,0.2963286413854877,0.13387451026950017,0.05465689184376113,4.199682424275282,1.9886026356405082,0.215,0.7358333333333333,0.77,57.36111111111111,False,도시 외곽형,0
20250630,31220310,보개면,31220,안성시,안성시,면,53.01102809773154,5202,1883.0,863.0,0.0,0.0,117,983201.7750750565,1893267.7838014546,True,6.5075842485913595,안성성모병원,안성시,6.5075842485913595,안성성모병원,안성시,0.384804443214243,0.3619761630142253,0.1658977316416763,2.207087924880421,22.491349480968857,0.9483333333333334,0.8033333333333333,0.8866666666666667,87.94444444444444,True,고령 고립형,2
20250630,31220320,금광면,31220,안성시,안성시,면,71.38824606644184,7152,2238.0,970.0,0.0,0.0,125,984886.4520612729,1888316.8308168196,True,7.103907517543056,안성성모병원,안성시,7.103907517543056,안성성모병원,안성시,1.5735566481880474,0.31291946308724833,0.13562639821029082,1.7509885294514884,17.477628635346758,0.9066666666666666,0.8225,0.9166666666666666,88.19444444444444,True,병원 원거리형,2
20250630,31220330,서운면,31220,안성시,안성시,면,36.33413975521778,3719,1219.0,570.0,0.0,0.0,84,978708.0699098975,1882772.2933978827,True,9.175915092376423,안성성모병원,안성시,9.175915092376423,안성성모병원,안성시,0.18326092965527346,0.3277762839472977,0.15326700726001613,2.3118752932064988,22.5867168593708,0.92,0.8674999999999999,0.8783333333333333,88.8611111111111,True,고령 고립형,2
20250630,31220340,미양면,31220,안성시,안성시,면,33.575888134880245,6330,1877.0,814.0,0.0,0.0,132,976760.3937492438,1885605.1968644122,True,6.568748680657108,안성성모병원,안성시,6.568748680657108,안성성모병원,안성시,2.94059469101949,0.29652448657187996,0.12859399684044234,3.9313926550425946,20.85308056872038,0.89,0.8083333333333333,0.7783333333333333,82.55555555555554,True,병원 원거리형,2
20250630,31220350,대덕면,31220,안성시,안성시,면,31.03322688014501,23378,2812.0,984.0,0.0,0.0,101,975713.4179604219,1892314.2488188737,True,4.22042148728617,경기도의료원 안성병원,안성시,4.22042148728617,경기도의료원 안성병원,안성시,2.2913934136900598,0.1202840277183677,0.042090854649670634,3.2545761480131343,4.320301137821883,0.14333333333333334,0.6875,0.825,55.194444444444436,False,도시 외곽형,0
20250630,31220360,양성면,31220,안성시,안성시,면,53.11816045699468,5690,2113.0,1059.0,0.0,0.0,124,974351.9138900184,1896097.54098339,True,8.69079899479732,경기도의료원 안성병원,안성시,8.69079899479732,경기도의료원 안성병원,안성시,1.9047966151517957,0.37135325131810193,0.18611599297012302,2.3344181901854903,21.792618629173987,0.9566666666666667,0.8558333333333333,0.8766666666666667,89.63888888888889,True,고령 고립형,2
20250630,31220380,원곡면,31220,안성시,안성시,면,38.08466120036877,6885,1399.0,535.0,0.0,0.0,93,968992.4075567649,1894300.7279732216,True,7.608490621394834,허리편한병원,안성시,8.847035203073114,의료법인백송의료재단 굿모닝병원,평택시,2.8026241487762187,0.20319535221496005,0.07770515613652869,2.4419279854089786,13.507625272331156,0.625,0.8475,0.865,77.91666666666666,True,병원 원거리형,0
20250630,31220390,일죽면,31220,안성시,안성시,면,55.412335632568706,8048,2588.0,1092.0,0.0,0.0,105,997730.9624804094,1899366.9664252913,True,16.220126653729483,이천엘리야병원,이천시,26.645525770975098,안성성모병원,안성시,0.2801314894330595,0.3215705765407555,0.13568588469184892,1.8948849349401191,13.046719681908549,0.915,0.9733333333333334,0.9066666666666666,93.16666666666666,True,고령 고립형,2
20250630,31220400,죽산면,31220,안성시,안성시,면,57.19128121689704,7919,2421.0,1163.0,0.0,0.0,99,993281.1308414212,1896519.1743039975,True,19.808672746239413,안성성모병원,안성시,19.808672746239413,안성성모병원,안성시,1.124516618982001,0.30572041924485416,0.14686197752241445,1.73103308569962,12.501578482131583,0.8983333333333333,0.96,0.9183333333333333,92.55555555555554,True,고령 고립형,2
20250630,31220410,삼죽면,31220,안성시,안성시,면,39.19911281029787,5549,1269.0,576.0,0.0,0.0,65,988231.6142263607,1897262.4001420285,True,14.837923956633686,경기도의료원 안성병원,안성시,14.837923956633686,경기도의료원 안성병원,안성시,0.8540674993017568,0.22868985402775274,0.10380248693458281,1.6582007943537964,11.713822310326185,0.745,0.9266666666666666,0.925,86.55555555555556,True,고령 고립형,2
20250630,31220420,고삼면,31220,안성시,안성시,면,27.751075684352646,1900,668.0,268.0,0.0,1.0,66,978924.3655276068,1898347.030580894,True,9.547615080435206,경기도의료원 안성병원,안성시,9.547615080435206,경기도의료원 안성병원,안성시,0.1346631124299181,0.35157894736842105,0.14105263157894737,2.378286187919335,34.73684210526316,0.94,0.8783333333333334,0.8716666666666667,89.66666666666666,True,고령 고립형,2
20250630,31220510,안성1동,31220,안성시,안성시,동,6.531805811046311,12296,2989.0,1261.0,0.0,0.0,57,980346.5289396424,1889756.8782591065,True,0.945822654872795,안성성모병원,안성시,0.945822654872795,안성성모병원,안성시,0.7497982163966862,0.2430871828236825,0.10255367599219259,8.726530097328373,4.635653871177619,0.7916666666666666,0.2008333333333333,0.5783333333333334,52.3611111111111,False,상대적 양호,1
20250630,31220520,안성2동,31220,안성시,안성시,동,10.121451683997432,29023,4030.0,1449.0,0.0,1.0,96,979232.7786391608,1889354.982885209,True,0.7386817359390367,안성성모병원,안성시,0.7386817359390367,안성성모병원,안성시,0.4532957242562237,0.13885539055232057,0.049925920821417495,9.484805440684092,3.30772146228853,0.23666666666666666,0.14166666666666666,0.5533333333333333,31.055555555555557,False,상대적 양호,1
20250630,31220530,안성3동,31220,안성시,안성시,동,8.23765617645923,25264,4213.0,1769.0,0.0,0.0,59,979109.1524777836,1891009.1680528375,True,0.5515357249184866,경기도의료원 안성병원,안성시,0.5515357249184866,경기도의료원 안성병원,안성시,0.46631974939262416,0.1667590246991767,0.07002058264724509,7.162231432844265,2.3353388220392652,0.40166666666666667,0.08083333333333334,0.6383333333333333,37.361111111111114,False,상대적 양호,1
20250630,31230110,통진읍,31230,김포시,김포시,읍,29.39198333506676,40466,8082.0,3435.0,0.0,0.0,154,920574.4782473047,1966266.8052403163,True,10.217022428642778,의료법인인봉의료재단뉴고려병원,김포시,10.217022428642778,의료법인인봉의료재단뉴고려병원,김포시,0.2675934609415028,0.19972322443532842,0.08488607720061286,5.239523928834937,3.8056640142341718,0.6016666666666667,0.8825000000000001,0.7216666666666667,73.52777777777779,False,병원 원거리형,0
20250630,31230120,고촌읍,31230,김포시,김포시,읍,24.932291255252373,48369,6710.0,2325.0,0.0,0.0,143,935336.6415746276,1956022.686383395,True,4.022875192321052,히즈메디병원,김포시,6.567238279972435,우리들병원,강서구,0.16812241048022913,0.1387252165643284,0.04806797742355641,5.73553383184848,2.9564390415348676,0.235,0.7516666666666667,0.7016666666666667,56.27777777777777,False,도시 외곽형,0
20250630,31230130,양촌읍,31230,김포시,김포시,읍,36.38132401294516,35706,6682.0,2615.0,0.0,0.0,194,922721.6252882243,1960608.674384317,True,4.147862146585045,의료법인인봉의료재단뉴고려병원,김포시,4.147862146585045,의료법인인봉의료재단뉴고려병원,김포시,0.1928364456915408,0.18713941634459194,0.0732369909819078,5.332406262371626,5.433260516439813,0.5383333333333333,0.6799999999999999,0.7183333333333333,64.55555555555554,False,병원 원거리형,0
20250630,31230340,대곶면,31230,김포시,김포시,면,43.17595161769186,17433,3040.0,1338.0,0.0,0.0,191,918874.0748823021,1961384.279770404,True,9.219636673369253,의료법인인봉의료재단뉴고려병원,김포시,9.219636673369253,의료법인인봉의료재단뉴고려병원,김포시,0.21176028819841414,0.1743819193483623,0.07675098950266736,4.4237588945633215,10.9562324327425,0.455,0.8691666666666666,0.7566666666666666,69.3611111111111,False,병원 원거리형,0
20250630,31230350,월곶면,31230,김포시,김포시,면,51.95088521737593,7325,1995.0,902.0,0.0,0.0,106,916867.7394565591,1969595.1534380792,True,8.34306238864013,비에스종합병원,인천강화군,8.34306238864013,비에스종합병원,인천강화군,1.1079598538079198,0.27235494880546074,0.12313993174061433,2.040388716312891,14.47098976109215,0.8566666666666667,0.8466666666666667,0.9033333333333333,86.88888888888889,True,병원 원거리형,2
20250630,31230360,하성면,31230,김포시,김포시,면,56.22626381055219,9403,2686.0,1164.0,0.0,0.0,136,924049.4037537542,1969258.520532953,True,11.263460262409975,인본병원,파주시,11.644713105487742,의료법인인봉의료재단뉴고려병원,김포시,0.45200637754514333,0.28565351483569074,0.12379027969796873,2.418798454370649,14.463469105604593,0.875,0.8975,0.87,88.08333333333334,True,고령 고립형,2
20250630,31230530,사우동,31230,김포시,김포시,동,3.2942313390383466,20889,4040.0,1589.0,0.0,0.0,56,931119.6702356925,1957978.067056416,True,1.6932436625687646,연세하나병원,김포시,2.21245763078744,의료법인우리의료재단김포우리병원,김포시,0.14822208511541018,0.19340322657858203,0.07606874431518981,16.999413288426656,2.680836804059553,0.5733333333333334,0.4391666666666667,0.355,45.58333333333333,False,상대적 양호,1
20250630,31230540,풍무동,31230,김포시,김포시,동,4.423828104808583,57975,8762.0,3467.0,0.0,0.0,84,931486.1018385373,1956630.512060073,True,1.2386418004202062,연세하나병원,김포시,4.008437598853072,의료법인우리의료재단김포우리병원,김포시,0.07427989808085718,0.1511341095299698,0.05980163863734368,18.988079556864847,1.4489003880983182,0.3016666666666667,0.4883333333333334,0.30500000000000005,36.50000000000001,False,도시 외곽형,1
20250630,31230560,장기동,31230,김포시,김포시,동,3.6881923988743717,39584,4961.0,1841.0,0.0,0.0,61,927348.8903448792,1960330.0990967492,True,1.882614289778027,의료법인인봉의료재단뉴고려병원,김포시,1.882614289778027,의료법인인봉의료재단뉴고려병원,김포시,0.18966382796479533,0.1253284155214228,0.04650869037995149,16.53926731659039,1.5410266774454324,0.17,0.4225,0.3616666666666667,31.805555555555554,False,도시 외곽형,1
20250630,31230600,운양동,31230,김포시,김포시,동,7.933022920057367,47997,5625.0,2096.0,0.0,0.0,69,927880.7833155836,1961683.5273457435,True,2.9905139122488236,의료법인인봉의료재단뉴고려병원,김포시,2.9905139122488236,의료법인인봉의료재단뉴고려병원,김포시,0.2096757958700247,0.11719482467654228,0.043669396003916915,8.697819317469088,1.4375898493655854,0.13,0.575,0.5800000000000001,42.833333333333336,False,도시 외곽형,0
20250630,31230610,김포본동,31230,김포시,김포시,동,11.751214375621368,56280,9277.0,3718.0,0.0,0.0,114,929817.217992009,1958920.1094530823,True,1.0326708499340793,의료법인우리의료재단김포우리병원,김포시,1.0326708499340793,의료법인우리의료재단김포우리병원,김포시,0.29455518429006966,0.16483653162757642,0.06606254442075338,9.701125037468481,2.0255863539445627,0.385,0.22416666666666665,0.5466666666666666,38.52777777777777,False,상대적 양호,1
20250630,31230620,장기본동,31230,김포시,김포시,동,2.5287447027624723,37872,4824.0,1952.0,0.0,0.0,52,926278.7383519118,1961304.3329928573,True,1.1542634365142788,의료법인인봉의료재단뉴고려병원,김포시,1.1542634365142788,의료법인인봉의료재단뉴고려병원,김포시,0.17540029107404262,0.12737642585551331,0.05154203633291086,20.56356260210599,1.3730460498521335,0.17833333333333334,0.2625,0.2716666666666666,23.749999999999996,False,상대적 양호,1
20250630,31230630,구래동,31230,김포시,김포시,동,2.1189322965271677,45054,4409.0,1612.0,0.0,0.0,57,923101.8981927236,1961047.6388085843,True,3.720585506967585,의료법인인봉의료재단뉴고려병원,김포시,3.720585506967585,의료법인인봉의료재단뉴고려병원,김포시,0.10926666403117435,0.09786034536334176,0.03577928707772895,26.900340371148417,1.26514848848049,0.07,0.6416666666666666,0.15166666666666662,28.777777777777775,False,도시 외곽형,0
20250630,31230640,마산동,31230,김포시,김포시,동,3.0320454798128944,35183,4614.0,1799.0,0.0,0.0,45,924082.1934917785,1960397.5453868264,True,2.3800363362204684,의료법인인봉의료재단뉴고려병원,김포시,2.3800363362204684,의료법인인봉의료재단뉴고려병원,김포시,0.6077408152430797,0.13114288150527242,0.05113264929085069,14.841466033278934,1.2790268027172214,0.20166666666666666,0.5016666666666667,0.3983333333333333,36.72222222222222,False,도시 외곽형,1
20250630,31240120,봉담읍,31240,화성시,화성시,읍,42.7599065579669,108945,12681.0,4878.0,0.0,0.0,280,951378.0868129642,1913182.6262675095,True,0.7039780832382668,나이스병원,화성효행구,6.482162353418213,의료법인 명인의료재단 화홍병원,수원권선구,0.22942850705425497,0.11639818256918628,0.044774886410574144,6.548190174841045,2.570104181008766,0.125,0.4766666666666667,0.6666666666666667,42.27777777777778,False,도시 외곽형,0
20250630,31240130,우정읍,31240,화성시,화성시,읍,91.29360830841199,21019,4375.0,1856.0,0.0,0.0,193,937214.0976584931,1898787.741233131,True,15.061254042318803,의료법인 은혜와감사의료재단 화성중앙종합병원,화성만세구,15.061254042318803,의료법인 은혜와감사의료재단 화성중앙종합병원,화성만세구,2.6072730230777514,0.20814501165612065,0.08830106094485941,2.114058186286154,9.182168514201438,0.6416666666666667,0.9299999999999999,0.895,82.22222222222221,True,병원 원거리형,2
20250630,31240140,향남읍,31240,화성시,화성시,읍,49.967110912800926,99417,9786.0,3721.0,0.0,0.0,311,948138.5379380039,1902734.4864743168,True,1.3943894576202693,에이비씨병원,화성만세구,1.506093109024946,의료법인 은혜와감사의료재단 화성중앙종합병원,화성만세구,0.8491887835783065,0.09843386945894565,0.03742820644356599,6.224094095468822,3.1282376253558244,0.07166666666666667,0.33999999999999997,0.6766666666666667,36.27777777777778,False,도시 외곽형,0
20250630,31240150,남양읍,31240,화성시,화성시,읍,74.34388033150641,64940,8420.0,3160.0,0.0,0.0,272,939857.2409448198,1911818.7534480407,True,0.7021956692153782,화성디에스병원,화성만세구,2.4168336434064015,화성유일병원,화성만세구,0.5050212679021673,0.12965814598090544,0.0486603018170619,3.658673703701316,4.18848167539267,0.19,0.305,0.79,42.83333333333333,False,도시 외곽형,0
20250630,31240310,매송면,31240,화성시,화성시,면,27.48861821118181,6442,1992.0,880.0,0.0,1.0,98,947552.9438387593,1917478.602780054,True,6.022981262184253,세인트마리여성병원,수원권선구,6.4266615898017925,의료법인 명인의료재단 화홍병원,수원권선구,0.3475099335871529,0.3092207389009624,0.13660353927351754,3.5651119036654815,15.212666873641727,0.9033333333333333,0.7949999999999999,0.7966666666666666,83.16666666666666,True,병원 원거리형,2
20250630,31240330,비봉면,31240,화성시,화성시,면,38.70938825534535,8137,2187.0,918.0,0.0,0.0,104,944271.0925308539,1915364.533474491,True,5.177925250266336,화성유일병원,화성만세구,5.177925250266336,화성유일병원,화성만세구,0.13923616184816434,0.26877227479415017,0.11281799188890254,2.686686736405314,12.781123264102249,0.8516666666666667,0.7483333333333333,0.8566666666666667,81.88888888888887,True,병원 원거리형,2
20250630,31240350,마도면,31240,화성시,화성시,면,34.25827043017699,9966,1804.0,770.0,0.0,0.0,99,935254.6262339945,1910599.6298640454,True,6.45660376938443,화성디에스병원,화성만세구,8.081672994077948,화성유일병원,화성만세구,1.9558296732569678,0.18101545253863136,0.0772626931567329,2.8898131387506982,9.933774834437086,0.49333333333333335,0.8266666666666667,0.845,72.16666666666667,False,병원 원거리형,0
20250630,31240360,송산면,31240,화성시,화성시,면,108.61912251100097,11838,3224.0,1456.0,0.0,0.0,135,930734.042795749,1914078.5405034388,True,12.749919380861211,화성디에스병원,화성만세구,13.102412860959548,화성유일병원,화성만세구,2.072560065123155,0.27234330123331646,0.12299374894407838,1.2428750746566488,11.403953370501775,0.855,0.915,0.9583333333333334,90.94444444444444,True,고령 고립형,2
20250630,31240370,서신면,31240,화성시,화성시,면,48.98175756428732,8586,2535.0,1106.0,0.0,1.0,173,928288.5868506746,1908080.1310984285,True,16.01620536869223,화성디에스병원,화성만세구,17.677371316294714,화성유일병원,화성만세구,1.3667272549768263,0.2952480782669462,0.1288143489401351,3.5319271623306263,20.14907989750757,0.8883333333333333,0.9491666666666667,0.7983333333333333,87.86111111111111,True,고령 고립형,2
20250630,31240380,팔탄면,31240,화성시,화성시,면,50.883865559217895,15525,2577.0,1051.0,0.0,0.0,186,945183.1089322027,1906676.1968894214,True,4.946150591027072,의료법인 은혜와감사의료재단 화성중앙종합병원,화성만세구,4.946150591027072,의료법인 은혜와감사의료재단 화성중앙종합병원,화성만세구,2.1324753435555994,0.1659903381642512,0.06769726247987118,3.65538266316532,11.980676328502415,0.39166666666666666,0.7366666666666666,0.7933333333333333,64.05555555555556,False,병원 원거리형,0
20250630,31240390,장안면,31240,화성시,화성시,면,68.04513600864698,15128,2878.0,1203.0,0.0,0.0,165,941154.3010865335,1898012.1512408718,True,11.315797234082702,의료법인 은혜와감사의료재단 화성중앙종합병원,화성만세구,11.315797234082702,의료법인 은혜와감사의료재단 화성중앙종합병원,화성만세구,1.965146394263864,0.1902432575356954,0.07952141723955579,2.4248610507447923,10.90692755156002,0.56,0.8958333333333334,0.8683333333333334,77.47222222222223,True,병원 원거리형,2
20250630,31240420,양감면,31240,화성시,화성시,면,31.041715443215043,6895,1183.0,472.0,0.0,0.0,126,952937.6679435812,1899151.7379832966,True,8.562857381192849,에이비씨병원,화성만세구,9.131572552242538,의료법인 은혜와감사의료재단 화성중앙종합병원,화성만세구,0.4619794374432228,0.1715736040609137,0.06845540246555475,4.059054024591302,18.274111675126903,0.43333333333333335,0.8583333333333334,0.775,68.88888888888889,False,병원 원거리형,0
20250630,31240430,정남면,31240,화성시,화성시,면,40.61236740041703,14010,2793.0,1180.0,0.0,0.0,130,954145.832981914,1907257.0213070232,True,7.374546092585062,의료법인 원광의료재단 원광종합병원,화성병점구,7.374546092585062,의료법인 원광의료재단 원광종합병원,화성병점구,0.07323760471901757,0.1993576017130621,0.08422555317630265,3.200995369668233,9.279086366880799,0.5983333333333334,0.8308333333333333,0.83,75.30555555555554,True,병원 원거리형,0
20250630,31240520,진안동,31240,화성시,화성시,동,6.975600002637988,50399,5028.0,1822.0,0.0,0.0,84,959347.209047452,1912958.4205435272,True,0.546551519767167,희망찬병원,화성병점구,3.9399458854293887,의료법인 원광의료재단 원광종합병원,화성병점구,0.01910005769663569,0.09976388420405166,0.036151510942677434,12.041974879327,1.666699736105875,0.08,0.3541666666666667,0.4733333333333334,30.25,False,도시 외곽형,1
20250630,31240530,병점1동,31240,화성시,화성시,동,1.517037880925564,36195,4025.0,1467.0,0.0,0.0,47,958881.375807034,1911763.9332234391,True,1.3611609029807465,희망찬병원,화성병점구,3.4155771807270376,의료법인 원광의료재단 원광종합병원,화성병점구,0.01656700041163951,0.11120320486255007,0.04053046000828844,30.98142807833164,1.2985218952894046,0.10166666666666667,0.4766666666666667,0.10499999999999998,22.777777777777775,False,상대적 양호,1
20250630,31240540,병점2동,31240,화성시,화성시,동,0.9949481052654475,22194,2753.0,1143.0,0.0,0.0,26,959717.1005857098,1912547.3743338613,True,1.0479177324845854,희망찬병원,화성병점구,3.998921321712855,한림대학교동탄성심병원,화성동탄구,0.5155208758946938,0.12404253401820312,0.05150040551500405,26.132016195018856,1.1714877894926556,0.16,0.4558333333333333,0.16333333333333333,25.972222222222225,False,상대적 양호,1
20250630,31240550,반월동,31240,화성시,화성시,동,3.9677043665394867,36407,2872.0,817.0,0.0,0.0,42,961175.467542449,1914631.3615198464,True,1.6696772980440813,매듭병원,수원영통구,2.785106762061146,한림대학교동탄성심병원,화성동탄구,0.3884922654148421,0.0788859285302277,0.022440739418243743,10.585466083157588,1.1536243030186504,0.04,0.48,0.53,35.0,False,도시 외곽형,0
20250630,31240560,기배동,31240,화성시,화성시,동,4.245985614976437,16010,2182.0,847.0,0.0,0.0,33,954271.6662845094,1914050.446624822,True,3.38892573065913,의료법인 원광의료재단 원광종합병원,화성병점구,3.38892573065913,의료법인 원광의료재단 원광종합병원,화성병점구,0.8146043625010746,0.13628981886321048,0.052904434728294814,7.772047056307121,2.061211742660837,0.22666666666666666,0.6166666666666667,0.6166666666666667,48.666666666666664,False,도시 외곽형,0
20250630,31240570,화산동,31240,화성시,화성시,동,11.598435841810064,28218,4404.0,1652.0,0.0,0.0,78,956089.2477838371,1911882.3011978474,True,0.8525953922709423,의료법인 원광의료재단 원광종합병원,화성병점구,0.8525953922709423,의료법인 원광의료재단 원광종합병원,화성병점구,0.6705984184955641,0.1560705932383585,0.0585441916507194,6.725044744294351,2.764193068254306,0.3333333333333333,0.16833333333333333,0.655,38.55555555555556,False,상대적 양호,1
20250630,31240600,동탄2동,31240,화성시,화성시,동,2.3842108305393044,33250,2874.0,1110.0,0.0,1.0,43,962178.3221332427,1910566.068250242,True,1.4616423275592618,삼성본병원,오산시,3.4467793155845037,한림대학교동탄성심병원,화성동탄구,0.06058715702366079,0.08643609022556391,0.03338345864661654,18.035317787006896,1.2932330827067668,0.04666666666666667,0.49750000000000005,0.33333333333333337,29.25,False,도시 외곽형,1
20250630,31240610,동탄1동,31240,화성시,화성시,동,4.856516512515383,48860,3042.0,1043.0,0.0,0.0,70,962041.0689401382,1912190.317277648,True,1.1112281158073316,동탄시티병원,화성동탄구,1.546656863693969,한림대학교동탄성심병원,화성동탄구,0.16984574839664093,0.062259516987310685,0.021346704871060173,14.413623390265014,1.4326647564469914,0.02,0.2941666666666667,0.4083333333333333,24.083333333333336,False,도시 외곽형,1
20250630,31240620,동탄3동,31240,화성시,화성시,동,1.8677314452301688,39587,3115.0,1237.0,0.0,1.0,56,960716.0094078709,1912268.7558284032,True,0.6167964613143624,동탄시티병원,화성동탄구,2.864686906237816,한림대학교동탄성심병원,화성동탄구,0.33936587125545964,0.07868744789956299,0.03124763179831763,29.98289724307708,1.4146058049359638,0.03833333333333333,0.31416666666666665,0.1216666666666667,15.805555555555555,False,상대적 양호,1
20250630,31240640,동탄4동,31240,화성시,화성시,동,4.242156614721774,51283,2211.0,616.0,0.0,0.0,32,965775.0606150528,1911222.6713703298,True,4.689218823411166,한림대학교동탄성심병원,화성동탄구,4.689218823411166,한림대학교동탄성심병원,화성동탄구,0.013391988008628751,0.043113702396505665,0.012011777782111032,7.5433330040076205,0.62398845621356,0.005,0.7225,0.6266666666666667,45.13888888888889,False,도시 외곽형,0
20250630,31240650,동탄5동,31240,화성시,화성시,동,11.39199569958624,45594,3665.0,1244.0,0.0,0.0,100,965454.666694941,1912338.6995575544,True,3.6969204976964174,한림대학교동탄성심병원,화성동탄구,3.6969204976964174,한림대학교동탄성심병원,화성동탄구,0.1794175656003984,0.08038338377856735,0.02728429179277975,8.778093201319592,2.1932710444356713,0.041666666666666664,0.64,0.575,41.888888888888886,False,도시 외곽형,0
20250630,31240670,새솔동,31240,화성시,화성시,동,3.1278366615104582,26584,1461.0,331.0,0.0,2.0,30,939901.2029639662,1920405.629455029,True,2.9924531246440287,의료법인 플러스의료재단 단원병원,안산단원구,2.9924531246440287,의료법인 플러스의료재단 단원병원,안산단원구,0.6094567393867942,0.05495786939512489,0.012451098405055672,9.591293678843432,1.1284983448690942,0.011666666666666667,0.5766666666666667,0.5516666666666667,38.0,False,도시 외곽형,0
20250630,31240691,동탄7동,31240,화성시,화성시,동,4.72493254571481,55004,3535.0,933.0,0.0,0.0,50,965773.2658630398,1907981.5253871125,True,5.538189912059466,버팀병원,오산시,6.123176816519696,오산한국병원,오산시,0.43315805325731876,0.06426805323249218,0.016962402734346592,10.582161653365098,0.9090247981964948,0.021666666666666667,0.7833333333333333,0.5316666666666667,44.55555555555556,False,도시 외곽형,0
20250630,31240700,동탄6동,31240,화성시,화성시,동,9.494209255973985,43164,2336.0,740.0,0.0,1.0,84,963747.04212273,1909508.3479360738,True,3.628441120968881,삼성본병원,오산시,4.925998471474512,한림대학교동탄성심병원,화성동탄구,0.8653503531963957,0.05411917338522843,0.017143916226485034,8.8474982734497,1.9460661662496523,0.008333333333333333,0.6925,0.5733333333333333,42.472222222222214,False,도시 외곽형,0
20250630,31240710,동탄8동,31240,화성시,화성시,동,6.542727662056066,36295,2089.0,552.0,0.0,1.0,64,965132.6672797969,1906808.9296794576,True,4.1080784595385875,버팀병원,오산시,4.517477240034675,오산한국병원,오산시,0.4144411883718632,0.05755613720898195,0.015208706433393029,9.781852968015462,1.7633282821325251,0.013333333333333334,0.6941666666666666,0.5449999999999999,41.75,False,도시 외곽형,0
20250630,31240720,동탄9동,31240,화성시,화성시,동,10.006430204583467,44187,2416.0,605.0,0.0,1.0,51,966800.4081495081,1909440.5824031562,True,7.165427062363312,한림대학교동탄성심병원,화성동탄구,7.165427062363312,한림대학교동탄성심병원,화성동탄구,0.13390038039230862,0.054676714870889626,0.013691809808314663,5.096722703031431,1.1541856202050378,0.01,0.825,0.7283333333333333,52.11111111111111,False,도시 외곽형,0
20250630,31250120,초월읍,31250,광주시,광주시,읍,55.7769458950014,54264,8606.0,3237.0,0.0,0.0,197,982508.1034105951,1932577.4544264765,True,5.557003966211886,참조은병원,광주시,5.557003966211886,참조은병원,광주시,1.3283938163602527,0.15859501695415007,0.05965280849181778,3.531925185915471,3.6303995282323456,0.345,0.77,0.8,63.83333333333333,False,병원 원거리형,0
20250630,31250140,곤지암읍,31250,광주시,광주시,읍,76.15262854621761,25268,4765.0,1801.0,0.0,0.0,162,989090.4607404188,1928591.4597935665,True,12.416230859415716,경기도의료원 이천병원,이천시,12.416230859415716,경기도의료원 이천병원,이천시,1.280019618063424,0.1885784391324996,0.07127592211492798,2.12730674032717,6.41127117302517,0.55,0.9116666666666666,0.8933333333333333,78.49999999999999,True,병원 원거리형,2
20250630,31250340,도척면,31250,광주시,광주시,면,52.12817246609742,10654,2566.0,1055.0,0.0,0.0,87,984077.5770587836,1923108.7285399525,True,11.55322271342484,용인제일메디병원,용인처인구,13.440547927704483,경기도의료원 이천병원,이천시,0.6477997772894348,0.2408485076027783,0.09902384081096302,1.6689631706651937,8.165947062136286,0.7866666666666666,0.9091666666666667,0.9216666666666666,87.25,True,병원 원거리형,2
20250630,31250350,퇴촌면,31250,광주시,광주시,면,60.21849808431042,15006,4607.0,1891.0,0.0,0.0,97,985305.2734243087,1940672.5902887527,True,11.517914402515325,참조은병원,광주시,11.517914402515325,참조은병원,광주시,1.4517899428282124,0.30701052912168464,0.12601626016260162,1.610800718812228,6.464081034252965,0.9016666666666666,0.9008333333333334,0.9299999999999999,91.08333333333333,True,고령 고립형,2
20250630,31250360,남종면,31250,광주시,광주시,면,48.34177968755298,1299,620.0,275.0,0.0,1.0,46,983997.9409057638,1945285.1915652177,True,13.611070896556146,청봉병원,하남시,15.368501959717928,참조은병원,광주시,2.6313711378391544,0.47729022324865283,0.21170130869899922,0.9515578511447327,35.411855273287145,0.9966666666666667,0.9283333333333332,0.975,96.66666666666666,True,고령 고립형,2
20250630,31250380,남한산성면,31250,광주시,광주시,면,33.58783317936735,2115,737.0,332.0,0.0,1.0,103,977070.2266307446,1940071.3623773665,True,7.360021526297563,참조은병원,광주시,7.360021526297563,참조은병원,광주시,4.652268335517407,0.3484633569739953,0.15697399527186762,3.0665866252804843,48.69976359338061,0.9366666666666666,0.8283333333333334,0.8416666666666667,86.88888888888889,True,고령 고립형,2
20250630,31250511,오포1동,31250,광주시,광주시,동,15.97138805349342,29666,3876.0,1370.0,0.0,0.0,94,975127.5972450962,1929110.0378578207,True,8.656409252563448,참조은병원,광주시,8.656409252563448,참조은병원,광주시,1.7953028006836118,0.13065462145216747,0.04618081305197869,5.885524769992636,3.1686105305737207,0.19833333333333333,0.8533333333333333,0.6916666666666667,58.1111111111111,False,병원 원거리형,0
20250630,31250512,오포2동,31250,광주시,광주시,동,15.075645404159598,32777,4994.0,1927.0,0.0,0.0,68,978255.5476660051,1930131.5341826454,True,5.946687615044396,참조은병원,광주시,5.946687615044396,참조은병원,광주시,0.8391799412551264,0.15236293742563384,0.05879122555450468,4.510586324963426,2.0746254995881257,0.305,0.7858333333333334,0.7516666666666667,61.416666666666664,False,병원 원거리형,0
20250630,31250513,신현동,31250,광주시,광주시,동,8.114582881199091,34521,5500.0,1904.0,0.0,0.0,87,969994.4164116145,1929572.531523747,True,4.223640892112521,국군수도병원,성남분당구,4.223640892112521,국군수도병원,성남분당구,0.29956007439975285,0.15932331044871237,0.05515483328988152,10.721438338078077,2.5202050925523594,0.34833333333333333,0.6925,0.525,52.19444444444444,False,도시 외곽형,0
20250630,31250514,능평동,31250,광주시,광주시,동,7.63468596601201,22011,4097.0,1559.0,0.0,0.0,38,970763.3378259127,1927930.6097440482,True,5.357842074169916,분당서울대학교병원,성남분당구,5.357842074169916,분당서울대학교병원,성남분당구,0.4604581289683943,0.1861342056244605,0.0708282222525101,4.97728396022677,1.7264095225114715,0.535,0.7591666666666667,0.74,67.80555555555556,False,병원 원거리형,0
20250630,31250540,경안동,31250,광주시,광주시,동,3.1900196465596826,29346,4658.0,1694.0,0.0,0.0,66,978341.8098273883,1934408.82412524,True,0.6708168726665175,참조은병원,광주시,0.6708168726665175,참조은병원,광주시,0.3540422895593168,0.1587269133783139,0.0577250732638179,20.689527749830173,2.2490288284604376,0.3466666666666667,0.11833333333333333,0.2683333333333333,24.444444444444443,False,상대적 양호,1
20250630,31250550,송정동,31250,광주시,광주시,동,5.085118495516999,22839,4238.0,1501.0,0.0,0.0,55,978694.228025621,1935529.3989141234,True,1.1163766564716089,참조은병원,광주시,1.1163766564716089,참조은병원,광주시,0.36855674597408694,0.1855597880817899,0.06572091597705679,10.815873818572287,2.4081614781733003,0.525,0.25,0.5183333333333333,43.11111111111111,False,상대적 양호,1
20250630,31250560,쌍령동,31250,광주시,광주시,동,3.3249107710486703,17152,2642.0,847.0,0.0,1.0,18,979687.6490537341,1933487.2139239484,True,1.9407713253084087,참조은병원,광주시,1.9407713253084087,참조은병원,광주시,0.2508441477785013,0.15403451492537312,0.04938199626865672,5.413679114860227,1.0494402985074627,0.31666666666666665,0.43333333333333335,0.7133333333333334,48.77777777777778,False,도시 외곽형,0
20250630,31250570,탄벌동,31250,광주시,광주시,동,16.791652676840165,40958,6990.0,2300.0,0.0,0.0,72,977089.384067931,1936658.4015667003,True,3.3907967102174776,참조은병원,광주시,3.3907967102174776,참조은병원,광주시,0.2542170467690887,0.17066263001123103,0.05615508569754383,4.28784476344641,1.7578983348796329,0.43,0.6183333333333334,0.7616666666666667,60.33333333333333,False,도시 외곽형,0
20250630,31250580,광남1동,31250,광주시,광주시,동,25.973912707479023,32116,5935.0,2069.0,0.0,0.0,133,975207.3775510816,1932882.3407913856,True,5.200766118455416,참조은병원,광주시,5.200766118455416,참조은병원,광주시,0.6973876714118581,0.18479885415369288,0.0644227176485241,5.120522329379489,4.141238012205754,0.52,0.75,0.7266666666666667,66.55555555555556,False,병원 원거리형,0
20250630,31250590,광남2동,31250,광주시,광주시,동,2.2799510455863237,32343,3594.0,1243.0,0.0,0.0,31,976394.9267711302,1931730.0915203688,True,4.929813776090028,참조은병원,광주시,4.929813776090028,참조은병원,광주시,0.24462348446879828,0.11112141730822744,0.03843180904677983,13.596783167784151,0.9584763318183223,0.1,0.7341666666666666,0.43666666666666665,42.36111111111111,False,도시 외곽형,0
20250630,31260110,백석읍,31260,양주시,양주시,읍,41.108279336260246,25902,6960.0,3198.0,0.0,0.0,244,954145.507087111,1977217.5705655501,True,8.985290319892936,나무정원여성병원,양주시,9.832346659963765,추병원,의정부시,1.5949141502749231,0.26870511929580726,0.12346536946953904,5.935543981398796,9.420121998301289,0.85,0.87,0.69,80.33333333333333,True,병원 원거리형,2
20250630,31260310,은현면,31260,양주시,양주시,면,34.57662455789686,7175,1838.0,812.0,0.0,0.0,194,958088.9778160711,1986688.9989101356,True,4.5522706316598365,국군양주병원,양주시,16.092631325616644,의료법인 일심의료재단 포천우리병원,포천시,2.3333598388210355,0.25616724738675956,0.11317073170731708,5.610726971777033,27.038327526132406,0.8316666666666667,0.8458333333333333,0.7083333333333333,79.52777777777776,True,병원 원거리형,2
20250630,31260320,남면,31260,양주시,양주시,면,36.438624654946715,7668,1983.0,860.0,0.0,0.0,213,954549.2942519076,1987706.7681620803,True,8.562976301602056,국군양주병원,양주시,20.803114916516474,의료법인 일심의료재단 포천우리병원,포천시,0.38098857177807066,0.25860719874804383,0.11215440792905582,5.84544565051481,27.77777777777778,0.835,0.9116666666666666,0.6950000000000001,81.38888888888889,True,병원 원거리형,2
20250630,31260330,광적면,31260,양주시,양주시,면,48.41705131053139,12431,2950.0,1189.0,0.0,0.0,213,953569.076365299,1981498.3935070909,True,8.375362883026353,국군양주병원,양주시,14.494348475120034,추병원,의정부시,1.6413623554058745,0.2373099509291288,0.09564797683211326,4.399276582001794,17.134582897594726,0.775,0.8841666666666668,0.7583333333333333,80.58333333333333,True,병원 원거리형,2
20250630,31260340,장흥면,31260,양주시,양주시,면,63.87010686220004,13119,5456.0,3114.0,0.0,0.0,143,952028.1408113578,1968976.2082322703,True,6.58613997671046,국군고양병원,고양덕양구,10.441606009320157,경기도의료원의정부병원,의정부시,1.6813162846270642,0.4158853571156338,0.23736565286988337,2.238919065980631,10.90022105343395,0.98,0.8525,0.8833333333333333,90.52777777777777,True,고령 고립형,2
20250630,31260510,양주1동,31260,양주시,양주시,동,23.657565040982476,4411,1623.0,786.0,0.0,0.0,91,959868.3145249889,1975618.3475890064,True,4.040851391929649,학교법인 을지학원 의정부을지대학교병원,의정부시,4.040851391929649,학교법인 을지학원 의정부을지대학교병원,의정부시,0.87896376514746,0.367943776921333,0.17819088642031286,3.846549712210824,20.630242575379736,0.9516666666666667,0.6691666666666667,0.78,80.02777777777777,True,병원 원거리형,2
20250630,31260520,양주2동,31260,양주시,양주시,동,19.084782848325524,48645,9140.0,4037.0,0.0,0.0,159,963435.9215427719,1977598.2223630513,True,0.45628344724912795,에스엘서울병원,양주시,5.631370292652537,가톨릭대학교의정부성모병원,의정부시,0.46922339935853263,0.18789186966800286,0.08298900195292425,8.33124491190899,3.268578476719087,0.545,0.4058333333333333,0.5900000000000001,51.361111111111114,False,도시 외곽형,0
20250630,31260530,회천1동,31260,양주시,양주시,동,10.544542309260615,9247,1869.0,797.0,0.0,0.0,71,961797.8714643704,1983764.2409858743,True,2.1875220998552587,양주예쓰병원,양주시,10.115958304466918,의료법인 일심의료재단 포천우리병원,포천시,1.0987362610853857,0.20211960635881907,0.08619011571320428,6.733341089413157,7.678165891640532,0.6166666666666667,0.7058333333333333,0.6533333333333333,65.8611111111111,False,병원 원거리형,0
20250630,31260540,회천2동,31260,양주시,양주시,동,11.170338387553413,44819,7009.0,2677.0,0.0,0.0,76,960783.61392231,1980172.090684269,True,0.7560584767301937,나무정원여성병원,양주시,9.297826651136921,가톨릭대학교의정부성모병원,의정부시,0.101136984029038,0.1563845690443785,0.059729132733885186,6.803733008185612,1.695709408956023,0.335,0.5241666666666667,0.65,50.30555555555556,False,도시 외곽형,0
20250630,31260550,회천3동,31260,양주시,양주시,동,3.5680384094955824,25279,4249.0,2023.0,0.0,0.0,47,962147.7699676136,1981527.4184525907,True,0.941228322793076,양주예쓰병원,양주시,8.994325306672732,의료법인 일심의료재단 포천우리병원,포천시,0.5995060405540963,0.1680841805451165,0.08002689979825152,13.172503937995568,1.8592507615016416,0.4116666666666667,0.5541666666666667,0.44666666666666666,47.083333333333336,False,도시 외곽형,0
20250630,31260561,옥정1동,31260,양주시,양주시,동,13.541209293585075,37953,4255.0,1485.0,0.0,0.0,86,964181.3068520178,1981700.9448079313,True,3.2818792437145166,양주예쓰병원,양주시,6.397432230879573,의료법인 일심의료재단 포천우리병원,포천시,0.5678942672238259,0.1121123494848892,0.03912734171211762,6.350983736787902,2.2659605301293704,0.10666666666666667,0.72,0.6733333333333333,50.0,False,도시 외곽형,0
20250630,31260571,옥정2동,31260,양주시,양주시,동,4.273324463299745,56351,4211.0,1326.0,0.0,0.0,80,963794.0546151854,1979886.2171883336,True,2.555349490883804,에스엘서울병원,양주시,6.949179243524391,의료법인 일심의료재단 포천우리병원,포천시,0.41727821070036636,0.07472804386789941,0.02353108196837678,18.720787688147176,1.4196731202640591,0.03166666666666667,0.6941666666666666,0.31166666666666665,34.583333333333336,False,도시 외곽형,0
20250630,31270110,소흘읍,31270,포천시,포천시,읍,46.07449576857794,44560,8998.0,3943.0,0.0,0.0,190,968690.8573513932,1978792.3425726437,True,2.7978567080781733,의료법인 일심의료재단 포천우리병원,포천시,2.7978567080781733,의료법인 일심의료재단 포천우리병원,포천시,2.3269968223545474,0.20192998204667864,0.08848743267504489,4.123756469399648,4.26391382405745,0.6133333333333333,0.5508333333333333,0.7733333333333333,64.58333333333333,False,도시 외곽형,0
20250630,31270310,군내면,31270,포천시,포천시,면,36.15927490583907,10959,2121.0,809.0,0.0,0.0,115,974992.258812831,1986180.5319890962,True,4.527930594887332,경기도의료원포천병원,포천시,4.527930594887332,경기도의료원포천병원,포천시,3.2132223581110226,0.19353955652888039,0.07382060406971439,3.180373508580217,10.493658180490922,0.575,0.7108333333333333,0.8316666666666667,70.58333333333333,False,병원 원거리형,0
20250630,31270320,내촌면,31270,포천시,포천시,면,52.66073625394291,5242,1332.0,500.0,0.0,0.0,69,975970.4769361573,1976898.2034395405,True,10.414874076354787,의료법인 일심의료재단 포천우리병원,포천시,10.414874076354787,의료법인 일심의료재단 포천우리병원,포천시,1.1258688042199752,0.25410148798168636,0.09538344143456697,1.3102741227784052,13.162914917970241,0.8266666666666667,0.8841666666666667,0.955,88.8611111111111,True,병원 원거리형,2
20250630,31270330,가산면,31270,포천시,포천시,면,35.747574299751804,11054,1984.0,791.0,0.0,0.0,92,972432.500223707,1981526.7264028494,True,4.4818525182274325,의료법인 일심의료재단 포천우리병원,포천시,4.4818525182274325,의료법인 일심의료재단 포천우리병원,포천시,2.1205078173296266,0.17948254025692056,0.07155780712864121,2.5736011967849453,8.3227790844943,0.48333333333333334,0.7041666666666666,0.8616666666666667,68.30555555555556,False,병원 원거리형,0
20250630,31270340,신북면,31270,포천시,포천시,면,95.57521677772401,12659,3138.0,1220.0,0.0,0.0,145,973702.9199362518,1994113.5545645838,True,6.2442107969603775,경기도의료원포천병원,포천시,6.2442107969603775,경기도의료원포천병원,포천시,3.466668612195193,0.24788687890038708,0.09637412117860811,1.5171297004454776,11.454301287621455,0.8083333333333333,0.7941666666666667,0.94,84.74999999999999,True,병원 원거리형,2
20250630,31270350,창수면,31270,포천시,포천시,면,71.45056992748928,2207,895.0,401.0,0.0,1.0,70,972530.085831169,2001095.5749900257,True,14.531382972047554,연천군보건의료원,연천군,15.36299498086821,경기도의료원포천병원,포천시,1.7456854610247095,0.4055278658812868,0.18169460806524695,0.979698273520262,31.717263253285005,0.9766666666666667,0.9316666666666666,0.9716666666666667,96.0,True,고령 고립형,2
20250630,31270360,영중면,31270,포천시,포천시,면,61.12786102478855,4988,1732.0,764.0,0.0,1.0,52,977845.8411240857,2000810.2607469782,True,14.958738537640455,국군포천병원,포천시,15.986746164986538,경기도의료원포천병원,포천시,0.7463894896433655,0.34723336006415395,0.15316760224538895,0.8506759295718359,10.425020048115476,0.935,0.9391666666666667,0.9816666666666667,95.19444444444444,True,고령 고립형,2
20250630,31270370,일동면,31270,포천시,포천시,면,83.20215655373754,9297,3068.0,1416.0,0.0,0.0,89,983874.0545346418,1995769.4232496042,True,6.634390463256151,국군포천병원,포천시,15.91054265540022,경기도의료원포천병원,포천시,0.46176324619940956,0.32999892438420997,0.15230719586963537,1.0696838121319348,9.5729805313542,0.9216666666666666,0.8825000000000001,0.9666666666666667,92.3611111111111,True,고령 고립형,2
20250630,31270380,이동면,31270,포천시,포천시,면,112.69421411039376,5739,1712.0,779.0,0.0,1.0,63,988421.2281034236,2002846.6706930532,True,17.12713442627764,국군포천병원,포천시,26.209613740387432,경기도의료원포천병원,포천시,0.8992019270052612,0.29830981007144103,0.13573793343788115,0.5590349113955934,10.977522216414009,0.8916666666666667,0.975,0.9883333333333333,95.16666666666667,True,고령 고립형,2
20250630,31270390,영북면,31270,포천시,포천시,면,81.78376935889916,7333,2478.0,1217.0,0.0,0.0,78,980377.1038415721,2007981.7202027433,True,11.91505982815833,철원병원,철원군,25.871572526204087,경기도의료원포천병원,포천시,2.514549497501411,0.33792445111141417,0.16596208918587207,0.9537344709279111,10.636847129414972,0.9283333333333333,0.9525,0.9733333333333334,95.13888888888889,True,고령 고립형,2
20250630,31270400,관인면,31270,포천시,포천시,면,70.00490242227157,2472,1131.0,555.0,0.0,0.0,48,977321.2994440589,2015358.8580388431,True,7.80749461260661,철원병원,철원군,34.22331522647634,경기도의료원포천병원,포천시,2.8226191697716034,0.4575242718446602,0.22451456310679613,0.6856662653489984,19.41747572815534,0.9933333333333333,0.9333333333333333,0.9866666666666667,97.11111111111111,True,고령 고립형,2
20250630,31270410,화현면,31270,포천시,포천시,면,43.47271651391771,3027,842.0,371.0,0.0,1.0,60,980625.7056093646,1988973.5920133376,True,4.168480382026954,국군포천병원,포천시,9.306526832402646,경기도의료원포천병원,포천시,0.9134392788708695,0.27816319788569543,0.1225635943178064,1.3801760002918408,19.821605550049554,0.8633333333333333,0.7958333333333334,0.95,86.97222222222221,True,병원 원거리형,2
20250630,31270510,포천동,31270,포천시,포천시,동,11.332308015711249,19502,4095.0,1632.0,0.0,0.0,48,973510.2108779815,1988609.3959054486,True,0.9193670534266032,경기도의료원포천병원,포천시,0.9193670534266032,경기도의료원포천병원,포천시,0.35730528949237256,0.20997846374730797,0.08368372474617988,4.235677315993549,2.461286021946467,0.6566666666666666,0.19,0.7666666666666666,53.77777777777777,False,상대적 양호,1
20250630,31270520,선단동,31270,포천시,포천시,동,23.872167465793698,18127,3001.0,1140.0,0.0,0.0,108,969351.5906895751,1983993.3497003817,True,4.020922252190682,의료법인 일심의료재단 포천우리병원,포천시,4.020922252190682,의료법인 일심의료재단 포천우리병원,포천시,1.427002235447248,0.16555414574943456,0.06288961218072489,4.524096949083179,5.9579632592265686,0.39,0.6658333333333333,0.7483333333333333,60.13888888888887,False,도시 외곽형,0
20250630,31280110,가남읍,31280,여주시,여주시,읍,75.0847507564204,15434,3943.0,1631.0,0.0,1.0,133,1005400.7946847208,1911891.0026526237,True,14.318632659410031,이천엘리야병원,이천시,15.670229274956021,세종여주병원,여주시,1.7138918922406494,0.2554749254891797,0.10567578074381236,1.7713317106353628,8.61733834391603,0.8283333333333334,0.9333333333333333,0.9133333333333333,89.16666666666666,True,고령 고립형,2
20250630,31280310,점동면,31280,여주시,여주시,면,71.68431957543379,4687,1767.0,771.0,0.0,0.0,105,1015004.7635771718,1911494.589437573,True,13.32117882834105,연세새로운병원,여주시,15.191345399715365,세종여주병원,여주시,0.9282833676371087,0.3770002133560913,0.16449754640494987,1.4647554810017822,22.402389588222743,0.9616666666666667,0.9241666666666667,0.945,94.3611111111111,True,고령 고립형,2
20250630,31280330,흥천면,31280,여주시,여주시,면,44.05893548692282,5219,1871.0,792.0,0.0,0.0,139,1003437.3859554391,1927239.8535323695,True,11.711227174650412,세종여주병원,여주시,11.711227174650412,세종여주병원,여주시,1.5984245815589742,0.3584977965127419,0.1517532094270933,3.1548651474172984,26.633454684805518,0.9433333333333334,0.9041666666666667,0.8333333333333334,89.3611111111111,True,고령 고립형,2
20250630,31280340,금사면,31280,여주시,여주시,면,41.66652436278622,2729,1173.0,482.0,0.0,0.0,76,1000757.8560868808,1933607.4962600556,True,12.744294493546304,국립교통재활병원,양평군,19.20310970317359,경기도의료원 이천병원,이천시,0.9391688003771639,0.42982777574203007,0.17662147306705753,1.824006229515946,27.849028948332723,0.9866666666666667,0.9383333333333332,0.9116666666666666,94.55555555555554,True,고령 고립형,2
20250630,31280350,산북면,31280,여주시,여주시,면,32.59746667508096,2615,944.0,435.0,0.0,0.0,34,995342.3538937138,1933454.059865273,True,14.975085202733474,양평병원,양평군,17.001130952548433,경기도의료원 이천병원,이천시,0.5053482789891505,0.3609942638623327,0.16634799235181644,1.0430258381394775,13.0019120458891,0.9466666666666667,0.9416666666666667,0.9683333333333334,95.22222222222223,True,고령 고립형,2
20250630,31280360,대신면,31280,여주시,여주시,면,75.75181943843914,6785,2677.0,1200.0,0.0,0.0,123,1009443.4473652242,1931182.3719342006,True,11.478825276009054,세종여주병원,여주시,11.478825276009054,세종여주병원,여주시,2.003454401718839,0.3945467943994105,0.17686072218128224,1.6237233760432355,18.128224023581428,0.9733333333333334,0.8983333333333333,0.9283333333333333,93.33333333333333,True,고령 고립형,2
20250630,31280370,북내면,31280,여주시,여주시,면,65.59550632264914,4860,1833.0,917.0,0.0,0.0,115,1016296.0104203308,1927198.3310102513,True,9.093507277107852,세종여주병원,여주시,9.093507277107852,세종여주병원,여주시,2.233691194559697,0.3771604938271605,0.18868312757201647,1.7531688746229286,23.662551440329217,0.9633333333333334,0.8641666666666666,0.915,91.41666666666666,True,고령 고립형,2
20250630,31280380,강천면,31280,여주시,여주시,면,74.21523129095094,4645,1801.0,892.0,0.0,0.0,109,1018916.7037558223,1920480.2028188151,True,9.327641018210478,연세새로운병원,여주시,10.493048854697738,세종여주병원,여주시,6.780840022534558,0.38772874058127016,0.19203444564047362,1.4687012100343662,23.466092572658773,0.97,0.88,0.9433333333333334,93.11111111111111,True,고령 고립형,2
20250630,31280390,세종대왕면,31280,여주시,여주시,면,52.933666355671384,5856,2197.0,1036.0,0.0,0.0,124,1007118.2737567003,1922090.0624709877,True,5.210868354015961,세종여주병원,여주시,5.210868354015961,세종여주병원,여주시,0.8376355796349816,0.3751707650273224,0.17691256830601093,2.342554531681603,21.174863387978142,0.9583333333333334,0.7516666666666667,0.875,86.16666666666666,True,고령 고립형,2
20250630,31280510,여흥동,31280,여주시,여주시,동,38.700475817734244,20607,4627.0,1757.0,0.0,0.0,122,1013229.2922215324,1917770.106455711,True,4.865749721536461,연세새로운병원,여주시,6.752822814296139,세종여주병원,여주시,3.049838709957447,0.22453535206483233,0.0852622895132722,3.1524160213062364,5.9203183384286895,0.73,0.7833333333333333,0.835,78.27777777777777,True,병원 원거리형,0
20250630,31280520,중앙동,31280,여주시,여주시,동,17.769836581134737,26147,3985.0,1410.0,0.0,0.0,67,1011468.2210360564,1920330.7737308342,True,1.226170785219041,연세새로운병원,여주시,2.872376671664126,세종여주병원,여주시,0.884534269640235,0.15240754197422265,0.053925880598156575,3.770434223977627,2.5624354610471567,0.30666666666666664,0.4291666666666667,0.7883333333333333,50.80555555555555,False,도시 외곽형,0
20250630,31280530,오학동,31280,여주시,여주시,동,16.81225560821069,17893,2919.0,1097.0,0.0,0.0,90,1012902.3414228937,1923666.5918173739,True,2.778885966520714,세종여주병원,여주시,2.778885966520714,세종여주병원,여주시,0.3636615634027301,0.1631364220644945,0.06130889174537529,5.353237667648012,5.029899960878556,0.37333333333333335,0.5466666666666666,0.7166666666666667,54.55555555555556,False,도시 외곽형,0
20250630,31550110,연천읍,31550,연천군,연천군,읍,87.72177050142429,7434,2150.0,1055.0,0.0,0.0,127,963130.5434591895,2010723.88044455,True,10.658997754490336,연천군보건의료원,연천군,30.9093224450821,경기도의료원포천병원,포천시,0.7198678104955508,0.289211729889696,0.14191552327145548,1.447759196765619,17.083669626042507,0.88,0.9524999999999999,0.9466666666666667,92.63888888888889,True,고령 고립형,2
20250630,31550120,전곡읍,31550,연천군,연천군,읍,55.11342576270317,17341,4329.0,1896.0,0.0,0.0,144,961943.149372908,2002706.02524695,True,0.6189716798729807,연천군보건의료원,연천군,22.973032435537746,경기도의료원포천병원,포천시,0.2518336187044707,0.24963958249235915,0.1093362551179286,2.6127934891945856,8.30401937604521,0.8166666666666667,0.5508333333333333,0.86,74.25,True,병원 원거리형,0
20250630,31550310,군남면,31550,연천군,연천군,면,45.523460997264856,2930,1213.0,575.0,0.0,0.0,98,959622.8106941083,2007406.8922802622,True,6.577798941122388,연천군보건의료원,연천군,29.621007144646313,경기도의료원포천병원,포천시,3.2921619985455703,0.41399317406143343,0.1962457337883959,2.1527361464429964,33.44709897610921,0.9783333333333334,0.9158333333333333,0.8916666666666666,92.8611111111111,True,고령 고립형,2
20250630,31550320,청산면,31550,연천군,연천군,면,43.664948530822905,4344,1470.0,669.0,0.0,0.0,92,964377.5316066742,2002476.6982028964,True,3.7941505664692703,연천군보건의료원,연천군,20.799004180983207,경기도의료원포천병원,포천시,2.2201479619048112,0.3383977900552486,0.15400552486187846,2.106953130496824,21.178637200736645,0.9316666666666666,0.8291666666666667,0.8983333333333333,88.63888888888889,True,고령 고립형,2
20250630,31550330,백학면,31550,연천군,연천군,면,68.98544246943868,2562,972.0,457.0,0.0,1.0,62,948804.9915122475,2001330.1326362928,True,16.55616855049229,연천군보건의료원,연천군,35.67206262639249,경기도의료원포천병원,포천시,1.8044595482063666,0.3793911007025761,0.17837626854020297,0.8987403397095944,24.19984387197502,0.965,0.9875,0.9783333333333333,97.69444444444444,True,고령 고립형,2
20250630,31550340,미산면,31550,연천군,연천군,면,41.45310743857794,1603,708.0,291.0,0.0,1.0,83,954542.1345587955,2004280.9300750133,True,9.235528517363733,연천군보건의료원,연천군,31.37316348348797,경기도의료원포천병원,포천시,1.6780340315618791,0.4416718652526513,0.1815346225826575,2.002262438901187,51.77791640673737,0.99,0.9458333333333333,0.905,94.69444444444444,True,고령 고립형,2
20250630,31550350,왕징면,31550,연천군,연천군,면,84.93205129074292,931,495.0,242.0,0.0,1.0,38,955073.5200204884,2008032.019778033,True,10.82678623860931,연천군보건의료원,연천군,34.1213436814838,경기도의료원포천병원,포천시,3.3591289789656043,0.5316863587540279,0.25993555316863587,0.44741648673852025,40.816326530612244,1.0,0.9575,0.9916666666666667,98.30555555555556,True,고령 고립형,2
20250630,31550360,신서면,31550,연천군,연천군,면,149.60561961407802,2382,1129.0,544.0,0.0,1.0,60,965792.3659529728,2019415.07575803,True,22.451393513313363,연천군보건의료원,연천군,40.38365965216218,경기도의료원포천병원,포천시,1.4399766463914565,0.4739714525608732,0.22837951301427373,0.4010544534007194,25.188916876574307,0.995,0.9991666666666666,0.9933333333333333,99.58333333333333,True,고령 고립형,2
20250630,31550370,중면,31550,연천군,연천군,면,83.428424969106,154,51.0,22.0,0.0,1.0,11,957082.9369896839,2014875.1317205306,True,16.828504237366786,연천군보건의료원,연천군,39.47343804297656,경기도의료원포천병원,포천시,3.6281478354769274,0.33116883116883117,0.14285714285714285,0.1318495465313334,71.42857142857143,0.9233333333333333,0.9891666666666666,0.9983333333333333,97.02777777777777,True,고령 고립형,2
20250630,31550380,장남면,31550,연천군,연천군,면,35.953527477139616,705,315.0,154.0,0.0,1.0,20,945718.0569166191,1998651.7105929393,True,21.065214767892996,무척조은병원,파주시,35.04469125365835,메디인병원,파주시,0.6974285722954335,0.44680851063829785,0.21843971631205675,0.556273651110218,28.368794326241137,0.9916666666666667,0.995,0.99,99.22222222222223,True,고령 고립형,2
20250630,31570110,가평읍,31570,가평군,가평군,읍,144.99788967010085,20354,5342.0,2276.0,0.0,0.0,233,1000828.6171523831,1980165.971611106,True,18.813943925623644,에이치제이매그놀리아국제병원,가평군,27.88070148643983,한림대학교춘천성심병원,춘천시,0.80943038454496,0.262454554387344,0.11182077232976319,1.6069199388358102,11.447381350103175,0.84,0.98,0.9316666666666666,91.72222222222221,True,고령 고립형,2
20250630,31570310,설악면,31570,가평군,가평군,면,140.91433618071505,9876,3184.0,1289.0,0.0,0.0,204,999472.3767017145,1963110.5119933968,True,4.6314005362280986,에이치제이매그놀리아국제병원,가평군,33.27105031038317,남양주 한양병원,남양주시,1.2139061342206154,0.3223977318752531,0.13051842851356824,1.447688046008186,20.656136087484814,0.9166666666666666,0.885,0.9483333333333334,91.66666666666666,True,고령 고립형,2
20250630,31570320,청평면,31570,가평군,가평군,면,112.01399918916007,12694,4291.0,1842.0,0.0,0.0,152,993238.1490583833,1969864.5384921967,True,12.458026376909658,에이치제이매그놀리아국제병원,가평군,25.944208557612065,남양주 한양병원,남양주시,1.4174918079253014,0.338033716716559,0.14510792500393888,1.356973245311194,11.974161020954782,0.93,0.9566666666666667,0.9533333333333334,94.66666666666666,True,고령 고립형,2
20250630,31570330,상면,31570,가평군,가평군,면,99.85742564282299,5179,2021.0,750.0,0.0,0.0,109,987343.6706536249,1974931.187227946,True,16.017401268857856,노체리안드리자애병원,가평군,21.84923341044666,남양주 한양병원,남양주시,1.7156474362938001,0.3902297740876617,0.14481560146746475,1.0915562793485065,21.046534079938212,0.9716666666666667,0.9608333333333333,0.965,96.58333333333333,True,고령 고립형,2
20250630,31570350,북면,31570,가평군,가평군,면,229.6678398829703,3361,1441.0,619.0,0.0,0.0,202,1002359.9934168926,1991061.6470039901,True,20.630237221213275,노체리안드리자애병원,가평군,24.884092978763732,한림대학교춘천성심병원,춘천시,4.698548702884872,0.42874144599821484,0.18417137756620053,0.879531065833733,60.10116036893781,0.985,0.9758333333333333,0.98,98.02777777777779,True,고령 고립형,2
20250630,31570360,조종면,31570,가평군,가평군,면,112.61909642868235,8920,2457.0,937.0,0.0,0.0,114,987476.661743273,1981455.6131694617,True,7.558079593768752,노체리안드리자애병원,가평군,20.874104483260616,경기도의료원포천병원,포천시,2.2036542212061607,0.27544843049327355,0.10504484304932736,1.0122617177291253,12.780269058295964,0.86,0.9041666666666667,0.97,91.13888888888889,True,고령 고립형,2
20250630,31580110,양평읍,31580,양평군,양평군,읍,42.30081491700059,36233,7806.0,3068.0,0.0,0.0,144,1000720.5274739631,1943452.9638243336,True,0.7357440774087125,양평병원,양평군,30.38856931961903,세종여주병원,여주시,1.2244493863001678,0.21543896447989402,0.08467419203488533,3.404189736830029,3.974277592250159,0.6933333333333334,0.5925,0.8083333333333333,69.80555555555556,False,병원 원거리형,0
20250630,31580310,강상면,31580,양평군,양평군,면,37.87527443540971,9549,2673.0,1038.0,0.0,0.0,59,998305.5523930839,1941040.9813269712,True,4.4838731185045715,양평병원,양평군,26.693566201880714,참조은병원,광주시,3.2544079769072596,0.27992459943449577,0.10870248193528118,1.557744488442326,6.178657451041994,0.8666666666666667,0.8708333333333333,0.9333333333333333,89.02777777777777,True,고령 고립형,2
20250630,31580320,강하면,31580,양평군,양평군,면,41.130162037772465,4452,1893.0,696.0,0.0,1.0,84,991637.060014423,1942134.8975562332,True,11.495955415560537,양평병원,양평군,19.3195340428256,참조은병원,광주시,1.7694486169922283,0.4252021563342318,0.15633423180592992,2.0422968410106774,18.867924528301888,0.9833333333333333,0.9308333333333334,0.9016666666666666,93.8611111111111,True,고령 고립형,2
20250630,31580330,양서면,31580,양평군,양평군,면,59.59532660652076,13453,4352.0,1784.0,0.0,0.0,97,988632.4421459654,1949480.4939348754,True,16.859296040743224,양평병원,양평군,23.116299434374373,참조은병원,광주시,4.106631061030576,0.3234966178547536,0.13260982680443023,1.627644406422072,7.210287668178102,0.9183333333333333,0.9666666666666667,0.9266666666666666,93.72222222222221,True,고령 고립형,2
20250630,31580340,옥천면,31580,양평군,양평군,면,66.26828345487465,7596,2533.0,1012.0,0.0,0.0,73,996815.9691031957,1947727.2999640906,True,6.791941751774487,양평병원,양평군,28.938292893814356,참조은병원,광주시,0.15860768883292117,0.333464981569247,0.1332280147446024,1.1015827812970183,9.61032122169563,0.925,0.9175,0.9616666666666667,93.47222222222223,True,고령 고립형,2
20250630,31580350,서종면,31580,양평군,양평군,면,92.73191619945048,8900,2803.0,1027.0,0.0,0.0,142,990507.6657107364,1956040.4412380143,True,12.264336190336879,원병원,남양주시,24.367533232149018,남양주 한양병원,남양주시,3.876591014469246,0.3149438202247191,0.1153932584269663,1.531295866835991,15.95505617977528,0.91,0.9508333333333333,0.9366666666666666,93.24999999999999,True,고령 고립형,2
20250630,31580360,단월면,31580,양평군,양평군,면,107.60622904543412,3733,1576.0,673.0,0.0,0.0,75,1014147.7887805685,1951633.0504663945,True,19.467594752815792,국립교통재활병원,양평군,32.54952823395728,홍천아산병원,홍천군,1.075343437491164,0.42218055183498526,0.18028395392445754,0.6969856732767121,20.09107956067506,0.9816666666666667,0.9883333333333333,0.985,98.49999999999999,True,고령 고립형,2
20250630,31580370,청운면,31580,양평군,양평군,면,96.37340026254736,3739,1802.0,856.0,0.0,0.0,68,1020208.8203313029,1949657.1768072494,True,25.46218598105342,국립교통재활병원,양평군,28.270788510179667,홍천아산병원,홍천군,2.5443082054449193,0.48194704466434873,0.22893821877507356,0.7055888846377683,18.18668093073014,0.9983333333333333,0.9875,0.9833333333333333,98.97222222222221,True,고령 고립형,2
20250630,31580380,양동면,31580,양평군,양평군,면,120.07833943971194,4311,1881.0,808.0,0.0,0.0,109,1022163.8786277476,1936725.1806957421,True,18.45351388772922,연세메디하임병원,원주시,23.413549532504454,세종여주병원,여주시,0.6250480177132963,0.4363256784968685,0.18742751101832522,0.9077407341623501,25.28415680816516,0.9883333333333333,0.97,0.9766666666666667,97.83333333333333,True,고령 고립형,2
20250630,31580390,지평면,31580,양평군,양평군,면,77.6217346730566,6723,2723.0,1200.0,0.0,1.0,93,1011866.6449979307,1938969.7673547636,True,14.449649587805677,국립교통재활병원,양평군,21.420410600009784,세종여주병원,여주시,2.5102949213839914,0.4050275174773167,0.178491744756805,1.1981180321686546,13.833110218652388,0.975,0.9508333333333333,0.96,96.19444444444444,True,고령 고립형,2
20250630,31580400,용문면,31580,양평군,양평군,면,102.24897161683927,18087,5603.0,2546.0,0.0,0.0,128,1008812.2839712476,1945029.5180314688,True,9.546091458029583,국립교통재활병원,양평군,29.426439620155207,세종여주병원,여주시,2.698128380603395,0.3097805053353237,0.14076408470171947,1.2518463313221218,7.076906065129651,0.905,0.9458333333333333,0.9566666666666667,93.58333333333333,True,고령 고립형,2
20250630,31580410,개군면,31580,양평군,양평군,면,32.25873060399529,4846,1826.0,747.0,0.0,0.0,68,1003373.3777301,1937407.198320242,True,8.064651687679145,국립교통재활병원,양평군,21.81882100478708,세종여주병원,여주시,1.9315740837239137,0.37680561287659925,0.15414775072224515,2.1079564733888847,14.032191498142797,0.96,0.9099999999999999,0.8966666666666667,92.22222222222221,True,고령 고립형,2
